Date;Actual_Price;Predicted_Price;Actual_Return;Predicted_Return
2022-01-03;5382,71;5302,513367528915;0,01704863002274;0,00203759
2022-01-04;5393,03;5396,42503395319;0,0019154142834138992;0,0025447058
2022-01-05;5406,56;5384,951970611811;0,002505651988413299;-0,0014988916
2022-01-07;5434,91;5359,142272405625;0,0052299300038584975;-0,008809118
2022-01-10;5431,53;5436,328882954121;-0,0006220988859289;0,00026094596
2022-01-11;5479,55;5422,655518062114;0,0088021185873251;-0,0016352362
2022-01-12;5548,4;5490,245060747862;0,012486617107162798;0,0019498541
2022-01-13;5541,97;5541,289726161956;-0,0011595646890906997;-0,0012824113
2022-01-14;5493,94;5505,773411206007;-0,008704366609192197;-0,0065528266
2022-01-17;5503,15;5494,327062852382;0,0016749889567675012;7,0388574e-05
2022-01-18;5406,01;5493,36831535399;-0,017809357916415;-0,001779091
2022-01-19;5369,59;5368,9800977087025;-0,006759742136220599;-0,00687341
2022-01-20;5340,54;5354,457277480364;-0,005424784057883697;-0,0028222345
2022-01-21;5228,78;5315,328022660017;-0,0211487901881865;-0,004732024
2022-01-24;5026,64;5208,971229103803;-0,0394262124089356;-0,0037956291
2022-01-25;5076,46;5064,979433727265;0,009862399425757302;0,007598319
2022-01-26;5149,96;5057,826481797695;0,014374779371592;-0,0036772827
2022-01-27;5175,74;5139,7697978758815;0,004993376442489899;-0,0019806572
2022-01-28;5128,54;5178,274003756046;-0,0091613058112421;0,00048942503
2022-01-31;5106,59;5171,320588448048;-0,004289155809629798;0,008307099
2022-02-01;5176,84;5120,986398891211;0,013662969035282697;0,0028151644
2022-02-02;5267,56;5162,965124249458;0,0173724257219965;-0,0026838065
2022-02-03;5276,91;5255,816855063439;0,0017734418990339993;-0,0022318687
2022-02-04;5225,86;5202,844865069389;-0,009721321524802602;-0,0141351735
2022-02-07;5229,31;5203,28633223176;0,0006599605984829976;-0,004328924
2022-02-08;5258,08;5198,235637617112;0,005486602895754399;-0,005960099
2022-02-09;5244,77;5262,106013355255;-0,0025345515027314003;0,00076543575
2022-02-10;5214,65;5259,150807253122;-0,005759417493300398;0,0027381429
2022-02-11;5180,64;5171,07496009171;-0,0065433713435155;-0,00839136
2022-02-14;5014,58;5133,233601064682;-0,0325789316099714;-0,0091927275
2022-02-15;5139,59;5025,684445228577;0,024623640595552;0,0022120443
2022-02-16;5143,31;5182,538737074137;0,0007235313310999985;0,008321768
2022-02-17;5030,31;5156,094993662835;-0,0222152286484175;0,0024826773
2022-02-18;5005,57;5000,6313432222605;-0,004930320034732998;-0,0059174597
2022-02-21;4863,73;5004,36882187724;-0,028745659141823802;-0,00023996053
2022-02-22;4903,24;4880,0108344841;0,008090577839067501;0,0033418601
2022-02-23;4819,57;4897,752895882129;-0,0172114986291239;-0,001119762
2022-02-24;4253,49;4790,573091585636;-0,12494489003867489;-0,0060346117
2022-02-25;4569,02;4357,842533279657;0,0715589174710246;0,02423726
2022-02-28;4589,49;4678,639664690495;0,004470166891037502;0,02370863
2022-03-01;4456,3;4650,28922255516;-0,0294500814741693;0,013160485
2022-03-02;4447,97;4484,879769575596;-0,0018710129926566984;0,0063929684
2022-03-03;4451,4;4527,298577963114;0,0007708411201782013;0,01767762
2022-03-04;4237,7;4468,764932727813;-0,04919798420848501;0,0038934045
2022-03-07;4209,48;4263,001600039005;-0,006681544606713001;0,005952841
2022-03-08;4165,89;4187,917011201382;-0,0104091863606932;-0,0051356037
2022-03-09;4368,06;4206,480149552823;0,0473890363464918;0,009696237
2022-03-10;4340,29;4462,96260783434;-0,0063778084555627;0,021493858
2022-03-11;4387,18;4393,770832047462;0,010745485502765698;0,012246727
2022-03-14;4375,39;4412,239190952778;-0,0026909929654694;0,005695685
2022-03-15;4385,62;4377,80077573061;0,0023353482416770006;0,00055072806
2022-03-16;4562,83;4455,87632529974;0,0396120381247246;0,015892815
2022-03-17;4654,35;4605,029310905933;0,019859221117761103;0,009206083
2022-03-18;4671,82;4670,05479592681;0,003746451208571201;0,0033685467
2022-03-21;4676,65;4661,805943386555;0,001033324261568602;-0,00214578
2022-03-22;4711,99;4649,579466480016;0,0075282824579121005;-0,00580529
2022-03-23;4732,89;4686,863174110054;0,004425685474770997;-0,00534681
2022-03-24;4794,88;4666,317541707159;0,013012672372704398;-0,014165737
2022-03-25;4771,94;4756,924141998291;-0,004795751141307702;-0,007947431
2022-03-28;4761,97;4720,991798548698;-0,002091482641290498;-0,010734012
2022-03-29;4783,94;4727,157572211027;0,0046030265928370005;-0,0073373658
2022-03-30;4795,24;4765,241328573226;0,0023592844568168974;-0,003916214
2022-03-31;4778,07;4778,18463388443;-0,003587059942805;-0,0035629997
2022-04-01;4811,87;4748,349346164465;0,007049082675977099;-0,0062397122
2022-04-04;4840,1;4819,16529412508;0,005849599718475898;0,0015150256
2022-04-05;4816,33;4859,734795546532;-0,004923154418419299;0,004048527
2022-04-06;4739,74;4804,598366945982;-0,0160299453718406;-0,0024388072
2022-04-07;4701,38;4741,521511332989;-0,008126199241618604;0,00037576363
2022-04-08;4709,1;4733,570461523533;0,0016407243268863013;0,0068236925
2022-04-11;4720,27;4721,573045933247;0,0023691943841091002;0,0026452886
2022-04-12;4709,11;4713,47511574924;-0,0023670708383399007;-0,0014405911
2022-04-13;4692,24;4729,185701692104;-0,0035888501346958016;0,0042540147
2022-04-14;4671,29;4717,396034173965;-0,004474815578849;0,005346918
2022-04-19;4666,22;4645,07325491488;-0,001085942718828001;-0,005628098
2022-04-20;4644,34;4690,7959804034235;-0,004700048177175998;0,005252929
2022-04-21;4631,39;4622,920447921753;-0,0027922348782904996;-0,0046226494
2022-04-22;4562,64;4578,550542530418;-0,014955635655719498;-0,011474607
2022-04-25;4476,76;4504,118103303909;-0,019001832873774;-0,012909389
2022-04-26;4444,09;4469,731281101704;-0,007324446898053199;-0,0015712989
2022-04-27;4321,17;4357,0264787817005;-0,028048924676890897;-0,019785225
2022-04-28;4359,89;4298,305208512545;0,008920628764253499;-0,0053053545
2022-04-29;4370,19;4376,848576537371;0,0023596587383369005;0,0038820847
2022-05-02;4321,64;4301,637483118772;-0,011171526578663101;-0,015810736
2022-05-04;4329,37;4301,822585015298;0,0017870750484009982;-0,004596146
2022-05-05;4261,04;4361,1711189293865;-0,0159087729515103;0,0073185805
2022-05-06;4218,78;4186,690292000771;-0,009967275216913297;-0,01760277
2022-05-09;4153,84;4161,025929522514;-0,0155127791043713;-0,013784358
2022-05-10;4144,59;4089,0560826683045;-0,0022293382798919017;-0,015719058
2022-05-11;4129,85;4084,803138256073;-0,0035627826394891986;-0,0145303635
2022-05-12;4073,54;4039,7285136222845;-0,013728686414945502;-0,022063576
2022-05-13;4223,0;4034,496482520103;0,03603337566597439;-0,009630875
2022-05-16;4271,42;4211,709025919437;0,011400548698544196;-0,0026773217
2022-05-17;4326,88;4260,429579505921;0,0129004033675295;-0,0025763188
2022-05-18;4321,62;4337,254371700287;-0,0012163960567881976;0,0023947998
2022-05-19;4256,57;4270,1357615304;-0,015166660317950699;-0,0119847795
2022-05-20;4254,54;4232,499136350751;-0,00047702357001459827;-0,0056710043
2022-05-23;4351,23;4238,274715247154;0,022471915679471006;-0,0038303302
2022-05-24;4317,09;4366,299476838111;-0,007876999585589902;0,0034572997
2022-05-25;4299,98;4321,712471616268;-0,003971192641098497;0,0010701427
2022-05-26;4324,49;4312,247997424602;0,0056838428297881;0,00284896
2022-05-27;4320,02;4348,273486622572;-0,0010341824807654015;0,0054846616
2022-05-30;4370,43;4354,547785887718;0,011601370561120998;0,007960756
2022-05-31;4349,02;4374,971520870924;-0,004910870072790398;0,0010386731
2022-06-01;4335,94;4346,531470794678;-0,0030121059600348;-0,00057237106
2022-06-02;4320,48;4321,546839032173;-0,0035719192084798985;-0,0033250332
2022-06-03;4289,17;4330,640220737457;-0,007273266166647799;0,0023488635
2022-06-06;4320,58;4259,478291685581;0,007296411475210701;-0,00694654
2022-06-07;4306,65;4307,7464176154135;-0,0032293127934929985;-0,002974772
2022-06-08;4227,18;4312,4179668366905;-0,0186252356393344;0,001338376
2022-06-09;4183,95;4202,273293347359;-0,010279327666073302;-0,005909407
2022-06-10;4123,58;4134,693644455075;-0,0145340583070324;-0,011842568
2022-06-13;3995,49;4064,1537269186974;-0,0315554930837963;-0,014516165
2022-06-14;3979,86;3910,306926024556;-0,003919582215317099;-0,021550348
2022-06-15;3992,63;3940,5776246309283;0,0032035188306396016;-0,009919293
2022-06-17;3940,71;3986,7231159716844;-0,0130892515079942;-0,0014805471
2022-06-20;4026,3;3897,5621651279926;0,0214869299688236;-0,0110096
2022-06-21;4105,67;3980,3702446997167;0,019521105087186102;-0,011472951
2022-06-22;4025,87;4093,1771970522404;-0,0196279085949137;-0,0030475173
2022-06-23;3967,27;3988,867843034863;-0,014662835858455198;-0,009233583
2022-06-24;4026,24;3933,7518831592797;0,014754737235922797;-0,008484601
2022-06-27;4085,99;3998,8577447891234;0,014731111051660297;-0,006824256
2022-06-28;4107,75;4039,9628662902114;0,005311384338669902;-0,011328564
2022-06-29;4172,25;4040,6954009234905;0,015580025291571903;-0,016458672
2022-06-30;4069,37;4153,226555585861;-0,024967262323049896;-0,004569882
2022-07-01;4066,98;4052,4147929435967;-0,0005874870350317003;-0,004175263
2022-07-04;4060,21;4069,6169457507135;-0,0016660128693682006;0,00064815563
2022-07-05;3954,91;4056,189531483054;-0,0262768514582867;-0,0009907531
2022-07-06;3910,49;3966,1124088513848;-0,0112951591171262;0,0028284967
2022-07-07;4049,4;3903,6531986689565;0,03490603615676661;-0,0017498494
2022-07-08;4031,42;4059,6671013593673;-0,004450050779849801;0,0025323115
2022-07-11;4033,67;4035,5433996868132;0,0005579603100207023;0,0010222265
2022-07-12;3948,04;4028,4789737313986;-0,0214573782932805;-0,0012877535
2022-07-13;3933,37;3941,1544922733306;-0,0037226884382113015;-0,0017455816
2022-07-14;3892,34;3928,985604378581;-0,010486045601265702;-0,0011152979
2022-07-15;3913,3;3894,20436439991;0,005370488615307498;0,000478847
2022-07-18;3981,08;3927,0487384796143;0,0171721314616734;0,0035071382
2022-07-19;4011,17;3968,9598947834966;0,007529830065614803;-0,0030490526
2022-07-20;4053,8;4034,0848016858104;0,010571743486439304;0,005696498
2022-07-21;4031,73;4059,4313194513325;-0,0054591485805817;0,0013882283
2022-07-22;4072,11;4035,1746011674404;0,009965728394667302;0,00085395965
2022-07-25;4057,52;4048,437600454688;-0,003589343097790301;-0,005830294
2022-07-26;3976,37;4039,5178738594054;-0,0202026067232538;-0,00444654
2022-07-27;3955,55;3940,398262853026;-0,0052496867883713;-0,009087599
2022-07-28;3980,3;3954,499884194136;0,006237537313676698;-0,0002654362
2022-07-29;4151,32;3974,6357907235624;0,0420691626174228;-0,0014241008
2022-08-01;4136,22;4153,122832932472;-0,0036440286766241023;0,00043424417
2022-08-02;4105,73;4123,8043501567845;-0,0073987682743992976;-0,003006255
2022-08-03;4197,7;4085,373163423538;0,0221531972371557;-0,004970402
2022-08-04;4127,62;4197,536868023873;-0,0168357865651872;-3,889873e-05
2022-08-05;4124,32;4111,7543189144135;-0,0007998119656510994;-0,0038511946
2022-08-08;4188,73;4111,5349446868895;0,015496427651072097;-0,003104697
2022-08-09;4181,2;4176,494282236099;-0,0017992986874479982;-0,0029253832
2022-08-10;4181,55;4173,493153476715;8,370452308266427e-05;-0,001844858
2022-08-11;4220,12;4196,688825595379;0,009181572463084098;0,0036138268
2022-08-12;4228,93;4217,719314136505;0,002085442314329202;-0,0005690005
2022-08-16;4279,46;4239,168330289126;0,011877827432615104;0,0024181076
2022-08-17;4214,11;4278,219311828613;-0,015388414903577;-0,00028992465
2022-08-18;4208,13;4198,629241600036;-0,0014200500116143978;-0,0036802497
2022-08-19;4125,86;4197,373157912493;-0,0197438855891517;-0,0025594987
2022-08-22;4040,22;4098,582015206814;-0,0209753369692239;-0,0066333874
2022-08-23;4024,53;4003,196244481802;-0,0038910120699368;-0,009206092
2022-08-24;3969,82;4002,803047195673;-0,013687380245192098;-0,0054133325
2022-08-25;4006,49;3959,4932059562207;0,009194792667952197;-0,0026047698
2022-08-26;3959,61;4015,866455745697;-0,011770010720829099;0,002337552
2022-08-29;3860,98;3914,7681179863216;-0,0252244983044502;-0,011389444
2022-08-30;3795,81;3830,208544368744;-0,0170232104555381;-0,008001879
2022-08-31;3838,57;3760,8893143469095;0,011202074601789595;-0,009242323
2022-09-01;3777,8;3814,0070832747224;-0,0159580717941722;-0,006419536
2022-09-02;3858,81;3778,220175480843;0,021217016174537702;0,00011126087
2022-09-05;3869,16;3816,6166397863626;0,0026785834283186987;-0,010994536
2022-09-06;3841,04;3865,6234437203407;-0,0072942659541963;-0,0009144352
2022-09-07;3872,58;3823,4197964143755;0,008177788320608698;-0,004597894
2022-09-08;3915,93;3887,133437769413;0,011131897540602396;0,0037509622
2022-09-09;3993,46;3913,2868921494482;0,0196051739232407;-0,0006752608
2022-09-12;3995,05;3997,6740612506865;0,0003980717357795007;0,001054656
2022-09-13;3901,79;3988,462074249983;-0,023620672586412005;-0,001650401
2022-09-14;3903,37;3845,767928786278;0,000404860379949001;-0,014462127
2022-09-15;3909,41;3889,601474087834;0,0015461848927815977;-0,0035335724
2022-09-16;3775,03;3882,8779912674427;-0,034978137781514;-0,0068098465
2022-09-19;3822,31;3753,572886028886;0,012446622206439897;-0,005700093
2022-09-20;3768,31;3807,6267499786613;-0,0142283268035292;-0,0038487948
2022-09-21;3752,25;3739,546375158429;-0,004270965037901801;-0,007662345
2022-09-22;3777,52;3705,7192995250225;0,006712049603403697;-0,012478255
2022-09-23;3678,0;3759,3056396484376;-0,026698583475561304;-0,0048334547
2022-09-26;3597,78;3657,465330719948;-0,0220521376038249;-0,005598823
2022-09-27;3627,95;3581,5021690142157;0,008350761881711898;-0,0045346767
2022-09-28;3612,9;3613,2857195079323;-0,004156976507609601;-0,004050252
2022-09-29;3503,5;3637,3757526040076;-0,0307483051239553;0,0067516644
2022-09-30;3552,54;3495,089369416237;0,013900371773561604;-0,0024036178
2022-10-03;3600,8;3543,293181620836;0,013493202394572601;-0,002606223
2022-10-04;3713,81;3638,7644817352298;0,0309022608439563;0,010488144
2022-10-05;3626,24;3748,1531691086293;-0,023862005060637;0,009204927
2022-10-06;3667,1;3638,164917297363;0,011204860185616295;0,0032831507
2022-10-07;3633,99;3645,539207184315;-0,0090699407839911;-0,005896827
2022-10-10;3561,67;3587,692259507775;-0,0201016821875306;-0,012821998
2022-10-11;3593,37;3523,994737713933;0,0088609448483129;-0,010634321
2022-10-12;3584,05;3563,9830072939394;-0,0025970349340842013;-0,008211686
2022-10-13;3581,95;3554,705047160387;-0,0005861010494321014;-0,008221318
2022-10-14;3597,96;3581,530684316158;0,004459673320365602;-0,00011709821
2022-10-17;3632,98;3544,916883165836;0,009686229952539399;-0,0148522835
2022-10-18;3637,54;3626,3923446011545;0,0012543808690215024;-0,0018148911
2022-10-19;3579,61;3628,3668046462535;-0,0160537730698345;-0,002524964
2022-10-20;3621,09;3555,3657461082935;0,0115212295561626;-0,0067959577
2022-10-21;3558,81;3596,7780509984495;-0,0173488661665901;-0,006736659
2022-10-24;3591,31;3566,979227285385;0,009090819125962104;0,00229281
2022-10-25;3620,91;3588,9876765471695;0,008208337015762499;-0,0006468918
2022-10-26;3711,38;3626,009898773432;0,024678399649326895;0,0014074073
2022-10-27;3734,09;3698,2809461808206;0,0061003725563283;-0,0035356232
2022-10-28;3747,1;3725,9310616385937;0,003478059804670803;-0,002187356
2022-10-31;3824,04;3768,038106226921;0,020325247912980998;0,0055722664
2022-11-02;3832,98;3820,011783463955;0,0023351131542821996;-0,0010538831
2022-11-03;3799,19;3803,1737495040893;-0,0088546824235447;-0,0078066033
2022-11-04;3937,51;3785,994342288971;0,0357606577148359;-0,0034793653
2022-11-07;3934,24;3944,3480410289767;-0,0008308191159770017;0,0017351873
2022-11-08;3931,29;3947,741044139862;-0,0007501084194761002;0,003425819
2022-11-09;3934,35;3935,8808590364456;0,0007780676853693001;0,0011670331
2022-11-10;3958,49;3917,5591692477465;0,006116955435755299;-0,0042768903
2022-11-14;4013,7;3998,968619599342;0,013850869748808402;0,010173754
2022-11-15;4007,62;4014,6267970204353;-0,0015159602570122021;0,0002308835
2022-11-16;3965,01;4013,088275370598;-0,010689171756807198;0,0013634999
2022-11-17;3939,24;3958,77766212523;-0,006520565849224399;-0,001573107
2022-11-18;3972,77;3931,5255097389218;0,008475773091576698;-0,001960333
2022-11-21;3913,54;3970,5429379028083;-0,015021249153789;-0,00056068855
2022-11-22;3979,74;3908,8912585961816;0,016774155289012903;-0,0011885642
2022-11-23;3982,71;3991,367133836746;0,000746001579347598;0,0029173752
2022-11-24;4016,9;3991,708904864788;0,008547968758977204;0,002256849
2022-11-25;4059,51;4016,9378292918204;0,010551815807258298;9,317381e-06
2022-11-28;4070,32;4061,4481448686124;0,0026593437675304006;0,0004772408
2022-11-29;4087,13;4056,4417388343813;0,004121391806107699;-0,0034155424
2022-11-30;4108,81;4083,051692649722;0,0052904366225872005;-0,0009983777
2022-12-01;4150,31;4133,965085941553;0,010049581376859799;0,0061035515
2022-12-02;4170,01;4147,546543118358;0,004735403641397799;-0,0006661008
2022-12-05;4143,76;4169,712483298183;-0,006314845667244303;-7,138822e-05
2022-12-06;4049,0;4119,968203239441;-0,0231336511721011;-0,0057581565
2022-12-07;4061,8;4027,9441195726395;0,0031562880668481006;-0,005213836
2022-12-08;4040,17;4053,8476708054545;-0,005339454821197802;-0,0019597874
2022-12-09;4045,72;4043,106954100132;0,0013727619029121022;0,0007266714
2022-12-12;4082,33;4025,942358016968;0,009008371645624198;-0,0049004764
2022-12-13;4144,54;4088,742608910799;0,015123901503815202;0,0015696338
2022-12-14;4145,72;4140,096108351946;0,0002846714115043006;-0,001072803
2022-12-15;4055,73;4131,651124198437;-0,0219457807337365;-0,0033993823
2022-12-16;4036,25;4028,2873941868543;-0,004814652935446002;-0,006789345
2022-12-19;4050,78;4007,6314144581556;0,0035934120771199;-0,0071156523
2022-12-20;4102,04;4019,7559686863424;0,012574955775986203;-0,007688246
2022-12-21;4139,11;4097,732143275738;0,008996377937738902;-0,0010507825
2022-12-22;4119,27;4148,827420618533;-0,0048048256847992;0,0023450076
2022-12-23;4099,89;4106,022802516222;-0,004715819114335399;-0,0032211181
2022-12-27;4069,05;4103,530172567368;-0,007550587106545197;0,0008875454
2022-12-28;4069,27;4057,1680030971766;5,4065212489459186e-05;-0,0029243522
2022-12-29;4128,48;4053,9157798433303;0,014445678301139298;-0,0037803552
2022-12-30;4154,32;4146,283148689269;0,006239456181717201;0,0043029645
2023-01-02;4198,67;4156,878871679306;0,010619051802320496;0,0006158243
2023-01-03;4303,33;4198,529854269028;0,024621333123623107;-3,3335647e-05
2023-01-04;4389,26;4299,633600750565;0,019771506361340896;-0,00085932796
2023-01-05;4397,18;4393,145061204434;0,0018027784051349012;0,0008846848
2023-01-09;4448,1;4388,026948794127;0,011513612346674503;-0,0020837735
2023-01-10;4448,73;4465,362446343899;0,00014162347736259933;0,0038733392
2023-01-11;4394,24;4462,371677116155;-0,012324069780235;0,003061729
2023-01-12;4427,26;4405,727160797119;0,007486290135634299;0,0026107184
2023-01-13;4407,17;4430,0920166063315;-0,004548122432533701;0,0006394237
2023-01-16;4413,34;4414,389711558819;0,0013990123034484003;0,0016367971
2023-01-17;4345,24;4412,481912753582;-0,0155507793183835;-0,00019451778
2023-01-18;4328,56;4334,085539312362;-0,0038460699027477027;-0,0025703849
2023-01-19;4312,67;4297,524647593498;-0,0036777213221242983;-0,0071957307
2023-01-20;4355,86;4303,014236897826;0,0099648631062584;-0,0022414923
2023-01-23;4390,0;4372,610256047248;0,0078071621104473035;0,0038381391
2023-01-24;4380,85;4400,721960067749;-0,0020864575997525006;0,0024393727
2023-01-25;4305,16;4374,352575722337;-0,0174284662123287;-0,0014842312
2023-01-26;4339,21;4296,294722967148;0,007878000618501699;-0,0020613438
2023-01-27;4342,89;4349,444786159992;0,0008477212242152987;0,0023559127
2023-01-30;4270,71;4342,5185410434015;-0,0167599353529581;-8,547591e-05
2023-01-31;4412,0;4246,716743803025;0,0325480116264981;-0,0056339987
2023-02-01;4374,2;4428,198776721954;-0,008604455444941098;0,0036648763
2023-02-02;4421,3;4385,722376227379;0,010710124546234703;0,002630748
2023-02-03;4434,36;4432,358773589134;0,002949528204151801;0,0024980605
2023-02-06;4366,51;4416,981190624237;-0,015419235663926402;-0,003926888
2023-02-07;4376,62;4350,2174562311175;0,0023126739522521017;-0,003738193
2023-02-08;4403,59;4388,8353525424;0,006143380357216702;0,0027871062
2023-02-09;4472,59;4384,628585591912;0,015547541829757296;-0,0043152836
2023-02-10;4390,55;4452,28805649221;-0,0185131551943576;-0,0045494842
2023-02-13;4381,81;4392,432126069069;-0,0019926229411197003;0,00042863746
2023-02-14;4393,59;4396,743012042046;0,0026847795145274007;0,003402097
2023-02-15;4409,48;4392,963063179254;0,003610108123121098;-0,00014274292
2023-02-16;4451,18;4409,13070492506;0,009412460892339;-7,924744e-05
2023-02-17;4441,12;4423,079850456715;-0,0022626326803757988;-0,006332976
2023-02-20;4438,0;4430,479926080704;-0,0007027723757334009;-0,0023986683
2023-02-21;4373,65;4428,9611666202545;-0,0146059237473551;-0,0020387096
2023-02-22;4329,62;4336,284541067481;-0,010118122415008902;-0,008579959
2023-02-23;4373,67;4316,971179440022;0,010122695244172702;-0,002925683
2023-02-24;4365,76;4374,517767283916;-0,0018101871998384986;0,00019374174
2023-02-27;4367,48;4348,480639629364;0,0003938973444535982;-0,0039657257
2023-02-28;4421,49;4356,176554358005;0,012290559618367204;-0,002591383
2023-03-01;4462,97;4404,293927510977;0,009337720333429698;-0,0038968008
2023-03-02;4405,61;4445,788438450694;-0,012935734886677002;-0,0038571777
2023-03-03;4454,68;4401,220990194082;0,011076500135808603;-0,0009967906
2023-03-06;4562,43;4460,875634789467;0,023900147387405;0,0013898482
2023-03-07;4586,61;4560,5995582669975;0,005285812784445899;-0,0004013199
2023-03-08;4601,93;4567,054622045159;0,003334591609960701;-0,0042727455
2023-03-09;4636,65;4596,967978070975;0,0075163420049101;-0,0010788215
2023-03-10;4573,09;4605,083765986561;-0,013802997507474001;-0,0068313214
2023-03-13;4490,73;4550,601273779869;-0,0181738531591766;-0,004929789
2023-03-14;4519,9;4494,090844008922;0,006474597647771599;0,0007482011
2023-03-15;4388,34;4530,967779767513;-0,0295388462469453;0,0024456885
2023-03-16;4424,95;4389,127311995029;0,0083079555023733;0,00017935135
2023-03-17;4416,11;4426,5968398451805;-0,0019997608761758976;0,00037212583
2023-03-20;4402,71;4383,8844200778;-0,003038957663884499;-0,0073240334
2023-03-21;4428,26;4390,666143888831;0,005786469955474198;-0,002739249
2023-03-22;4403,0;4428,211698089838;-0,005720603602822502;-1,0895152e-05
2023-03-23;4412,03;4363,947727262974;0,002048774231874299;-0,008909032
2023-03-24;4365,1;4405,389555630088;-0,010693802468898802;-0,0015062218
2023-03-27;4378,61;4374,472212421894;0,003090223886914;0,00214466
2023-03-28;4407,69;4369,715875361561;0,006619420275304002;-0,0020333976
2023-03-29;4408,75;4404,422566325068;0,00024045986931410122;-0,0007416197
2023-03-30;4501,68;4423,227710276842;0,0208594578699337;0,0032783838
2023-03-31;4504,04;4514,271232995987;0,0005241113545662987;0,0027931656
2023-04-03;4498,96;4523,637704410553;-0,0011285128377501005;0,0043416526
2023-04-04;4505,95;4501,115997657776;0,0015524866775903999;0,00047907335
2023-04-05;4471,26;4489,58032028079;-0,007728497532832696;-0,003639533
2023-04-06;4474,1;4459,742063133717;0,0006349660819508017;-0,002579324
2023-04-11;4553,06;4467,427204573155;0,017494320208544894;-0,0014924722
2023-04-12;4547,61;4545,0742684245115;-0,0011977141576414011;-0,0017554152
2023-04-13;4581,97;4531,267601206899;0,007527216418151498;-0,0036001985
2023-04-14;4588,54;4590,924076076746;0,0014328540340843004;0,0019522593
2023-04-17;4638,05;4575,015509226322;0,010732128599348306;-0,0029517913
2023-04-18;4660,99;4635,754364824295;0,0049338526418844985;-0,0004950797
2023-04-19;4632,02;4653,363099418282;-0,006234813875290699;-0,0016375978
2023-04-20;4624,93;4624,902954385281;-0,0015318223359482997;-0,0015376041
2023-04-21;4584,24;4612,567423826456;-0,008836901651863903;-0,0026765852
2023-04-24;4590,76;4573,466068067551;0,0014212536452344006;-0,0023528957
2023-04-25;4579,22;4587,456183905601;-0,0025169097625074017;-0,00071994273
2023-04-26;4543,14;4552,092216951847;-0,007910275002149698;-0,0059417547
2023-04-27;4618,28;4532,235467051268;0,016403938459168405;-0,0024031461
2023-04-28;4600,36;4642,296838874817;-0,0038877801002056016;0,005186881
2023-05-02;4580,51;4601,813823370933;-0,004324215663872602;0,0003159441
2023-05-04;4528,92;4559,047377588749;-0,011326845163927401;-0,0046966877
2023-05-05;4562,18;4489,366897437572;0,007317078988002998;-0,008771804
2023-05-08;4635,88;4570,596688165665;0,016025461296814904;0,0018432174
2023-05-09;4660,33;4639,014573860169;0,005260220321492497;0,0006759601
2023-05-10;4692,15;4651,926958468556;0,006804638508781602;-0,0018048066
2023-05-11;4654,32;4699,84047383666;-0,008095079015726401;0,0016377406
2023-05-12;4671,81;4649,738146305084;0,0037507563167912014;-0,0009848273
2023-05-15;4669,14;4663,246192706823;-0,0005716763439942022;-0,0018347627
2023-05-16;4672,59;4665,8462907278545;0,0007386212525621019;-0,00070568325
2023-05-17;4652,64;4656,769627754688;-0,0042787213690464974;-0,0033915802
2023-05-18;4644,45;4652,3898583030705;-0,0017618420642458985;-5,3700893e-05
2023-05-19;4674,52;4640,375604397058;0,006453525306519098;-0,00087766704
2023-05-22;4758,59;4661,604704632759;0,017824922202027804;-0,0027667072
2023-05-23;4760,99;4754,09354914248;0,0005042239365283024;-0,00094537303
2023-05-24;4652,1;4740,644883321524;-0,023136899255023997;-0,004282369
2023-05-25;4643,41;4636,133273327351;-0,0018697204417145986;-0,003438062
2023-05-26;4685,19;4640,369417923689;0,0089574597163406;-0,0006550292
2023-05-29;4672,74;4685,401119868755;-0,0026608464362538986;4,496474e-05
2023-05-30;4635,57;4661,420233250856;-0,007986454591445202;-0,0024254285
2023-05-31;4549,84;4622,6357740330695;-0,0186671012936058;-0,0027941053
2023-06-01;4610,96;4534,120921463967;0,013344010769715203;-0,003460816
2023-06-02;4721,63;4604,889177794456;0,023718000685620907;-0,0013174805
2023-06-05;4709,96;4735,080154123307;-0,002474663541470698;0,002844567
2023-06-06;4744,19;4701,324576244354;0,0072412960603777995;-0,0018351254
2023-06-07;4711,76;4739,310704266429;-0,006859200217601801;-0,001029062
2023-06-09;4724,97;4698,601392335892;0,002799700453162401;-0,0027965978
2023-06-12;4689,79;4725,9528892529015;-0,007473406382895897;0,00020796033
2023-06-13;4616,1;4687,194813148975;-0,0158376125869994;-0,00055352476
2023-06-14;4691,4;4603,102889406681;0,016180852627081;-0,0028195346
2023-06-15;4716,97;4684,359495234489;0,005435598930953702;-0,0015018886
2023-06-16;4722,38;4726,636051185132;0,0011462654933572004;0,0020472
2023-06-19;4743,0;4700,439807189703;0,0043569370947475015;-0,004656786
2023-06-20;4728,91;4733,084693491459;-0,0029751149225257013;-0,002092696
2023-06-21;4747,7;4710,4512248325345;0,003965558279541699;-0,0039110193
2023-06-22;4785,09;4729,338803076744;0,007844543253003402;-0,0038748703
2023-06-23;4742,8;4782,857062806487;-0,008877154903685701;-0,00046668338
2023-06-26;4765,37;4724,72037498951;0,0047475050176254;-0,0038192477
2023-06-27;4751,48;4750,9553460949655;-0,0029190351561253977;-0,0030294263
2023-06-28;4798,95;4760,602203040123;0,0099409955212958;0,0019181228
2023-06-29;4848,04;4792,7426522523165;0,010177355573483603;-0,0012943473
2023-06-30;4852,03;4857,839982819557;0,0008226745219432991;0,0020194117
2023-07-03;4870,1;4864,229183074236;0,0037172966845834005;0,0025110163
2023-07-04;4883,44;4873,655356550217;0,0027354187952399016;0,00072981836
2023-07-05;4860,49;4884,757408647537;-0,004710633684456298;0,00026972964
2023-07-06;4895,11;4850,442644485831;0,0070974917647280995;-0,002069293
2023-07-07;4916,57;4886,511208233237;0,004374385267393099;-0,0017581531
2023-07-10;4987,16;4905,888312615156;0,014255476558717995;-0,0021749998
2023-07-11;5000,64;4983,861329081058;0,002699294776591902;-0,0006617076
2023-07-12;5116,85;5001,146704330445;0,022973111099288204;0,00010133186
2023-07-13;5087,0;5121,2284081101425;-0,0058507495014598005;0,0008552877
2023-07-14;5166,67;5091,035103082657;0,015540114577545604;0,00079290755
2023-07-17;5256,51;5166,568374015093;0,017238928020309807;-1,9725181e-05
2023-07-18;5301,39;5262,681001253129;0,008501741885305697;0,0011733215
2023-07-19;5303,11;5308,527524921895;0,00032439059174530025;0,0013454307
2023-07-20;5331,39;5301,830467729568;0,005318551255436498;-0,00024130495
2023-07-21;5324,51;5317,756790903807;-0,0012913035888124013;-0,002560445
2023-07-24;5328,78;5318,005276155472;0,0008016303374189995;-0,0012224363
2023-07-25;5346,03;5332,735639965534;0,0032319104536825;0,00074205716
2023-07-26;5289,79;5349,552337414026;-0,010575681833553502;0,00065872545
2023-07-27;5281,26;5288,872803779244;-0,0016138419270280016;-0,0001733917
2023-07-28;5271,07;5260,6694265782835;-0,0019313276153065978;-0,003906441
2023-07-31;5350,36;5280,7945072507855;0,014930470366317606;0,001843272
2023-08-01;5333,63;5351,78040869236;-0,0031317913390310013;0,00026545097
2023-08-02;5264,91;5327,4651063156125;-0,012968005601918202;-0,0011564293
2023-08-03;5258,65;5247,143785704374;-0,0011897116067897976;-0,0033801268
2023-08-04;5284,68;5250,2184649348255;0,0049377289503021015;-0,0016046774
2023-08-07;5212,34;5266,1786607742315;-0,0137831775560927;-0,0035071587
2023-08-08;5161,03;5222,032584474087;-0,009892719233492902;0,0018577578
2023-08-09;5183,6;5148,480279004573;0,004363623602455197;-0,0024345203
2023-08-10;5201,74;5153,468955659867;0,003493389421632202;-0,005829729
2023-08-11;5286,38;5184,046498492956;0,016140516603577498;-0,003407296
2023-08-14;5299,64;5279,27402712822;0,0025051921184666014;-0,001345056
2023-08-16;5229,4;5292,5806431484225;-0,0133423449804721;-0,0013328717
2023-08-17;5224,3;5181,052127933502;-0,0009757311582732997;-0,00928841
2023-08-18;5219,45;5183,662650001049;-0,0009287852253550982;-0,0078090033
2023-08-21;5254,37;5196,983041200042;0,006668078960310698;-0,004313743
2023-08-22;5252,82;5240,3656259179115;-0,0002950360679198017;-0,0026688052
2023-08-23;5225,3;5225,2609745907785;-0,0052528627805225984;-0,0052603586
2023-08-24;5207,55;5222,309125000239;-0,003402716827425002;-0,0005726383
2023-08-25;5165,6;5163,9436545342205;-0,008088233313021099;-0,008408898
2023-08-28;5201,8;5153,822756052017;0,006983457205994602;-0,0022824954
2023-08-29;5203,63;5185,184343266487;0,0003517394319823987;-0,003199253
2023-08-30;5200,38;5204,067946650982;-0,000624759127627198;8,412993e-05
2023-08-31;5190,71;5192,846566829681;-0,0018612104777247023;-0,0014497511
2023-09-01;5181,0;5165,661441746354;-0,0018724015300942002;-0,004837292
2023-09-04;5153,27;5172,669496536255;-0,0053666231970825005;-0,0016092424
2023-09-05;5124,42;5137,873663757444;-0,0056141167470946;-0,0029921483
2023-09-06;5055,69;5105,423512294293;-0,0135030062147938;-0,0037139037
2023-09-07;5019,82;5022,770128290653;-0,0071202651866100015;-0,0065327557
2023-09-08;5092,23;5007,970600703954;0,014321772080386302;-0,0023633237
2023-09-11;5072,97;5112,854829111099;-0,003789403660945098;0,0040420587
2023-09-12;5039,67;5095,467729055882;-0,0065858411573695005;0,004425003
2023-09-13;5072,82;5037,861065028906;0,0065562722425759985;-0,00035897776
2023-09-14;5100,86;5081,422245390415;0,0055122769735320015;0,001694225
2023-09-15;5091,91;5103,165192978382;-0,0017561472102655001;0,0004518606
2023-09-18;5038,9;5040,202148196101;-0,010465201460824499;-0,010206763
2023-09-19;5033,34;5020,229849916696;-0,0011040246389567025;-0,003712033
2023-09-20;5066,88;5004,773905674219;0,006641463905673998;-0,0056915195
2023-09-21;5031,43;5024,5521489715575;-0,007021005618585198;-0,008388936
2023-09-22;5024,08;4978,791549350023;-0,001461885336294101;-0,010517077
2023-09-25;4967,08;4984,649100980759;-0,011410210308899002;-0,007879433
2023-09-26;4949,21;4941,90889046669;-0,0036041744128860985;-0,005080461
2023-09-27;4892,13;4895,13076089263;-0,0116001764140044;-0,010986963
2023-09-28;4869,81;4846,839087857008;-0,0045728695105067985;-0,009301003
2023-09-29;4936,38;4844,349264800549;0,0135773470934504;-0,0052419407
2023-10-02;4883,45;4909,886836416721;-0,010780331758582699;-0,0053813015
2023-10-03;4823,34;4869,531895518303;-0,012385303150234698;-0,0028541512
2023-10-04;4881,57;4785,108831220866;0,012000255290992495;-0,0079578785
2023-10-05;4825,79;4885,1622445786;-0,0114924374768167;0,0007356405
2023-10-06;4816,57;4807,468802129626;-0,001912395473720499;-0,0038037146
2023-10-09;4893,11;4817,826879774332;0,015766036664942897;0,0002609187
2023-10-10;5004,62;4904,763250644207;0,0225333926591483;0,0023787678
2023-10-11;5027,27;5002,736840955019;0,004515607425411001;-0,00037637603
2023-10-12;5027,93;5032,876426101923;0,00013127536020109799;0,0011145792
2023-10-13;5049,72;5010,721017032266;0,0043244276110594;-0,0034285693
2023-10-16;5187,06;5038,8302987766265;0,026834266476796993;-0,0021587987
2023-10-17;5289,51;5205,822464711667;0,019558551298413204;0,0036106445
2023-10-18;5225,56;5287,78983578682;-0,012163644839443398;-0,00032527203
2023-10-19;5136,98;5200,273810501099;-0,0170966109867191;-0,004850687
2023-10-20;5045,24;5110,841660262346;-0,0180201336272129;-0,005101189
2023-10-23;5035,45;5016,53930820465;-0,0019423279711692975;-0,0057048462
2023-10-24;5093,13;5016,726903039217;0,011389676251194995;-0,0037252016
2023-10-25;5153,16;5088,657744820118;0,011717545930496502;-0,00087848783
2023-10-26;5149,61;5110,967106800079;-0,0006891350851262998;-0,008221528
2023-10-27;5106,49;5117,681110187173;-0,0084087039071401;-0,0062195105
2023-10-30;5168,7;5066,600112432838;0,012108926478689995;-0,007842278
2023-10-31;5167,24;5164,601939427853;-0,0002825093817709024;-0,0007931845
2023-11-02;5172,88;5150,658045380115;0,0010908965387879002;-0,0032141316
2023-11-03;5244,41;5186,615381259919;0,013733154055761705;0,0026518088
2023-11-06;5291,48;5247,864132705927;0,008935232460784098;0,00065848004
2023-11-07;5251,87;5286,602073311806;-0,007513776238941397;-0,0009222344
2023-11-08;5231,84;5252,744622153044;-0,0038211710114218994;0,00016659718
2023-11-09;5280,98;5227,01143901825;0,0093486539085696;-0,0009233907
2023-11-10;5231,07;5262,423308953046;-0,009495840494594;-0,0035200275
2023-11-13;5178,99;5262,683003450632;-0,010005789496304204;0,0060250848
2023-11-14;5361,49;5177,664477156401;0,03463186496144159;-0,00025592986
2023-11-15;5333,29;5395,339462496042;-0,005273612987981998;0,006293689
2023-11-16;5370,37;5332,874519265294;0,0069284989120620005;-7,796575e-05
2023-11-17;5395,8;5375,275197017193;0,004724065715662001;0,0009128847
2023-11-20;5451,25;5395,539492058754;0,0102240670084514;-4,826325e-05
2023-11-21;5494,9;5469,717142879963;0,0079754491530058;0,0033820043
2023-11-22;5507,22;5495,401107990741;0,0022395693101731977;9,1132875e-05
2023-11-23;5534,84;5516,82542390585;0,0050027001490314995;0,0017427057
2023-11-24;5520,78;5537,088613204956;-0,002543504132738799;0,00040614244
2023-11-27;5512,11;5528,846678102016;-0,0015716646834453027;0,0014600765
2023-11-28;5609,78;5514,137137202024;0,0175640131085095;0,0003676808
2023-11-29;5571,54;5616,97829463005;-0,006840006205039402;0,0012823389
2023-11-30;5538,33;5562,696784375906;-0,005978485601852902;-0,0015884764
2023-12-01;5644,39;5534,929204798937;0,018969120259923;-0,0006142578
2023-12-04;5687,28;5650,885826370716;0,0075699706778402;0,0011501011
2023-12-05;5728,67;5671,578400740623;0,007251289881469498;-0,0027647165
2023-12-06;5729,44;5720,988620662689;0,00013440261983149968;-0,0013417454
2023-12-07;5677,61;5705,3945564746855;-0,009087425176867099;-0,0042056693
2023-12-08;5737,44;5687,423945889473;0,010482748280963697;0,001727069
2023-12-11;5768,84;5743,251575374603;0,005457902631791101;0,0010124311
2023-12-12;5736,2;5768,496838040352;-0,0056740502544858;-5,944941e-05
2023-12-13;5718,92;5736,31898264885;-0,0030169938171298;2,074079e-05
2023-12-14;5759,15;5736,387757253647;0,007009917998094701;0,003049804
2023-12-15;5759,63;5753,926085335016;8,334215954788933e-05;-0,0009074786
2023-12-18;5835,73;5737,792642461061;0,013126128492069197;-0,0037986452
2023-12-19;5879,55;5843,144485256671;0,007480863344143;0,0012697156
2023-12-20;5884,53;5880,549479091168;0,0008466450920894997;0,00016998957
2023-12-21;5880,79;5849,726594100594;-0,0006357668343869976;-0,005931954
2023-12-22;5864,68;5898,056733372211;-0,0027431869652574025;0,002931771
2023-12-27;5847,11;5865,33507950306;-0,0030003975790192992;0,000111678106
2023-12-28;5845,89;5852,352361344098;-0,00020867185571299868;0,00089621183
2023-12-29;5785,21;5844,991019132138;-0,010434189462730198;-0,00015376548
2024-01-02;5752,15;5769,760098535418;-0,005730962799980301;-0,0026741663
2024-01-03;5681,9;5721,524489858746;-0,0122880141243698;-0,0053383866
2024-01-04;5717,38;5653,661554247141;0,0062249746600969;-0,0049822754
2024-01-05;5698,34;5692,260247440338;-0,003335754145203699;-0,00440323
2024-01-08;5755,49;5686,529096739292;0,0099792775477623;-0,0020748125
2024-01-09;5804,71;5770,279741330147;0,008515475065325902;0,0025664237
2024-01-10;5787,02;5790,381266320944;-0,003052178360439498;-0,002471444
2024-01-11;5699,31;5777,624707553387;-0,015272363726383801;-0,0016248573
2024-01-12;5703,41;5677,264821440578;0,000719126695505999;-0,0038755413
2024-01-15;5639,73;5674,92629226923;-0,0112280495533456;-0,005006682
2024-01-16;5639,58;5618,106214998364;-2,6597371649231555e-05;-0,0038415983
2024-01-17;5533,06;5611,668858715296;-0,0190685867680502;-0,0049614115
2024-01-18;5610,41;5503,872717493773;0,013882792759156397;-0,0052889977
2024-01-19;5662,38;5606,0322845727205;0,0092204978885356;-0,00078061305
2024-01-22;5690,76;5675,319234044552;0,0049995083498218;0,0022825156
2024-01-23;5643,89;5675,5351997351645;-0,0082702628043993;-0,0026789797
2024-01-24;5673,37;5638,051742272974;0,005209753363917;-0,0010350314
2024-01-25;5694,13;5656,725127683878;0,0036525222044923003;-0,0029381646
2024-01-26;5707,59;5696,18063423276;0,002361048377400198;0,00036006974
2024-01-29;5670,48;5707,414457380772;-0,006523097781657201;-3,075045e-05
2024-01-30;5738,61;5683,186281251907;0,011943250486001896;0,0022382454
2024-01-31;5847,28;5739,196954042911;0,018759575125466697;0,00010225359
2024-02-01;5971,24;5818,08405678749;0,020978015176741905;-0,0050055534
2024-02-02;5992,01;5995,876342096329;0,003472304075978098;0,0041172174
2024-02-05;5958,42;6012,763366773129;-0,005621569844658499;0,003457556
2024-02-06;5993,3;5946,3257386708265;0,005836833363913499;-0,0020318076
2024-02-07;5982,38;5990,476823025942;-0,0018236965293896013;-0,00047113386
2024-02-08;5951,89;5996,441995606422;-0,005109665918030898;0,0023478
2024-02-09;5939,24;5938,778059711457;-0,002127637116412602;-0,0022054194
2024-02-12;5980,24;5943,563832831383;0,006879521875662702;0,00072783587
2024-02-13;5892,8;5969,7760514259335;-0,0147294342278021;-0,0017513601
2024-02-14;5985,83;5845,010172367096;0,0156637427195026;-0,00814296
2024-02-15;5967,71;5992,5453747236725;-0,0030317402006577003;0,0011212821
2024-02-16;6025,94;5959,357732346654;0,0097102145773967;-0,0014005885
2024-02-19;6109,48;6003,683423101902;0,013768179373866004;-0,003700266
2024-02-20;6148,38;6100,885615956783;0,006346969305780202;-0,0014076325
2024-02-21;6127,47;6124,489323467016;-0,003406692037238601;-0,0038932366
2024-02-22;6171,8;6114,13488023758;0,007208589121567798;-0,0021785966
2024-02-23;6188,43;6192,057016348839;0,002690890061862;0,0032767258
2024-02-26;6245,33;6182,839939250351;0,009152564824513197;-0,0009037235
2024-02-27;6264,95;6226,1587179273365;0,003136623014958502;-0,003074381
2024-02-28;6198,23;6255,695529183745;-0,010706840048414398;-0,0014782837
2024-02-29;6239,0;6181,33683578372;0,006556145706848902;-0,002729151
2024-03-01;6250,7;6233,749147891998;0,0018735443481290974;-0,00084193784
2024-03-04;6155,07;6252,422022020816;-0,015417325037444697;0,00027545635
2024-03-05;6166,82;6138,634189910888;0,001907175532574999;-0,0026739019
2024-03-06;6201,34;6130,113613264561;0,0055820897588807015;-0,005970077
2024-03-07;6202,68;6196,334488580227;0,0002160589881687018;-0,0008074604
2024-03-08;6181,25;6208,619737372399;-0,0034609403300730006;0,0009570376
2024-03-11;6077,82;6156,461948156357;-0,0168744373377526;-0,0040182206
2024-03-12;6153,05;6073,4438230705255;0,012301814791545195;-0,0007202536
2024-03-13;6191,54;6159,911165726185;0,006235950279468998;0,0011145492
2024-03-14;6189,95;6174,578343790769;-0,00025683500269190173;-0,0027433014
2024-03-15;6166,35;6167,245937946439;-0,0038199183731623;-0,0036745693
2024-03-18;6101,8;6118,401429632307;-0,0105232811279346;-0,0078061507
2024-03-19;6125,67;6085,927231991292;0,003904328585130699;-0,0026047342
2024-03-20;6077,28;6118,133226310015;-0,007930910745572799;-0,0012311436
2024-03-21;6242,53;6075,882500782012;0,0268283214692481;-0,00022999608
2024-03-22;6225,26;6230,820151260495;-0,002770340380339002;-0,0018775357
2024-03-25;6212,44;6204,721396245956;-0,0020614751184019997;-0,003304698
2024-03-26;6246,19;6188,136738092899;0,005417944438261299;-0,003919743
2024-03-27;6275,65;6224,3060921931265;0,004705387443910402;-0,0035097604
2024-03-28;6326,51;6280,217994940281;0,0080716759881474;0,0007275468
2024-04-02;6398,58;6331,969500061274;0,011327349448985198;0,0008625443
2024-04-03;6393,77;6385,34174221158;-0,0007520119800786014;-0,0020710928
2024-04-04;6453,21;6386,190334128738;0,009253602659796802;-0,00118611
2024-04-05;6362,74;6418,238413939476;-0,014118579240612598;-0,0054340526
2024-04-08;6402,54;6391,122984495163;0,0062356844447421;0,0044508935
2024-04-09;6312,53;6391,169217038155;-0,0141582395661416;-0,0017775693
2024-04-10;6333,03;6306,632561758756;0,003242247549066301;-0,00093470496
2024-04-11;6266,24;6291,538750289083;-0,010602300870984299;-0,006573069
2024-04-12;6236,19;6254,980559158325;-0,004807074763254897;-0,0017984691
2024-04-15;6284,19;6161,756267293095;0,007667536474808598;-0,012007574
2024-04-16;6079,34;6213,987920097113;-0,033140818000835;-0,0112341335
2024-04-17;6140,95;6047,70551781416;0,010083315863464901;-0,005217163
2024-04-18;6178,52;6107,885855424404;0,0060993072708124;-0,005398727
2024-04-19;6158,39;6143,142655792237;-0,0032633808408737;-0,0057422607
2024-04-22;6197,13;6121,459590359331;0,006270901904828998;-0,0060148765
2024-04-23;6243,56;6173,338749641776;0,007464250868815099;-0,0038465178
2024-04-24;6220,39;6230,463094823361;-0,0037179267711862;-0,0020998872
2024-04-25;6192,78;6185,919687482715;-0,004448508403848198;-0,0055569066
2024-04-26;6221,71;6166,05287112236;0,004660691235516901;-0,0043252483
2024-04-29;6292,04;6206,846619997024;0,011240553873144704;-0,002391821
2024-04-30;6285,32;6282,685506756306;-0,0010685868321255998;-0,00148782
2024-05-02;6262,27;6225,415231614113;-0,003674016433141998;-0,009576558
2024-05-06;6369,03;6244,750650858879;0,0169044425040854;-0,0028015529
2024-05-07;6412,43;6395,50496176958;0,006791112564242399;0,00414818
2024-05-08;6436,44;6395,119681369067;0,003737297979732801;-0,0027031
2024-05-09;6465,73;6435,523096289634;0,004540329311543802;-0,00014238842
2024-05-10;6491,33;6468,567993843555;0,0039515188338909;0,00043877919
2024-05-13;6574,47;6490,209885652661;0,012726526066643906;-0,00017257905
2024-05-14;6605,56;6581,138042035103;0,004717752184879197;0,0010137156
2024-05-15;6615,91;6620,39938434124;0,0015656356084718982;0,0022438685
2024-05-16;6635,44;6639,382632577419;0,002947626338528899;0,0035416158
2024-05-17;6637,27;6629,850355477332;0,0002757537852627003;-0,0008426632
2024-05-20;6701,78;6640,013174444437;0,009672428387326598;0,00041312902
2024-05-21;6675,93;6699,727189365625;-0,0038646423301838986;-0,00030628665
2024-05-22;6666,92;6677,339420017004;-0,0013505362601663978;0,00021099548
2024-05-23;6699,58;6657,912998557091;0,0048868537009715005;-0,0013518953
2024-05-24;6683,61;6672,740495104789;-0,0023865771284863977;-0,0040142173
2024-05-27;6670,63;6696,78343804121;-0,0019439524956215996;0,0019690332
2024-05-28;6615,99;6661,616793549657;-0,008224862007818799;-0,0013520507
2024-05-29;6534,71;6610,388347261548;-0,0123614765760051;-0,0008470073
2024-05-31;6551,62;6511,560901876092;0,0025843776539082003;-0,0035487784
2024-06-03;6617,15;6533,232588207721;0,0099524163453194;-0,002810421
2024-06-04;6505,49;6598,140088242292;-0,0170183278568185;-0,0028768969
2024-06-05;6544,23;6491,83589795053;0,005937309582733399;-0,0021010817
2024-06-06;6556,49;6548,094778926372;0,0018716534021010983;0,00059035956
2024-06-07;6538,31;6529,011481641531;-0,0027766764945696006;-0,0041997815
2024-06-10;6517,61;6508,041720621586;-0,0031709779693882014;-0,0046401653
2024-06-11;6408,87;6480,655467802286;-0,0168247759795168;-0,0056861117
2024-06-12;6489,1;6373,413670674562;0,012440877874602197;-0,0055477056
2024-06-13;6379,34;6460,609361559153;-0,0170592024856157;-0,0044001588
2024-06-14;6311,56;6360,056214889288;-0,0106817711076329;-0,003027441
2024-06-17;6410,1;6265,832721436024;0,0154919988128536;-0,0072713695
2024-06-18;6426,69;6387,871830689907;0,0025847597781778016;-0,0034736877
2024-06-19;6499,47;6388,515715384483;0,011261003902518794;-0,0059576584
2024-06-20;6474,01;6474,941082807183;-0,003924934972653398;-0,0037810914
2024-06-21;6452,95;6432,987755601406;-0,003258309553382499;-0,0063566407
2024-06-24;6510,87;6419,091006860137;0,0089356972547941;-0,005260888
2024-06-25;6466,08;6485,553337490558;-0,006903036208139598;-0,0038959582
2024-06-26;6439,5;6466,820754947662;-0,004119154285642497;0,000114506
2024-06-27;6465,93;6422,627092123032;0,0040959560357175006;-0,002623638
2024-06-28;6517,71;6451,275185503364;0,0079762338637441;-0,002269035
2024-07-01;6500,75;6479,345085877776;-0,0026055323893662994;-0,0059037213
2024-07-02;6400,75;6490,661703646183;-0,0155023838609758;-0,0015531263
2024-07-03;6418,18;6399,9095237106085;0,0027194174149593;-0,00013132225
2024-07-04;6454,62;6409,418763430119;0,0056615650573601985;-0,0013659911
2024-07-05;6397,92;6442,937045835257;-0,008823215930346196;-0,0018116977
2024-07-08;6433,6;6390,490240774155;0,005561319619191899;-0,001161946
2024-07-09;6461,38;6424,184984588624;0,004308660110666999;-0,0014645369
2024-07-10;6425,12;6447,860072444678;-0,005627609621868198;-0,0020946595
2024-07-11;6434,83;6418,7087495327;0,0015101150230383993;-0,0009983504
2024-07-12;6462,72;6384,324694805146;0,004324859135594602;-0,007879753
2024-07-15;6415,56;6459,459598388672;-0,007323992149323503;-0,00050462416
2024-07-16;6246,51;6410,773534562588;-0,0267033818740134;-0,000746351
2024-07-17;6243,06;6237,817049067021;-0,0005524609874877013;-0,0013926558
2024-07-18;6325,38;6176,490048122407;0,013099665062813596;-0,0107202595
2024-07-19;6292,82;6290,004400137663;-0,005160810934492202;-0,005608379
2024-07-22;6335,95;6257,61036813736;0,006830462141044699;-0,005610964
2024-07-23;6234,24;6334,861606794596;-0,0161830839064469;-0,00017182913
2024-07-24;6207,39;6205,7572809219355;-0,0043161614166200984;-0,0045791976
2024-07-25;6181,1;6129,466188606621;-0,004244268585639701;-0,012632797
2024-07-26;6170,84;6151,548112893105;-0,001661277881800999;-0,00479243
2024-07-29;6198,81;6177,92624145031;0,004522366868864699;0,001147674
2024-07-30;6192,99;6179,585697045923;-0,0009393309168863987;-0,0031061014
2024-07-31;6269,27;6144,416424914002;0,012241913206096501;-0,007874261
2024-08-01;6185,19;6262,746336261034;-0,0135021955791761;-0,0010411562
2024-08-02;6076,19;6141,09606541872;-0,0177798700378793;-0,007154422
2024-08-05;5845,94;6017,704391033053;-0,0386304516089575;-0,009672022
2024-08-06;5828,03;5795,242620515823;-0,0030683673252034998;-0,008710043
2024-08-07;5898,32;5745,847741073966;0,011988528717993297;-0,01420161
2024-08-08;5923,53;5800,458086743354;0,0042649903719717995;-0,016730642
2024-08-09;5924,31;5921,4362954843045;0,00013166957033989933;-0,0003536083
2024-08-12;6091,37;5882,190982865096;0,0278087908279308;-0,007134886
2024-08-13;6118,69;6038,024997550249;0,004475005952759898;-0,0087960055
2024-08-14;6129,74;6086,70961616218;0,0018043133687852986;-0,0052404
2024-08-16;6255,24;6084,876960486174;0,020267177794369998;-0,0073458194
2024-08-19;6272,41;6236,299286162853;0,002741138322199199;-0,0030325379
2024-08-20;6199,17;6275,748612395525;-0,011745238687760997;0,00053201534
2024-08-21;6212,32;6176,839677747488;0,0021190050381526006;-0,0036086086
2024-08-22;6210,07;6214,269170379638;-0,0003622491363746013;0,00031368888
2024-08-23;6197,76;6190,322179827093;-0,0019842315761715986;-0,0031850073
2024-08-26;6191,57;6227,325782775879;-0,000999247015788098;0,004759042
2024-08-27;6238,07;6204,043027876615;0,007482150236413001;0,0020125152
2024-08-28;6213,16;6249,956276111602;-0,004001216463518703;0,0019036697
2024-08-29;6292,42;6202,672163925171;0,012676111194142699;-0,0016894109
2024-08-30;6344,45;6297,024205365181;0,008234680583462698;0,0007314546
2024-09-02;6425,37;6367,5010410189625;0,012673801689718099;0,0036266493
2024-09-03;6333,74;6428,855135257244;-0,0143633177085834;0,0005423425
2024-09-04;6320,23;6278,6371336841585;-0,0021352990615971013;-0,008737924
2024-09-05;6219,49;6321,840080183744;-0,016067690081342;0,00025477202
2024-09-06;6100,22;6211,3154629379505;-0,0193630737176108;-0,0013151871
2024-09-09;6066,79;6069,936726354361;-0,005495201224364201;-0,0049766554
2024-09-10;6020,64;6093,424662404061;-0,0076360689159874;0,004380572
2024-09-11;5946,82;6028,139416751862;-0,0123369430576415;0,0012448943
2024-09-12;6100,4;5947,462278065681;0,0254977198951957;0,00010794211
2024-09-13;6141,81;6073,4657917499535;0,006765144191249299;-0,0044249203
2024-09-16;6134,04;6117,272728806139;-0,0012659002900199993;-0,004003113
2024-09-17;6186,17;6090,430999495983;0,008462568593784702;-0,007134722
2024-09-18;6161,43;6141,711047587991;-0,004007261833317901;-0,0072128423
2024-09-19;6165,35;6106,558098691106;0,0006360136438130985;-0,00894568
2024-09-20;6087,34;6145,151269605756;-0,0127337024096627;-0,0032815104
2024-09-23;6082,52;6040,873697301149;-0,0007921209039426013;-0,007662547
2024-09-24;6116,37;6048,0498092031485;0,005549699502047303;-0,0056831287
2024-09-25;6204,0;6080,382058702111;0,014225462020449798;-0,005901242
2024-09-26;6237,64;6177,755831480026;0,005407660401241401;-0,0042392467
2024-09-27;6266,93;6201,376864624024;0,004684695845986499;-0,0058305613
2024-09-30;6201,66;6235,778413569928;-0,0104696034114663;-0,0049831644
2024-10-01;6144,54;6213,595186271667;-0,0092531155418378;0,0019226331
2024-10-02;6119,17;6110,180901321172;-0,004137416196362099;-0,005607539
2024-10-03;6074,72;6119,057298135162;-0,007290568782422599;-1,8448945e-05
2024-10-04;6078,26;6060,880157766343;0,0005825731796020975;-0,0022808565
2024-10-07;6089,44;6096,231158566475;0,0018376526617531015;0,002952248
2024-10-08;6074,04;6062,04785416603;-0,0025321714227497013;-0,0045084534
2024-10-09;6120,03;6104,19077419281;0,0075430464249672995;0,00495159
2024-10-10;6131,91;6129,218134410381;0,0019392853251353024;0,0015001089
2024-10-11;6184,24;6116,738131436706;0,0084978365657231;-0,0024773097
2024-10-14;6173,62;6178,968147954941;-0,0017187446069729013;-0,00085277495
2024-10-15;6206,0;6171,361360690594;0,005231190269298398;-0,00036595343
2024-10-16;6222,06;6167,062539935112;0,0025844756043044976;-0,0062939143
2024-10-17;6094,53;6217,152731838227;-0,0207093940577736;-0,00078901765
2024-10-18;6156,18;6068,398000232577;0,0100648077425219;-0,004297035
2024-10-21;6199,49;6146,7310073196895;0,007010575287908399;-0,0015360715
2024-10-22;6056,92;6185,814493562579;-0,0232656105502398;-0,0022083293
2024-10-23;6058,0;6037,633198354244;0,0001782925521357995;-0,0031893267
2024-10-24;6076,44;6010,936189174652;0,0030392855697636972;-0,0077991835
2024-10-25;6048,95;6048,5775433945655;-0,004534294913256902;-0,004595936
2024-10-28;6026,88;6021,0942534327505;-0,0036552393620456016;-0,0046156766
2024-10-29;6020,36;5998,709180145263;-0,0010824057023135995;-0,0046851304
2024-10-30;5962,88;5992,963175325393;-0,0095934723573245;-0,004561123
2024-10-31;5966,67;5916,80146686554;0,0006353969977928983;-0,0077575636
2024-11-04;6006,04;5885,192946218848;0,006576646707959399;-0,013749498
2024-11-05;5946,59;5969,015819413662;-0,009947683521656099;-0,0061835414
2024-11-06;5987,42;5949,0945040214065;0,006842655454705398;0,0004211273
2024-11-07;6065,81;6024,576000487805;0,0130074851738611;0,0061865724
2024-11-08;6070,14;6052,66004857123;0,0007135824033118025;-0,0021702957
2024-11-12;6031,71;6057,372862104178;-0,006351116428997298;-0,0021055457
2024-11-13;5989,93;5998,786066828966;-0,006950826711343702;-0,0054733814
2024-11-14;6093,92;5965,747803218365;0,017211826895289595;-0,0040453025
2024-11-15;6054,48;6059,825797433853;-0,0064930589320666;-0,0056104893
2024-11-18;6047,62;6013,22367254734;-0,0011336876632538993;-0,0068374327
2024-11-19;5930,02;6055,706699669361;-0,0196372205302425;0,0013362408
2024-11-20;5954,66;5943,895297613144;0,004146520613806898;0,002337023
2024-11-21;6043,16;5966,812645492553;0,0147529476453181;0,0020387108
2024-11-22;6059,78;6058,86545806408;0,002746441847513798;0,002595499
2024-11-25;6018,02;6063,925028309822;-0,006915194226292502;0,0006838166
2024-11-26;6018,29;6003,813250792027;4,486424826950928e-05;-0,0023635037
2024-11-27;6009,02;6024,271264559031;-0,001541492126770202;0,0009933885
2024-11-28;6007,6;5981,407230581046;-0,00023633933778540153;-0,004605835
2024-11-29;6065,12;5976,820443177224;0,0095289935063909;-0,0051366673
2024-12-02;6151,65;6057,5987985324855;0,0141660106616276;-0,0012408218
2024-12-03;6138,81;6135,699622616172;-0,002089426216968198;-0,0025962098
2024-12-04;6168,97;6114,941507520676;0,004900974890536399;-0,0038956993
2024-12-05;6191,09;6159,479681957961;0,003579274472020002;-0,0015396494
2024-12-06;6218,82;6167,815314350129;0,0044690164799258015;-0,0037664585
2024-12-09;6184,77;6209,158471931219;-0,005490359731932101;-0,0015548279
2024-12-10;6175,69;6152,47962723434;-0,0014692012487083012;-0,0052346676
2024-12-11;6163,53;6144,7766099661585;-0,001970951800267001;-0,005018201
2024-12-12;6130,05;6151,3298430866;-0,0054467588402069;-0,001981339
2024-12-13;6132,15;6090,906168472767;0,000342516028205399;-0,0064060455
2024-12-16;6160,04;6115,343000945449;0,004537848480927101;-0,0027446076
2024-12-17;6046,48;6149,373798766136;-0,0186069864917852;-0,0017330837
2024-12-18;6076,66;6011,852932052612;0,004978918390101801;-0,0057432563
2024-12-19;6085,66;5984,117901041507;0,001479981063277002;-0,015346222
2024-12-20;6054,88;6063,890542844534;-0,005070625515720002;-0,0035835693
2024-12-23;6087,67;6050,007502985;0,005400855620098403;-0,0008050988
2024-12-27;6126,16;6087,656211570501;0,006302712157484399;-2,2778277e-06
2024-12-30;6122,32;6095,636582603454;-0,0006270165972934015;-0,004994945
2025-01-02;6234,95;6078,911824831962;0,01822945019665201;-0,0071153142
2025-01-03;6310,39;6200,631273180246;0,012026921445616104;-0,005519429
2025-01-07;6385,46;6323,817037132979;0,011826049442978204;0,0021255384
2025-01-08;6326,09;6351,856554505825;-0,009341178960310698;-0,005276385
2025-01-09;6369,46;6319,579229915738;0,006832341838266698;-0,0010297437
2025-01-10;6413,14;6368,78232581973;0,0068343169647147005;-0,00010632656
2025-01-13;6308,22;6378,831270377636;-0,016495465744798;-0,005364143
2025-01-14;6327,52;6300,936143260003;0,0030548293980305974;-0,0011553412
2025-01-15;6394,94;6325,5723995590215;0,010598678418694003;-0,00030787924
2025-01-16;6383,13;6425,204749288559;-0,0018484799915443994;0,0047214828
2025-01-17;6461,6;6367,936162324548;0,012218392480647603;-0,0023831653
2025-01-20;6501,26;6468,279121685028;0,0061190391237499;0,0010331973
2025-01-21;6489,33;6479,820494660139;-0,001836714630181002;-0,0033031409
2025-01-22;6539,11;6491,362990365028;0,007641780942188301;0,00031317348
2025-01-23;6511,77;6527,235141598582;-0,004189761915531999;-0,0018175745
2025-01-24;6564,61;6499,985156047941;0,008081791383387696;-0,0018113814
2025-01-27;6498,59;6541,752523385882;-0,010107869756107902;-0,0034880317
2025-01-28;6516,51;6442,144369857311;0,002753726260106702;-0,008723811
2025-01-29;6516,54;6514,458395859003;4,603680642602219e-06;-0,0003148958
2025-01-30;6632,2;6476,275238399506;0,017593013959522397;-0,0061980328
2025-01-31;6609,99;6625,97386868;-0,0033544331905799992;-0,0009391527
2025-02-03;6515,85;6575,396049969792;-0,014344470786144701;-0,00524728
2025-02-04;6573,6;6490,206380474568;0,008823957417839503;-0,0039433236
2025-02-05;6514,36;6566,760832643509;-0,0090526567260616;-0,001040908
2025-02-06;6693,33;6503,112516143322;0,0271025372385472;-0,0017280688
2025-02-07;6706,39;6685,8755527871845;0,0019492950801053976;-0,0011142672
2025-02-10;6775,66;6681,468309122324;0,0102759757677768;-0,0037230637
2025-02-11;6896,71;6779,776957070827;0,017707707303006397;0,0006074769
2025-02-12;6886,01;6891,718304743171;-0,0015526691610383003;-0,0007239814
2025-02-13;6854,46;6874,912572489977;-0,004592281842850201;-0,0016128693
2025-02-14;6821,35;6860,505836155415;-0,004842135813844497;0,000881636
2025-02-17;6855,25;6825,515861135722;0,004957382598914998;0,00061061024
2025-02-18;6966,88;6844,451393902302;0,0161527097639835;-0,0015764039
2025-02-19;6902,68;6966,962221164704;-0,009257749853071399;1,1842585e-05
2025-02-20;6892,61;6904,926417570115;-0,0014599188257105988;0,00032537954
2025-02-21;6886,5;6867,757565798163;-0,0008868497893493023;-0,0036121893
2025-02-24;6790,78;6818,021315485239;-0,0139971635863453;-0,009993656
2025-02-25;6801,92;6741,983913515806;0,0016391154802434024;-0,0072116754
2025-02-26;6895,56;6767,562171478272;0,013672800952203894;-0,0050640227
2025-02-27;6858,99;6866,320111241341;-0,005317525643704899;-0,004249413
2025-02-28;6820,93;6797,978194963932;-0,0055643743825874985;-0,008934947
2025-03-03;6812,94;6839,236543591022;-0,001172081135393701;0,0026803713
2025-03-04;6612,56;6716,879067023992;-0,029852874192405697;-0,014200095
2025-03-05;6740,05;6590,279700083733;0,019096472427066205;-0,0033751093
2025-03-06;6799,64;6707,1906203717;0,008802326309831202;-0,0048872097
2025-03-07;6828,74;6694,586772682667;0,004270506725709499;-0,015570339
2025-03-10;6800,61;6804,105241780281;-0,004127862288784601;-0,0036140764
2025-03-11;6777,75;6672,056331868172;-0,0033671255730438982;-0,019084156
2025-03-12;6885,22;6663,6548327207565;0,015731896724227104;-0,016977102
2025-03-13;6916,99;6789,044847519398;0,004603618711678203;-0,0140667735
2025-03-14;7025,87;6807,41337624967;0,015618347064273794;-0,015968416
2025-03-17;7142,83;6992,175823664069;0,016510005397395902;-0,004807229
2025-03-18;7194,81;7113,392655050158;0,0072508763978002995;-0,0041297576
2025-03-19;7223,21;7135,526592407227;0,003939519674715302;-0,008273873
2025-03-20;7177,31;7241,504372518063;-0,006374791388104199;0,002529522
2025-03-21;7170,31;7182,586497694254;-0,0009757716688076983;0,0007348388
2025-03-24;7260,91;7158,591136739255;0,012556275953158199;-0,0016356971
2025-03-25;7379,34;7317,82628431797;0,0161790383845165;0,0078081894
2025-03-26;7344,82;7391,687270994186;-0,004688900860323401;0,00167182
2025-03-27;7314,42;7332,914864184856;-0,004147560661950299;-0,0016222557
2025-03-28;7288,69;7321,69290835619;-0,0035239105404450007;0,000993893
2025-03-31;7184,44;7257,87996536076;-0,0144062553157725;-0,0042360155
2025-04-01;7286,24;7230,2798797655105;0,014070061588176303;0,0063602445
2025-04-02;7320,93;7296,284345779419;0,004749731154908198;0,0013775985
2025-04-03;7154,04;7354,568230075836;-0,0230601369846827;0,0045843176
2025-04-04;6793,8;7070,384393291473;-0,0516668005328899;-0,011762308
2025-04-07;6706,6;6709,876168048382;-0,0129183154097416;-0,012429929
2025-04-08;6917,66;6750,980435061455;0,0309854459986896;0,006595677
2025-04-09;6772,42;6792,099717061519;-0,0212190797244433;-0,01831741
2025-04-10;6930,22;7020,4915558815;0,023033076299246696;0,035974693
2025-04-11;6951,05;6697,411887378693;0,003001168572424502;-0,03417038
2025-04-14;7129,95;6814,4980348676445;0,025411494476807097;-0,019840311
2025-04-15;7160,91;6901,55569973588;0,004332846089844502;-0,03255745
