Data;mwig40_Zamkniecie;ARIMA_Forecast;Rzeczywisty_Zwrot;Prognozowany_Zwrot
2022-01-03;5382,71;5294,570146421479;90,98999999999978;2,850146421478712
2022-01-04;5393,03;5395,806022077605;10,319999999999709;13,096022077605085
2022-01-05;5406,56;5396,586210758411;13,530000000000655;3,556210758410998
2022-01-07;5434,91;5415,236534209649;28,349999999999454;8,676534209648707
2022-01-10;5431,53;5440,287252700156;-3,380000000000109;5,377252700156532
2022-01-11;5479,55;5433,534610285152;48,02000000000044;2,004610285152012
2022-01-12;5548,4;5487,476454625716;68,84999999999945;7,926454625715451
2022-01-13;5541,97;5557,696384772067;-6,4299999999993815;9,29638477206754
2022-01-14;5493,94;5546,86541109422;-48,030000000000655;4,895411094219526
2022-01-17;5503,15;5494,285953621998;9,210000000000036;0,3459536219979782
2022-01-18;5406,01;5503,778160365563;-97,13999999999942;0,6281603655634171
2022-01-19;5369,59;5392,878746883294;-36,42000000000007;-13,13125311670592
2022-01-20;5340,54;5364,360556532216;-29,050000000000182;-5,229443467784222
2022-01-21;5228,78;5330,389252055399;-111,76000000000022;-10,15074794460088
2022-01-24;5026,64;5213,188630268875;-202,13999999999942;-15,59136973112436
2022-01-25;5076,46;4999,14498049875;49,81999999999971;-27,49501950125068
2022-01-26;5149,96;5069,932206292281;73,5;-6,527793707718956
2022-01-27;5175,74;5144,65810325752;25,779999999999745;-5,301896742479585
2022-01-28;5128,54;5182,7774126543945;-47,19999999999982;7,037412654394757
2022-01-31;5106,59;5129,694572963567;-21,949999999999818;1,1545729635672615
2022-02-01;5176,84;5106,128991970404;70,25;-0,461008029596087
2022-02-02;5267,56;5181,992579707302;90,72000000000025;5,152579707301811
2022-02-03;5276,91;5277,902458157241;9,349999999999454;10,342458157240799
2022-02-04;5225,86;5285,057564633853;-51,05000000000018;8,147564633853108
2022-02-07;5229,31;5227,635668430487;3,4500000000007276;1,7756684304877126
2022-02-08;5258,08;5230,910722989358;28,769999999999527;1,600722989357564
2022-02-09;5244,77;5258,724900823028;-13,30999999999949;0,6449008230283653
2022-02-10;5214,65;5244,209232308594;-30,1200000000008;-0,5607676914059994
2022-02-11;5180,64;5213,578948875723;-34,00999999999931;-1,0710511242768916
2022-02-14;5014,58;5176,229022190293;-166,0600000000004;-4,410977809707219
2022-02-15;5139,59;4993,411958017664;125,01000000000022;-21,168041982336035
2022-02-16;5143,31;5148,546084466988;3,7200000000002547;8,956084466987704
2022-02-17;5030,31;5134,910503076822;-113,0;-8,399496923178049
2022-02-18;5005,57;5025,448941202465;-24,74000000000069;-4,8610587975354065
2022-02-21;4863,73;5002,931068060072;-141,84000000000015;-2,6389319399277156
2022-02-22;4903,24;4840,500246909619;39,51000000000022;-23,229753090380655
2022-02-23;4819,57;4902,936342137413;-83,67000000000007;-0,3036578625869879
2022-02-24;4253,49;4801,511588900162;-566,0799999999999;-18,05841109983794
2022-02-25;4569,02;4190,747579352916;315,53000000000065;-62,742420647084145
2022-02-28;4589,49;4583,889428096924;20,469999999999345;14,869428096923912
2022-03-01;4456,3;4549,083836288499;-133,1899999999996;-40,406163711500994
2022-03-02;4447,97;4465,403114008078;-8,329999999999927;9,103114008077682
2022-03-03;4451,4;4452,226651517633;3,4299999999993815;4,256651517633145
2022-03-04;4237,7;4441,5620307899735;-213,69999999999982;-9,837969210026131
2022-03-07;4209,48;4218,289661237023;-28,220000000000255;-19,410338762976608
2022-03-08;4165,89;4206,314973791226;-43,589999999999236;-3,16502620877327
2022-03-09;4368,06;4142,648193553456;202,17000000000007;-23,241806446544615
2022-03-10;4340,29;4381,519887035115;-27,770000000000437;13,459887035114662
2022-03-11;4387,18;4335,205221486507;46,89000000000033;-5,084778513492893
2022-03-14;4375,39;4407,010342391983;-11,789999999999964;19,830342391982413
2022-03-15;4385,62;4375,096893140972;10,229999999999563;-0,29310685902873956
2022-03-16;4562,83;4390,674158188284;177,21000000000004;5,054158188284418
2022-03-17;4654,35;4577,119522511915;91,52000000000044;14,289522511915493
2022-03-18;4671,82;4664,667788022519;17,469999999999345;10,31778802251847
2022-03-21;4676,65;4690,3559003536975;4,829999999999927;18,535900353697798
2022-03-22;4711,99;4688,128250766176;35,340000000000146;11,478250766176643
2022-03-23;4732,89;4718,170832831993;20,900000000000546;6,18083283199303
2022-03-24;4794,88;4736,293480867108;61,98999999999978;3,403480867107646
2022-03-25;4771,94;4804,166936220142;-22,94000000000051;9,286936220141797
2022-03-28;4761,97;4773,457900592746;-9,969999999999345;1,5179005927466278
2022-03-29;4783,94;4767,051662625827;21,969999999999345;5,081662625826539
2022-03-30;4795,24;4784,951097828746;11,300000000000182;1,0110978287466423
2022-03-31;4778,07;4795,94731807466;-17,170000000000073;0,7073180746601793
2022-04-01;4811,87;4779,078308106166;33,80000000000018;1,0083081061666235
2022-04-04;4840,1;4816,279743110479;28,230000000000473;4,409743110479212
2022-04-05;4816,33;4841,979221637487;-23,770000000000437;1,8792216374868076
2022-04-06;4739,74;4817,983466400402;-76,59000000000015;1,653466400402067
2022-04-07;4701,38;4736,669033817588;-38,35999999999967;-3,0709661824121213
2022-04-08;4709,1;4696,221696467948;7,720000000000255;-5,158303532051832
2022-04-11;4720,27;4702,827811509686;11,170000000000073;-6,272188490313965
2022-04-12;4709,11;4717,443247004373;-11,160000000000764;-2,82675299562743
2022-04-13;4692,24;4708,877949658031;-16,86999999999989;-0,23205034196871566
2022-04-14;4671,29;4692,23680930129;-20,949999999999818;-0,0031906987096590456
2022-04-19;4666,22;4669,062886494675;-5,069999999999709;-2,2271135053251783
2022-04-20;4644,34;4664,509292872396;-21,88000000000011;-1,7107071276041097
2022-04-21;4631,39;4640,872926562177;-12,949999999999818;-3,4670734378232737
2022-04-22;4562,64;4629,863581522523;-68,75;-1,5264184774769092
2022-04-25;4476,76;4555,194052155042;-85,88000000000011;-7,445947844958027
2022-04-26;4444,09;4467,889094190939;-32,67000000000007;-8,870905809060787
2022-04-27;4321,17;4434,644196003296;-122,92000000000007;-9,445803996703944
2022-04-28;4359,89;4302,093348853009;38,720000000000255;-19,076651146991026
2022-04-29;4370,19;4358,214301735916;10,299999999999272;-1,6756982640845308
2022-05-02;4321,64;4360,582048505695;-48,54999999999927;-9,60795149430487
2022-05-04;4329,37;4319,99050169555;7,729999999999563;-1,6494983044503897
2022-05-05;4261,04;4331,221375395775;-68,32999999999993;1,851375395774994
2022-05-06;4218,78;4251,637287007375;-42,26000000000022;-9,402712992625311
2022-05-09;4153,84;4215,013775691337;-64,9399999999996;-3,7662243086624585
2022-05-10;4144,59;4142,0875457465145;-9,25;-11,752454253485666
2022-05-11;4129,85;4138,856614823859;-14,739999999999782;-5,7333851761413825
2022-05-12;4073,54;4122,474271510073;-56,3100000000004;-7,375728489927496
2022-05-13;4223,0;4067,275962987455;149,46000000000004;-6,264037012545032
2022-05-16;4271,42;4233,828419230349;48,42000000000007;10,828419230349027
2022-05-17;4326,88;4272,345735002018;55,460000000000036;0,9257350020179729
2022-05-18;4321,62;4345,413084304385;-5,260000000000218;18,53308430438483
2022-05-19;4256,57;4328,354088191671;-65,05000000000018;6,734088191670708
2022-05-20;4254,54;4257,213822186954;-2,0299999999997453;0,643822186953912
2022-05-23;4351,23;4254,341471303511;96,6899999999996;-0,1985286964891202
2022-05-24;4317,09;4354,236003643551;-34,13999999999942;3,006003643551594
2022-05-25;4299,98;4314,760487409796;-17,110000000000582;-2,3295125902041036
2022-05-26;4324,49;4307,132133612763;24,51000000000022;7,152133612763464
2022-05-27;4320,02;4324,898214197732;-4,469999999999345;0,4082141977323772
2022-05-30;4370,43;4318,5896650620425;50,409999999999854;-1,430334937957923
2022-05-31;4349,02;4377,047278559608;-21,409999999999854;6,617278559607257
2022-06-01;4335,94;4348,0740689742315;-13,080000000000837;-0,945931025768914
2022-06-02;4320,48;4339,6149645544665;-15,460000000000036;3,6749645544668965
2022-06-03;4289,17;4318,151872790472;-31,30999999999949;-2,328127209527338
2022-06-06;4320,58;4285,473113258514;31,409999999999854;-3,696886741486196
2022-06-07;4306,65;4321,808359682348;-13,930000000000291;1,2283596823481275
2022-06-08;4227,18;4303,280585592707;-79,46999999999935;-3,3694144072924246
2022-06-09;4183,95;4223,1761706420875;-43,23000000000047;-4,003829357912764
2022-06-10;4123,58;4178,969139398975;-60,36999999999989;-4,980860601024688
2022-06-13;3995,49;4111,159984892804;-128,09000000000015;-12,420015107196377
2022-06-14;3979,86;3979,3973518343055;-15,629999999999654;-16,0926481656943
2022-06-15;3992,63;3971,428036014724;12,769999999999982;-8,43196398527607
2022-06-17;3940,71;3981,6445729003735;-51,92000000000007;-10,985427099626577
2022-06-20;4026,3;3933,8556095915987;85,59000000000015;-6,8543904084012865
2022-06-21;4105,67;4034,301475529056;79,36999999999989;8,001475529055824
2022-06-22;4025,87;4109,182649954852;-79,80000000000018;3,5126499548523498
2022-06-23;3967,27;4027,567903321653;-58,59999999999991;1,6979033216530297
2022-06-24;4026,24;3969,951982936556;58,9699999999998;2,681982936555869
2022-06-27;4085,99;4024,8029223316635;59,75;-1,4370776683363147
2022-06-28;4107,75;4085,9514026923584;21,76000000000022;-0,038597307641339285
2022-06-29;4172,25;4115,215345029243;64,5;7,465345029242599
2022-06-30;4069,37;4184,520737275225;-102,88000000000011;12,270737275224747
2022-07-01;4066,98;4064,1179351282562;-2,3899999999998727;-5,252064871743642
2022-07-04;4060,21;4072,5491243651127;-6,769999999999982;5,569124365112657
2022-07-05;3954,91;4051,458533835413;-105,30000000000018;-8,751466164586873
2022-07-06;3910,49;3945,0826890424;-44,42000000000007;-9,82731095759982
2022-07-07;4049,4;3905,4341905206793;138,9100000000003;-5,055809479320487
2022-07-08;4031,42;4051,5759095335416;-17,980000000000018;2,1759095335414713
2022-07-11;4033,67;4026,1444634728605;2,25;-5,275536527139593
2022-07-12;3948,04;4046,5045761919146;-85,63000000000011;12,834576191914493
2022-07-13;3933,37;3940,696676164085;-14,670000000000073;-7,343323835914816
2022-07-14;3892,34;3932,07824411108;-41,029999999999745;-1,2917558889198517
2022-07-15;3913,3;3881,3970730215347;20,960000000000036;-10,942926978465493
2022-07-18;3981,08;3913,1409660710738;67,77999999999975;-0,15903392892641932
2022-07-19;4011,17;3983,4626769863194;30,090000000000146;2,3826769863194386
2022-07-20;4053,8;4016,2172821156755;42,63000000000011;5,0472821156754435
2022-07-21;4031,73;4064,388394507189;-22,070000000000164;10,588394507188696
2022-07-22;4072,11;4033,84256185822;40,38000000000011;2,112561858220033
2022-07-25;4057,52;4079,963218264064;-14,590000000000146;7,853218264063798
2022-07-26;3976,37;4055,3918057780793;-81,15000000000009;-2,128194221920694
2022-07-27;3955,55;3973,2399335137825;-20,81999999999971;-3,1300664862174017
2022-07-28;3980,3;3952,518899555817;24,75;-3,0311004441832665
2022-07-29;4151,32;3975,2982380981384;171,01999999999953;-5,001761901861755
2022-08-01;4136,22;4164,339077316458;-15,099999999999454;13,019077316458606
2022-08-02;4105,73;4138,256639511073;-30,49000000000069;2,03663951107319
2022-08-03;4197,7;4118,739270863892;91,97000000000025;13,009270863892198
2022-08-04;4127,62;4205,81072090919;-70,07999999999993;8,110720909190604
2022-08-05;4124,32;4119,853854159567;-3,300000000000182;-7,766145840432728
2022-08-08;4188,73;4131,9756141429325;64,40999999999985;7,655614142932791
2022-08-09;4181,2;4188,84069639298;-7,529999999999745;0,11069639298057155
2022-08-10;4181,55;4180,578436781551;0,3500000000003638;-0,6215632184485003
2022-08-11;4220,12;4187,719667790201;38,56999999999971;6,169667790200947
2022-08-12;4228,93;4223,535074980468;8,8100000000004;3,4150749804684892
2022-08-16;4279,46;4230,307294797546;50,529999999999745;1,377294797545801
2022-08-17;4214,11;4287,716566437532;-65,35000000000036;8,256566437531546
2022-08-18;4208,13;4210,312341881498;-5,979999999999563;-3,797658118502113
2022-08-19;4125,86;4212,365168210125;-82,27000000000044;4,235168210125266
2022-08-22;4040,22;4113,713291884316;-85,63999999999987;-12,146708115683396
2022-08-23;4024,53;4031,897908223275;-15,6899999999996;-8,322091776724847
2022-08-24;3969,82;4015,548392753811;-54,710000000000036;-8,981607246189014
2022-08-25;4006,49;3957,1455734752153;36,66999999999962;-12,674426524784849
2022-08-26;3959,61;4007,735518156021;-46,879999999999654;1,2455181560212623
2022-08-29;3860,98;3951,196976675361;-98,63000000000011;-8,413023324639198
2022-08-30;3795,81;3855,787832092316;-65,17000000000007;-5,192167907684052
2022-08-31;3838,57;3785,7742923651813;42,76000000000022;-10,035707634818664
2022-09-01;3777,8;3833,08711608622;-60,76999999999998;-5,48288391378037
2022-09-02;3858,81;3766,7856513292018;81,00999999999976;-11,014348670798427
2022-09-05;3869,16;3869,2439824203434;10,349999999999909;10,433982420343455
2022-09-06;3841,04;3865,706415764137;-28,11999999999989;-3,4535842358627633
2022-09-07;3872,58;3846,2711303377555;31,539999999999964;5,2311303377555305
2022-09-08;3915,93;3876,7912216691057;43,34999999999991;4,211221669105726
2022-09-09;3993,46;3917,6931769776106;77,5300000000002;1,763176977610783
2022-09-12;3995,05;4003,5779161361506;1,5900000000001455;10,117916136150598
2022-09-13;3901,79;4000,288362338749;-93,26000000000022;5,2383623387486296
2022-09-14;3903,37;3901,4526391735144;1,5799999999999272;-0,33736082648556476
2022-09-15;3909,41;3903,809621383762;6,039999999999964;0,4396213837621872
2022-09-16;3775,03;3901,87531816571;-134,37999999999965;-7,534681834290041
2022-09-19;3822,31;3763,8168563839095;47,279999999999745;-11,213143616090747
2022-09-20;3768,31;3826,3867831238404;-54,0;4,076783123840414
2022-09-21;3752,25;3752,1499520212587;-16,059999999999945;-16,160047978741204
2022-09-22;3777,52;3754,6390472622356;25,269999999999982;2,3890472622356356
2022-09-23;3678,0;3775,0865918621453;-99,51999999999998;-2,4334081378547125
2022-09-26;3597,78;3668,5927163343736;-80,2199999999998;-9,407283665626437
2022-09-27;3627,95;3593,0338984257146;30,169999999999618;-4,746101574285603
2022-09-28;3612,9;3621,0544028677955;-15,049999999999727;-6,89559713220433
2022-09-29;3503,5;3604,3341914377393;-109,40000000000009;-8,565808562260827
2022-09-30;3552,54;3497,2070485965114;49,039999999999964;-6,292951403488587
2022-10-03;3600,8;3555,043482094959;48,26000000000022;2,503482094959054
2022-10-04;3713,81;3595,0067570895444;113,00999999999976;-5,793242910455774
2022-10-05;3626,24;3728,153471841505;-87,57000000000016;14,343471841505107
2022-10-06;3667,1;3624,613522016332;40,86000000000013;-1,6264779836678827
2022-10-07;3633,99;3680,9956864710125;-33,11000000000013;13,895686471012596
2022-10-10;3561,67;3624,394763868084;-72,31999999999971;-9,595236131915954
2022-10-11;3593,37;3559,2921661022015;31,699999999999818;-2,3778338977986095
2022-10-12;3584,05;3592,957622323788;-9,319999999999709;-0,4123776762116904
2022-10-13;3581,95;3577,0345843382265;-2,100000000000364;-7,015415661773659
2022-10-14;3597,96;3584,7936407172856;16,01000000000022;2,84364071728578
2022-10-17;3632,98;3598,891440706575;35,01999999999998;0,9314407065749037
2022-10-18;3637,54;3636,077981518049;4,559999999999945;3,0979815180489823
2022-10-19;3579,61;3640,0211099839094;-57,929999999999836;2,4811099839093913
2022-10-20;3621,09;3578,5972195047793;41,48000000000002;-1,0127804952207953
2022-10-21;3558,81;3625,002978754925;-62,2800000000002;3,912978754925007
2022-10-24;3591,31;3549,0450083670685;32,5;-9,76499163293147
2022-10-25;3620,91;3597,478037331722;29,59999999999991;6,168037331722189
2022-10-26;3711,38;3618,300172037703;90,47000000000025;-2,609827962297004
2022-10-27;3734,09;3722,057356913582;22,710000000000036;10,677356913582116
2022-10-28;3747,1;3739,8166661272276;13,009999999999764;5,726666127227418
2022-10-31;3824,04;3757,178031161019;76,94000000000005;10,078031161019226
2022-11-02;3832,98;3833,211267999567;8,940000000000055;9,171267999567135
2022-11-03;3799,19;3835,994833322322;-33,789999999999964;3,0148333223219197
2022-11-04;3937,51;3804,1188377750364;138,32000000000016;4,9288377750363
2022-11-07;3934,24;3950,015387284193;-3,2700000000004366;12,505387284192693
2022-11-08;3931,29;3932,274442365338;-2,949999999999818;-1,9655576346617636
2022-11-09;3934,35;3944,4317294506327;3,0599999999999454;13,141729450632738
2022-11-10;3958,49;3935,2279625675806;24,139999999999873;0,8779625675806528
2022-11-14;4013,7;3960,559443815395;55,210000000000036;2,0694438153950614
2022-11-15;4007,62;4018,9703300757633;-6,079999999999927;5,270330075763468
2022-11-16;3965,01;4010,228063632686;-42,60999999999967;2,608063632686026
2022-11-17;3939,24;3967,238571246146;-25,770000000000437;2,228571246145748
2022-11-18;3972,77;3936,91463912762;33,5300000000002;-2,3253608723798607
2022-11-21;3913,54;3971,6655800906096;-59,23000000000002;-1,1044199093903444
2022-11-22;3979,74;3906,8071318897305;66,19999999999982;-6,7328681102694645
2022-11-23;3982,71;3987,947695103711;2,9700000000002547;8,207695103711103
2022-11-24;4016,9;3978,428260897773;34,190000000000055;-4,28173910222722
2022-11-25;4059,51;4025,9318650065056;42,61000000000013;9,03186500650554
2022-11-28;4070,32;4064,134822260215;10,809999999999945;4,624822260214842
2022-11-29;4087,13;4075,154599228765;16,809999999999945;4,834599228765001
2022-11-30;4108,81;4093,107544315685;21,68000000000029;5,977544315685009
2022-12-01;4150,31;4112,285697513696;41,5;3,475697513695195
2022-12-02;4170,01;4155,8348870922655;19,699999999999818;5,5248870922650894
2022-12-05;4143,76;4174,437426889602;-26,25;4,42742688960152
2022-12-06;4049,0;4146,226993564524;-94,76000000000022;2,4669935645233636
2022-12-07;4061,8;4043,6444292438587;12,800000000000182;-5,355570756141333
2022-12-08;4040,17;4060,134044236222;-21,63000000000011;-1,665955763778129
2022-12-09;4045,72;4029,9502788253153;5,549999999999727;-10,219721174684764
2022-12-12;4082,33;4047,1187347096716;36,61000000000013;1,3987347096717713
2022-12-13;4144,54;4083,7043395685155;62,210000000000036;1,374339568515552
2022-12-14;4145,72;4150,638793412739;1,180000000000291;6,098793412738814
2022-12-15;4055,73;4150,14644142604;-89,99000000000024;4,426441426039673
2022-12-16;4036,25;4054,8736653816018;-19,480000000000018;-0,8563346183982503
2022-12-19;4050,78;4034,8286677701244;14,5300000000002;-1,4213322298755884
2022-12-20;4102,04;4043,8962478261105;51,25999999999976;-6,883752173889661
2022-12-21;4139,11;4104,469285871679;37,06999999999971;2,429285871678985
2022-12-22;4119,27;4144,087974628112;-19,839999999999236;4,9779746281119515
2022-12-23;4099,89;4123,089801042649;-19,38000000000011;3,819801042648578
2022-12-27;4069,05;4102,217035414389;-30,840000000000146;2,3270354143887744
2022-12-28;4069,27;4065,173269005429;0,2199999999997999;-3,876730994571062
2022-12-29;4128,48;4067,621788287847;59,20999999999958;-1,64821171215317
2022-12-30;4154,32;4130,756046904853;25,840000000000146;2,2760469048535015
2023-01-02;4198,67;4157,0855138988345;44,350000000000364;2,765513898834797
2023-01-03;4303,33;4208,240180344806;104,65999999999985;9,570180344805522
2023-01-04;4389,26;4315,205277780633;85,93000000000029;11,875277780633041
2023-01-05;4397,18;4401,7982930611715;7,920000000000073;12,538293061171316
2023-01-09;4448,1;4408,615986311896;50,92000000000007;11,435986311896158
2023-01-10;4448,73;4461,168596290585;0,6299999999991996;13,068596290584537
2023-01-11;4394,24;4450,679117475893;-54,48999999999978;1,9491174758932175
2023-01-12;4427,26;4394,929232900301;33,02000000000044;0,6892329003012492
2023-01-13;4407,17;4430,22592604873;-20,090000000000146;2,9659260487296706
2023-01-16;4413,34;4401,137808239489;6,170000000000073;-6,032191760511523
2023-01-17;4345,24;4416,983023382268;-68,10000000000036;3,643023382267529
2023-01-18;4328,56;4338,331942911876;-16,67999999999938;-6,908057088124224
2023-01-19;4312,67;4327,571555908249;-15,890000000000327;-0,988444091751262
2023-01-20;4355,86;4305,3767048999425;43,1899999999996;-7,2932951000575486
2023-01-23;4390,0;4357,949484670076;34,14000000000033;2,089484670076672
2023-01-24;4380,85;4392,063600915905;-9,149999999999636;2,0636009159052264
2023-01-25;4305,16;4384,711911601549;-75,69000000000051;3,8619116015488544
2023-01-26;4339,21;4302,547001976753;34,05000000000018;-2,6129980232472008
2023-01-27;4342,89;4341,149249226197;3,680000000000291;1,9392492261968073
2023-01-30;4270,71;4336,9167227574035;-72,18000000000029;-5,9732772425968506
2023-01-31;4412,0;4268,131070615759;141,28999999999996;-2,578929384240837
2023-02-01;4374,2;4423,763620488742;-37,80000000000018;11,763620488742163
2023-02-02;4421,3;4366,063765065204;47,100000000000364;-8,136234934795539
2023-02-03;4434,36;4437,927370468369;13,05999999999949;16,62737046836901
2023-02-06;4366,51;4433,178041662498;-67,84999999999945;-1,1819583375017828
2023-02-07;4376,62;4366,001568629241;10,109999999999673;-0,5084313707593537
2023-02-08;4403,59;4378,632403116203;26,970000000000255;2,0124031162031315
2023-02-09;4472,59;4400,0327843238565;69,0;-3,5572156761436418
2023-02-10;4390,55;4479,678035453048;-82,03999999999996;7,088035453048178
2023-02-13;4381,81;4387,598869457669;-8,739999999999782;-2,951130542331157
2023-02-14;4393,59;4387,27851987042;11,779999999999745;5,468519870419186
2023-02-15;4409,48;4387,384308986221;15,889999999999418;-6,20569101377896
2023-02-16;4451,18;4410,366765544232;41,70000000000073;0,8867655442327305
2023-02-17;4441,12;4456,119178201782;-10,0600000000004;4,939178201781942
2023-02-20;4438,0;4442,591414518482;-3,119999999999891;1,471414518482561
2023-02-21;4373,65;4441,97466007518;-64,35000000000036;3,9746600751795995
2023-02-22;4329,62;4368,130442370379;-44,029999999999745;-5,5195576296209765
2023-02-23;4373,67;4325,754210515048;44,05000000000018;-3,8657894849520744
2023-02-24;4365,76;4371,350392252775;-7,9099999999998545;-2,319607747224836
2023-02-27;4367,48;4361,811271278216;1,7199999999993452;-3,9487287217843914
2023-02-28;4421,49;4371,979993187564;54,01000000000022;4,499993187564542
2023-03-01;4462,97;4425,541571972901;41,48000000000047;4,051571972901002
2023-03-02;4405,61;4467,273185311398;-57,36000000000058;4,3031853113980105
2023-03-03;4454,68;4406,786489869921;49,07000000000062;1,1764898699211699
2023-03-06;4562,43;4462,437359457152;107,75;7,757359457151324
2023-03-07;4586,61;4566,441049049241;24,17999999999938;4,0110490492406825
2023-03-08;4601,93;4594,213098217139;15,320000000000618;7,603098217139632
2023-03-09;4636,65;4613,829831137335;34,719999999999345;11,899831137334331
2023-03-10;4573,09;4642,369099620172;-63,55999999999949;5,719099620172528
2023-03-13;4490,73;4570,202128635309;-82,36000000000058;-2,887871364690909
2023-03-14;4519,9;4487,416740020547;29,170000000000073;-3,313259979452596
2023-03-15;4388,34;4516,322789065719;-131,5599999999995;-3,577210934280629
2023-03-16;4424,95;4370,747467232593;36,60999999999967;-17,592532767406738
2023-03-17;4416,11;4429,942416340419;-8,840000000000146;4,992416340419368
2023-03-20;4402,71;4403,906026625161;-13,399999999999636;-12,203973374838824
2023-03-21;4428,26;4405,522648159585;25,550000000000182;2,812648159584569
2023-03-22;4403,0;4429,75538191191;-25,26000000000022;1,4953819119100444
2023-03-23;4412,03;4400,444736819123;9,029999999999745;-2,5552631808768638
2023-03-24;4365,1;4415,366227959355;-46,92999999999938;3,336227959354801
2023-03-27;4378,61;4359,609656566587;13,509999999999309;-5,490343433413727
2023-03-28;4407,69;4380,560116130816;29,079999999999927;1,950116130816241
2023-03-29;4408,75;4406,1358474934295;1,0600000000004002;-1,5541525065700625
2023-03-30;4501,68;4410,8034653869845;92,93000000000029;2,0534653869844988
2023-03-31;4504,04;4512,084394149359;2,3599999999996726;10,404394149358268
2023-04-03;4498,96;4505,525838359257;-5,079999999999927;1,4858383592572864
2023-04-04;4505,95;4507,748115059055;6,989999999999782;8,78811505905469
2023-04-05;4471,26;4507,00844044841;-34,6899999999996;1,0584404484097831
2023-04-06;4474,1;4468,602267814102;2,8400000000001455;-2,657732185898567
2023-04-11;4553,06;4475,133189903909;78,96000000000004;1,033189903908351
2023-04-12;4547,61;4556,4554788458245;-5,450000000000728;3,3954788458240728
2023-04-13;4581,97;4548,61747814581;34,36000000000058;1,0074781458106372
2023-04-14;4588,54;4592,428996931565;6,569999999999709;10,458996931564798
2023-04-17;4638,05;4589,17782444106;49,51000000000022;0,63782444105982
2023-04-18;4660,99;4645,629386488435;22,9399999999996;7,579386488434466
2023-04-19;4632,02;4664,232878656115;-28,969999999999345;3,2428786561149536
2023-04-20;4624,93;4635,047101020678;-7,0900000000001455;3,0271010206779465
2023-04-21;4584,24;4626,654720299607;-40,69000000000051;1,7247202996068154
2023-04-24;4590,76;4578,735310525877;6,520000000000437;-5,504689474122642
2023-04-25;4579,22;4590,745082488633;-11,539999999999964;-0,014917511367457337
2023-04-26;4543,14;4575,0549280377945;-36,07999999999993;-4,1650719622057295
2023-04-27;4618,28;4541,36233563651;75,13999999999942;-1,7776643634906577
2023-04-28;4600,36;4623,139230463176;-17,920000000000073;4,859230463176573
2023-05-02;4580,51;4596,74630736081;-19,849999999999454;-3,613692639190049
2023-05-04;4528,92;4586,370456814357;-51,590000000000146;5,860456814356439
2023-05-05;4562,18;4523,432950047974;33,26000000000022;-5,4870499520257
2023-05-08;4635,88;4562,924051924208;73,69999999999982;0,7440519242072696
2023-05-09;4660,33;4637,557509710959;24,449999999999818;1,677509710958475
2023-05-10;4692,15;4666,460112680354;31,81999999999971;6,1301126803537045
2023-05-11;4654,32;4702,072846403914;-37,82999999999993;9,922846403914264
2023-05-12;4671,81;4654,262481903084;17,49000000000069;-0,05751809691537346
2023-05-15;4669,14;4676,197610153589;-2,6700000000000728;4,3876101535888665
2023-05-16;4672,59;4666,00577154932;3,449999999999818;-3,1342284506799842
2023-05-17;4652,64;4674,962509579783;-19,949999999999818;2,3725095797826725
2023-05-18;4644,45;4651,311926875017;-8,19000000000051;-1,328073124983348
2023-05-19;4674,52;4644,423374649944;30,07000000000062;-0,02662535005583777
2023-05-22;4758,59;4675,387506225975;84,06999999999971;0,8675062259744664
2023-05-23;4760,99;4765,112538089401;2,399999999999636;6,5225380894007685
2023-05-24;4652,1;4765,126577670239;-108,88999999999942;4,136577670239603
2023-05-25;4643,41;4651,769893032637;-8,69000000000051;-0,3301069673634629
2023-05-26;4685,19;4642,499643891742;41,779999999999745;-0,9103561082574743
2023-05-29;4672,74;4678,862703151434;-12,449999999999818;-6,327296848565311
2023-05-30;4635,57;4671,8698878214955;-37,17000000000007;-0,8701121785043142
2023-05-31;4549,84;4636,900719683496;-85,72999999999956;1,3307196834966817
2023-06-01;4610,96;4542,156011414471;61,11999999999989;-7,683988585528823
2023-06-02;4721,63;4612,284118913813;110,67000000000007;1,3241189138125264
2023-06-05;4709,96;4723,345622817132;-11,670000000000073;1,7156228171315888
2023-06-06;4744,19;4715,771027792972;34,22999999999956;5,8110277929717995
2023-06-07;4711,76;4757,309518383439;-32,42999999999938;13,119518383439754
2023-06-09;4724,97;4708,777070647979;13,210000000000036;-2,9829293520215288
2023-06-12;4689,79;4729,392943230221;-35,18000000000029;4,422943230220881
2023-06-13;4616,1;4684,65742604007;-73,6899999999996;-5,132573959929687
2023-06-14;4691,4;4611,8528218499;75,29999999999927;-4,247178150100808
2023-06-15;4716,97;4694,158999865713;25,57000000000062;2,758999865713122
2023-06-16;4722,38;4713,300016521279;5,4099999999998545;-3,669983478721406
2023-06-19;4743,0;4730,306428061835;20,61999999999989;7,926428061834486
2023-06-20;4728,91;4747,334315085;-14,090000000000146;4,334315084999616
2023-06-21;4747,7;4728,86014004202;18,789999999999964;-0,049859957979606406
2023-06-22;4785,09;4751,425152787897;37,39000000000033;3,725152787897059
2023-06-23;4742,8;4787,270396711904;-42,289999999999964;2,1803967119039953
2023-06-26;4765,37;4741,908790874528;22,56999999999971;-0,8912091254724146
2023-06-27;4751,48;4770,752557851567;-13,890000000000327;5,382557851567071
2023-06-28;4798,95;4747,129292791882;47,470000000000255;-4,350707208117456
2023-06-29;4848,04;4805,111343277734;49,090000000000146;6,161343277733977
2023-06-30;4852,03;4851,290153487426;3,9899999999997817;3,25015348742636
2023-07-03;4870,1;4857,392284385043;18,07000000000062;5,362284385043495
2023-07-04;4883,44;4876,390931786888;13,339999999999236;6,290931786887995
2023-07-05;4860,49;4885,353197781959;-22,949999999999818;1,9131977819597523
2023-07-06;4895,11;4860,895858900029;34,61999999999989;0,4058589000296706
2023-07-07;4916,57;4899,332575562358;21,460000000000036;4,222575562358543
2023-07-10;4987,16;4916,798838289709;70,59000000000015;0,2288382897095289
2023-07-11;5000,64;4996,397851580351;13,480000000000473;9,237851580351162
2023-07-12;5116,85;5004,461655768347;116,21000000000004;3,821655768346318
2023-07-13;5087,0;5132,809921083859;-29,850000000000364;15,959921083858717
2023-07-14;5166,67;5087,08686721909;79,67000000000007;0,08686721908998152
2023-07-17;5256,51;5183,518256862792;89,84000000000015;16,84825686279237
2023-07-18;5301,39;5261,679740427567;44,88000000000011;5,169740427566467
2023-07-19;5303,11;5313,371105468781;1,7199999999993452;11,981105468780697
2023-07-20;5331,39;5312,2320658664285;28,280000000000655;9,122065866428784
2023-07-21;5324,51;5338,208078223383;-6,880000000000109;6,818078223383054
2023-07-24;5328,78;5324,884192262938;4,269999999999527;0,3741922629378678
2023-07-25;5346,03;5332,1506422415505;17,25;3,3706422415507404
2023-07-26;5289,79;5347,376629062655;-56,23999999999978;1,3466290626556656
2023-07-27;5281,26;5286,511939404828;-8,529999999999745;-3,2780605951720645
2023-07-28;5271,07;5282,3012655539615;-10,19000000000051;1,0412655539612388
2023-07-31;5350,36;5265,676335918623;79,28999999999996;-5,393664081376301
2023-08-01;5333,63;5356,117556988593;-16,729999999999563;5,757556988593024
2023-08-02;5264,91;5332,58666125259;-68,72000000000025;-1,0433387474104165
2023-08-03;5258,65;5267,23905719345;-6,260000000000218;2,3290571934503532
2023-08-04;5284,68;5256,807714399617;26,030000000000655;-1,8422856003826382
2023-08-07;5212,34;5280,968359622625;-72,34000000000015;-3,711640377375261
2023-08-08;5161,03;5206,853887554548;-51,3100000000004;-5,486112445451909
2023-08-09;5183,6;5159,49192834578;22,57000000000062;-1,5380716542194932
2023-08-10;5201,74;5178,99567387985;18,139999999999418;-4,60432612015029
2023-08-11;5286,38;5199,091109668452;84,64000000000033;-2,648890331547591
2023-08-14;5299,64;5295,624879123879;13,260000000000218;9,24487912387849
2023-08-16;5229,4;5303,461372412478;-70,24000000000069;3,821372412478013
2023-08-17;5224,3;5232,259288425694;-5,099999999999454;2,8592884256941034
2023-08-18;5219,45;5225,348285180456;-4,850000000000364;1,048285180455423
2023-08-21;5254,37;5213,276775609129;34,92000000000007;-6,173224390870928
2023-08-22;5252,82;5257,081015144582;-1,550000000000182;2,711015144582234
2023-08-23;5225,3;5253,022776123475;-27,519999999999527;0,20277612347490503
2023-08-24;5207,55;5226,849602640923;-17,75;1,5496026409227852
2023-08-25;5165,6;5206,469811450807;-41,94999999999982;-1,080188549192826
2023-08-28;5201,8;5160,312965897807;36,19999999999982;-5,287034102193502
2023-08-29;5203,63;5203,304430384444;1,8299999999999272;1,504430384443367
2023-08-30;5200,38;5200,760166194681;-3,25;-2,8698338053191037
2023-08-31;5190,71;5203,902299121264;-9,670000000000073;3,522299121264041
2023-09-01;5181,0;5190,70372712158;-9,710000000000036;-0,00627287841962243
2023-09-04;5153,27;5180,461628989989;-27,729999999999563;-0,5383710100113603
2023-09-05;5124,42;5150,747477320737;-28,850000000000364;-2,522522679263602
2023-09-06;5055,69;5121,689990974112;-68,73000000000047;-2,730009025887739
2023-09-07;5019,82;5048,209948030884;-35,86999999999989;-7,480051969115266
2023-09-08;5092,23;5014,526248535387;72,40999999999985;-5,2937514646127966
2023-09-11;5072,97;5092,052091689152;-19,25999999999931;-0,17790831084766978
2023-09-12;5039,67;5069,145620769095;-33,30000000000018;-3,824379230904924
2023-09-13;5072,82;5044,032534818825;33,149999999999636;4,362534818825225
2023-09-14;5100,86;5074,10623622939;28,039999999999964;1,2862362293899423
2023-09-15;5091,91;5100,752613356072;-8,949999999999818;-0,10738664392738428
2023-09-18;5038,9;5094,876850532754;-53,01000000000022;2,9668505327545063
2023-09-19;5033,34;5037,833493573741;-5,559999999999491;-1,0665064262584565
2023-09-20;5066,88;5032,424137867063;33,539999999999964;-0,9158621329370362
2023-09-21;5031,43;5065,249414844418;-35,44999999999982;-1,6305851555816844
2023-09-22;5024,08;5028,837877995465;-7,350000000000364;-2,5921220045356677
2023-09-25;4967,08;5026,922000525291;-57,0;2,8420005252910414
2023-09-26;4949,21;4960,001070001218;-17,86999999999989;-7,0789299987818595
2023-09-27;4892,13;4947,401880008894;-57,07999999999993;-1,808119991105741
2023-09-28;4869,81;4882,998475698075;-22,31999999999971;-9,13152430192531
2023-09-29;4936,38;4866,659248787095;66,56999999999971;-3,1507512129055613
2023-10-02;4883,45;4936,870734049073;-52,93000000000029;0,49073404907267104
2023-10-03;4823,34;4878,170072805287;-60,10999999999967;-5,2799271947124
2023-10-04;4881,57;4824,985688801324;58,22999999999956;1,6456888013235584
2023-10-05;4825,79;4881,633860909844;-55,779999999999745;0,06386090984415205
2023-10-06;4816,57;4816,764433275116;-9,220000000000255;-9,025566724883902
2023-10-09;4893,11;4821,433331711514;76,53999999999996;4,863331711514547
2023-10-10;5004,62;4894,443601408217;111,51000000000022;1,333601408216964
2023-10-11;5027,27;5013,29259799112;22,650000000000546;8,672597991119801
2023-10-12;5027,93;5037,046009717098;0,6599999999998545;9,776009717097622
2023-10-13;5049,72;5038,830890122811;21,789999999999964;10,900890122810779
2023-10-16;5187,06;5054,155001576491;137,34000000000015;4,435001576490322
2023-10-17;5289,51;5198,579540316733;102,44999999999982;11,519540316732673
2023-10-18;5225,56;5300,838291885878;-63,94999999999982;11,328291885877661
2023-10-19;5136,98;5233,989092317751;-88,58000000000084;8,429092317750474
2023-10-20;5045,24;5139,783519651909;-91,73999999999978;2,8035196519094825
2023-10-23;5035,45;5032,6402193393815;-9,789999999999964;-12,599780660618308
2023-10-24;5093,13;5027,137205317663;57,68000000000029;-8,312794682336971
2023-10-25;5153,16;5090,305624748395;60,029999999999745;-2,8243752516054883
2023-10-26;5149,61;5157,6873269510625;-3,550000000000182;4,527326951062605
2023-10-27;5106,49;5155,004662331142;-43,11999999999989;5,394662331142172
2023-10-30;5168,7;5108,759386840735;62,210000000000036;2,2693868407350237
2023-10-31;5167,24;5174,03327561636;-1,4600000000000364;5,33327561635997
2023-11-02;5172,88;5163,981292133419;5,640000000000327;-3,2587078665810623
2023-11-03;5244,41;5179,278638856148;71,52999999999975;6,398638856147954
2023-11-06;5291,48;5250,693446173662;47,06999999999971;6,283446173662014
2023-11-07;5251,87;5296,458479234031;-39,60999999999967;4,978479234031511
2023-11-08;5231,84;5255,481998392999;-20,029999999999745;3,6119983929993396
2023-11-09;5280,98;5234,918085040574;49,13999999999942;3,078085040573569
2023-11-10;5231,07;5282,140272856205;-49,909999999999854;1,1602728562056654
2023-11-13;5178,99;5225,791668967695;-52,07999999999993;-5,278331032304777
2023-11-14;5361,49;5179,653342483963;182,5;0,6633424839628788
2023-11-15;5333,29;5372,445602594837;-28,199999999999818;10,955602594836819
2023-11-16;5370,37;5326,792863599895;37,07999999999993;-6,497136400104864
2023-11-17;5395,8;5390,10657479894;25,43000000000029;19,736574798939728
2023-11-20;5451,25;5395,981076614891;55,44999999999982;0,1810766148910261
2023-11-21;5494,9;5459,553545368451;43,649999999999636;8,303545368450614
2023-11-22;5507,22;5501,27662323986;12,320000000000618;6,376623239860237
2023-11-23;5534,84;5513,79972664733;27,61999999999989;6,579726647330062
2023-11-24;5520,78;5541,6389718714045;-14,0600000000004;6,798971871404319
2023-11-27;5512,11;5521,432335334073;-8,670000000000073;0,6523353340735412
2023-11-28;5609,78;5514,4686471434115;97,67000000000007;2,358647143411872
2023-11-29;5571,54;5616,907483794067;-38,23999999999978;7,127483794067302
2023-11-30;5538,33;5568,369074952917;-33,210000000000036;-3,170925047083074
2023-12-01;5644,39;5545,056453096131;106,0600000000004;6,726453096131081
2023-12-04;5687,28;5649,987709142502;42,88999999999942;5,597709142502026
2023-12-05;5728,67;5688,138145892582;41,39000000000033;0,8581458925818879
2023-12-06;5729,44;5742,132969913098;0,7699999999995271;13,462969913098277
2023-12-07;5677,61;5734,119306499286;-51,82999999999993;4,679306499286213
2023-12-08;5737,44;5677,902603386875;59,82999999999993;0,2926033868752711
2023-12-11;5768,84;5742,903369774408;31,400000000000546;5,46336977440842
2023-12-12;5736,2;5767,196876836053;-32,64000000000033;-1,6431231639471662
2023-12-13;5718,92;5739,583962940253;-17,279999999999745;3,383962940252786
2023-12-14;5759,15;5721,081807375522;40,22999999999956;2,1618073755216756
2023-12-15;5759,63;5760,014546371116;0,48000000000047294;0,8645463711163757
2023-12-18;5835,73;5758,627353537377;76,09999999999945;-1,0026464626234883
2023-12-19;5879,55;5845,986929679034;43,82000000000062;10,256929679034329
2023-12-20;5884,53;5883,661320725892;4,979999999999563;4,111320725892256
2023-12-21;5880,79;5892,421998338565;-3,7399999999997817;7,8919983385649175
2023-12-22;5864,68;5885,13626579259;-16,109999999999673;4,346265792590202
2023-12-27;5847,11;5864,493657788691;-17,57000000000062;-0,18634221130923834
2023-12-28;5845,89;5845,9880173082265;-1,2199999999993452;-1,1219826917731552
2023-12-29;5785,21;5844,942139673219;-60,68000000000029;-0,9478603267816652
2024-01-02;5752,15;5779,373192480143;-33,0600000000004;-5,836807519856848
2024-01-03;5681,9;5750,024897390413;-70,25;-2,1251026095869747
2024-01-04;5717,38;5671,371880408583;35,48000000000047;-10,528119591416726
2024-01-05;5698,34;5717,778435091953;-19,039999999999964;0,398435091952706
2024-01-08;5755,49;5691,034538845704;57,149999999999636;-7,305461154295699
2024-01-09;5804,71;5763,7471036103125;49,220000000000255;8,257103610312697
2024-01-10;5787,02;5807,557999945222;-17,6899999999996;2,847999945222
2024-01-11;5699,31;5791,3526213050645;-87,71000000000004;4,3326213050640945
2024-01-12;5703,41;5697,396303977328;4,099999999999454;-1,9136960226724113
2024-01-15;5639,73;5702,85121825383;-63,68000000000029;-0,5587817461700979
2024-01-16;5639,58;5627,384390424208;-0,1499999999996362;-12,345609575791968
2024-01-17;5533,06;5640,457140111318;-106,51999999999953;0,8771401113181128
2024-01-18;5610,41;5519,511771518521;77,34999999999945;-13,548228481479782
2024-01-19;5662,38;5616,880845847974;51,970000000000255;6,470845847974488
2024-01-22;5690,76;5657,6166555688915;28,38000000000011;-4,763344431108635
2024-01-23;5643,89;5700,384540205836;-46,86999999999989;9,624540205835729
2024-01-24;5673,37;5645,435792338186;29,479999999999563;1,5457923381854926
2024-01-25;5694,13;5678,832058161468;20,76000000000022;5,462058161468121
2024-01-26;5707,59;5692,321342497671;13,460000000000036;-1,8086575023289697
2024-01-29;5670,48;5711,762126595727;-37,11000000000058;4,172126595726695
2024-01-30;5738,61;5670,079092300524;68,13000000000011;-0,40090769947528315
2024-01-31;5847,28;5745,770518437448;108,67000000000007;7,160518437448445
2024-02-01;5971,24;5853,239286287925;123,96000000000004;5,959286287925352
2024-02-02;5992,01;5987,842688737848;20,770000000000437;16,60268873784844
2024-02-05;5958,42;6004,050966622727;-33,590000000000146;12,040966622726955
2024-02-06;5993,3;5967,424630668769;34,88000000000011;9,004630668769096
2024-02-07;5982,38;5998,945097908657;-10,920000000000073;5,64509790865668
2024-02-08;5951,89;5979,361663937207;-30,48999999999978;-3,0183360627934235
2024-02-09;5939,24;5953,007011835971;-12,650000000000546;1,1170118359705157
2024-02-12;5980,24;5938,014040670677;41,0;-1,2259593293229045
2024-02-13;5892,8;5981,506354741173;-87,4399999999996;1,2663547411730178
2024-02-14;5985,83;5885,252821846603;93,02999999999975;-7,547178153396999
2024-02-15;5967,71;5997,22307925079;-18,11999999999989;11,393079250789924
2024-02-16;6025,94;5959,613615861933;58,22999999999956;-8,096384138067151
2024-02-19;6109,48;6038,794771935025;83,53999999999996;12,854771935025383
2024-02-20;6148,38;6115,600247465087;38,900000000000546;6,120247465087232
2024-02-21;6127,47;6157,395502712444;-20,909999999999854;9,015502712443777
2024-02-22;6171,8;6134,054888102113;44,32999999999993;6,584888102112927
2024-02-23;6188,43;6179,652679353331;16,63000000000011;7,852679353331041
2024-02-26;6245,33;6188,874600631005;56,899999999999636;0,444600631004505
2024-02-27;6264,95;6254,323714937353;19,61999999999989;8,993714937352706
2024-02-28;6198,23;6268,920722341499;-66,72000000000025;3,970722341498913
2024-02-29;6239,0;6198,698826597344;40,77000000000044;0,46882659734455956
2024-03-01;6250,7;6244,661676373267;11,699999999999818;5,661676373267255
2024-03-04;6155,07;6246,639653792391;-95,63000000000011;-4,060346207608745
2024-03-05;6166,82;6151,535569067698;11,75;-3,5344309323018024
2024-03-06;6201,34;6169,49829511151;34,52000000000044;2,678295111510124
2024-03-07;6202,68;6196,3483654887;1,3400000000001455;-4,991634511299708
2024-03-08;6181,25;6204,134442654817;-21,43000000000029;1,4544426548163756
2024-03-11;6077,82;6183,314166626151;-103,43000000000029;2,0641666261508362
2024-03-12;6153,05;6070,602821195932;75,23000000000047;-7,217178804067771
2024-03-13;6191,54;6157,626736783329;38,48999999999978;4,57673678332867
2024-03-14;6189,95;6186,08210674585;-1,5900000000001455;-5,457893254149894
2024-03-15;6166,35;6196,469745083004;-23,599999999999454;6,519745083004636
2024-03-18;6101,8;6168,953156715228;-64,55000000000018;2,6031567152276693
2024-03-19;6125,67;6097,561460622677;23,86999999999989;-4,2385393773229225
2024-03-20;6077,28;6126,165702051632;-48,39000000000033;0,49570205163217906
2024-03-21;6242,53;6068,498134476597;165,25;-8,781865523402303
2024-03-22;6225,26;6257,4927220441905;-17,269999999999527;14,962722044190741
2024-03-25;6212,44;6220,897499545274;-12,820000000000618;-4,362500454726614
2024-03-26;6246,19;6226,074712010668;33,75;13,634712010668409
2024-03-27;6275,65;6248,859222258812;29,460000000000036;2,669222258812624
2024-03-28;6326,51;6277,489825899769;50,86000000000058;1,8398258997694938
2024-04-02;6398,58;6333,938310845648;72,06999999999971;7,428310845647502
2024-04-03;6393,77;6407,5831935968945;-4,809999999999491;9,003193596894562
2024-04-04;6453,21;6398,70112362859;59,4399999999996;4,931123628589376
2024-04-05;6362,74;6464,907127186085;-90,47000000000025;11,6971271860848
2024-04-08;6402,54;6356,799724418008;39,80000000000018;-5,940275581991955
2024-04-09;6312,53;6411,059123066881;-90,01000000000022;8,519123066880638
2024-04-10;6333,03;6299,331345983396;20,5;-13,198654016603541
2024-04-11;6266,24;6337,717848127005;-66,78999999999996;4,687848127005054
2024-04-12;6236,19;6254,802717329767;-30,050000000000182;-11,43728267023289
2024-04-15;6284,19;6235,57150719649;48,0;-0,6184928035099801
2024-04-16;6079,34;6282,79217352966;-204,84999999999945;-1,3978264703391687
2024-04-17;6140,95;6062,413191141056;61,60999999999967;-16,92680885894424
2024-04-18;6178,52;6148,6644289795795;37,57000000000062;7,714428979579679
2024-04-19;6158,39;6164,668140660758;-20,13000000000011;-13,851859339242765
2024-04-22;6197,13;6161,94937763052;38,73999999999978;3,5593776305195206
2024-04-23;6243,56;6203,988444210667;46,43000000000029;6,858444210666676
2024-04-24;6220,39;6246,262025703268;-23,170000000000073;2,7020257032672816
2024-04-25;6192,78;6222,9085116249225;-27,610000000000582;2,518511624922212
2024-04-26;6221,71;6195,525053445997;28,93000000000029;2,745053445997655
2024-04-29;6292,04;6222,556165668105;70,32999999999993;0,8461656681047316
2024-04-30;6285,32;6295,3781115736965;-6,720000000000255;3,338111573696551
2024-05-02;6262,27;6288,221520900205;-23,049999999999272;2,901520900205469
2024-05-06;6369,03;6267,475214599375;106,75999999999931;5,205214599374813
2024-05-07;6412,43;6376,960149395805;43,400000000000546;7,930149395805529
2024-05-08;6436,44;6414,646537126474;24,00999999999931;2,2165371264736677
2024-05-09;6465,73;6448,084243743216;29,289999999999964;11,644243743216066
2024-05-10;6491,33;6472,9543317429125;25,600000000000364;7,224331742912909
2024-05-13;6574,47;6496,3282102198245;83,14000000000033;4,998210219824614
2024-05-14;6605,56;6583,942914184078;31,090000000000146;9,472914184078036
2024-05-15;6615,91;6611,289891259873;10,349999999999454;5,729891259872602
2024-05-16;6635,44;6624,999571714405;19,529999999999745;9,089571714404883
2024-05-17;6637,27;6640,965083265046;1,8300000000008367;5,525083265046305
2024-05-20;6701,78;6639,416339114622;64,50999999999931;2,1463391146216964
2024-05-21;6675,93;6708,951470408909;-25,849999999999454;7,171470408909045
2024-05-22;6666,92;6675,450786947372;-9,010000000000218;-0,47921305262843816
2024-05-23;6699,58;6672,554591843061;32,659999999999854;5,634591843060662
2024-05-24;6683,61;6700,8231358588455;-15,970000000000255;1,2431358588455623
2024-05-27;6670,63;6682,42968497133;-12,979999999999563;-1,180315028669611
2024-05-28;6615,99;6673,155801480148;-54,64000000000033;2,525801480147493
2024-05-29;6534,71;6611,613112640602;-81,27999999999975;-4,376887359398097
2024-05-31;6551,62;6528,120793931824;16,909999999999854;-6,589206068176281
2024-06-03;6617,15;6548,31606820954;65,52999999999975;-3,303931790459501
2024-06-04;6505,49;6615,19338163696;-111,65999999999985;-1,9566183630395244
2024-06-05;6544,23;6499,41099710098;38,73999999999978;-6,079002899019542
2024-06-06;6556,49;6553,089206872042;12,260000000000218;8,859206872042705
2024-06-07;6538,31;6548,76543437961;-18,17999999999938;-7,724565620389512
2024-06-10;6517,61;6540,538382966361;-20,700000000000728;2,2283829663601864
2024-06-11;6408,87;6518,100692214562;-108,73999999999978;0,4906922145619319
2024-06-12;6489,1;6400,32156240817;80,23000000000047;-8,548437591829497
2024-06-13;6379,34;6493,027591677441;-109,76000000000022;3,9275916774404322
2024-06-14;6311,56;6363,295911613404;-67,77999999999975;-16,04408838659583
2024-06-17;6410,1;6313,499527485306;98,53999999999996;1,9395274853059163
2024-06-18;6426,69;6407,898708486266;16,589999999999236;-2,201291513734759
2024-06-19;6499,47;6422,116642368851;72,78000000000065;-4,57335763114861
2024-06-20;6474,01;6513,56341470448;-25,460000000000036;14,093414704479983
2024-06-21;6452,95;6475,4081914649405;-21,0600000000004;1,3981914649402825
2024-06-24;6510,87;6458,712074695069;57,92000000000007;5,762074695068804
2024-06-25;6466,08;6513,63981215078;-44,789999999999964;2,769812150780126
2024-06-26;6439,5;6462,003028630652;-26,579999999999927;-4,07697136934803
2024-06-27;6465,93;6443,278724573661;26,43000000000029;3,7787245736608384
2024-06-28;6517,71;6464,684722535658;51,779999999999745;-1,2452774643425073
2024-07-01;6500,75;6519,534257084378;-16,960000000000036;1,8242570843776775
2024-07-02;6400,75;6502,735161037688;-100,0;1,985161037688158
2024-07-03;6418,18;6399,345411361288;17,43000000000029;-1,4045886387120845
2024-07-04;6454,62;6418,53404821449;36,4399999999996;0,3540482144899215
2024-07-05;6397,92;6448,892089851299;-56,69999999999982;-5,727910148701085
2024-07-08;6433,6;6395,928293236217;35,68000000000029;-1,9917067637834407
2024-07-09;6461,38;6439,921116715927;27,779999999999745;6,321116715927019
2024-07-10;6425,12;6459,1742717801935;-36,26000000000022;-2,2057282198065877
2024-07-11;6434,83;6426,389096846334;9,710000000000036;1,2690968463339232
2024-07-12;6462,72;6438,795791848418;27,890000000000327;3,965791848418121
2024-07-15;6415,56;6462,238356620304;-47,159999999999854;-0,4816433796959245
2024-07-16;6246,51;6413,857780762862;-169,05000000000018;-1,7022192371387064
2024-07-17;6243,06;6238,123181201606;-3,449999999999818;-8,386818798394415
2024-07-18;6325,38;6239,0808140358395;82,31999999999971;-3,9791859641609335
2024-07-19;6292,82;6316,272267553282;-32,5600000000004;-9,107732446717819
2024-07-22;6335,95;6290,062251414541;43,13000000000011;-2,7577485854590122
2024-07-23;6234,24;6346,983507536191;-101,71000000000004;11,033507536190882
2024-07-24;6207,39;6225,636733622083;-26,849999999999454;-8,603266377916952
2024-07-25;6181,1;6209,8357848328415;-26,289999999999964;2,4457848328411274
2024-07-26;6170,84;6171,109286925793;-10,260000000000218;-9,990713074207633
2024-07-29;6198,81;6167,942750679398;27,970000000000255;-2,8972493206019863
2024-07-30;6192,99;6198,886585825888;-5,8200000000006185;0,07658582588737772
2024-07-31;6269,27;6192,282427380047;76,28000000000065;-0,7075726199527708
2024-08-01;6185,19;6277,577323466652;-84,08000000000084;8,307323466651724
2024-08-02;6076,19;6179,9960308063255;-109,0;-5,193969193674093
2024-08-05;5845,94;6076,258686298692;-230,25;0,06868629869222787
2024-08-06;5828,03;5823,141021956855;-17,909999999999854;-22,798978043144416
2024-08-07;5898,32;5817,338821974394;70,28999999999996;-10,69117802560595
2024-08-08;5923,53;5883,943757486874;25,210000000000036;-14,376242513125362
2024-08-09;5924,31;5923,7947083833615;0,7800000000006548;0,26470838336172164
2024-08-12;6091,37;5930,904192168575;167,0599999999995;6,594192168574409
2024-08-13;6118,69;6105,9734690309215;27,31999999999971;14,603469030921588
2024-08-14;6129,74;6121,655768429375;11,050000000000182;2,9657684293752027
2024-08-16;6255,24;6145,383734175694;125,5;15,64373417569459
2024-08-19;6272,41;6267,870415223787;17,170000000000073;12,630415223787168
2024-08-20;6199,17;6275,582965488064;-73,23999999999978;3,17296548806371
2024-08-21;6212,32;6205,67334997982;13,149999999999636;6,5033499798200864
2024-08-22;6210,07;6215,569999124785;-2,25;3,249999124785063
2024-08-23;6197,76;6204,120881218922;-12,30999999999949;-5,949118781078141
2024-08-26;6191,57;6198,66759257944;-6,190000000000509;0,9075925794395516
2024-08-27;6238,07;6191,603745994038;46,5;0,0337459940383269
2024-08-28;6213,16;6240,987102748143;-24,909999999999854;2,9171027481434066
2024-08-29;6292,42;6211,500735789501;79,26000000000022;-1,6592642104988045
2024-08-30;6344,45;6302,8397432990705;52,029999999999745;10,419743299070433
2024-09-02;6425,37;6346,715968664119;80,92000000000007;2,2659686641191
2024-09-03;6333,74;6438,934020998928;-91,63000000000011;13,564020998927845
2024-09-04;6320,23;6332,508958489457;-13,510000000000218;-1,2310415105430366
2024-09-05;6219,49;6327,032993896328;-100,73999999999978;6,802993896328189
2024-09-06;6100,22;6205,137951052226;-119,26999999999953;-14,352048947774165
2024-09-09;6066,79;6090,772097371767;-33,43000000000029;-9,44790262823335
2024-09-10;6020,64;6055,989054105891;-46,149999999999636;-10,800945894108736
2024-09-11;5946,82;6007,371671172147;-73,82000000000062;-13,26832882785311
2024-09-12;6100,4;5938,944129161101;153,57999999999993;-7,875870838898663
2024-09-13;6141,81;6107,96736472207;41,410000000000764;7,567364722070124
2024-09-16;6134,04;6139,362789638684;-7,770000000000437;-2,447210361316138
2024-09-17;6186,17;6147,745451527048;52,13000000000011;13,705451527048353
2024-09-18;6161,43;6194,272641868411;-24,73999999999978;8,102641868410501
2024-09-19;6165,35;6159,684580389803;3,9200000000000728;-1,745419610197132
2024-09-20;6087,34;6170,907097548607;-78,01000000000022;5,557097548607089
2024-09-23;6082,52;6080,089485724163;-4,819999999999709;-7,250514275837304
2024-09-24;6116,37;6083,023535838626;33,849999999999454;0,503535838625794
2024-09-25;6204,0;6112,583341209146;87,63000000000011;-3,786658790853835
2024-09-26;6237,64;6210,865121995634;33,64000000000033;6,865121995633672
2024-09-27;6266,93;6243,918340339261;29,289999999999964;6,278340339260467
2024-09-30;6201,66;6277,441186748376;-65,27000000000044;10,511186748375621
2024-10-01;6144,54;6200,302540261482;-57,11999999999989;-1,3574597385177185
2024-10-02;6119,17;6143,420983283926;-25,36999999999989;-1,1190167160739293
2024-10-03;6074,72;6112,08160861345;-44,44999999999982;-7,088391386550029
2024-10-04;6078,26;6067,307524690726;3,5399999999999636;-7,412475309274669
2024-10-07;6089,44;6077,097849672737;11,179999999999382;-1,1621503272635891
2024-10-08;6074,04;6087,16162806433;-15,399999999999636;-2,2783719356693837
2024-10-09;6120,03;6074,048541113651;45,98999999999978;0,008541113650608168
2024-10-10;6131,91;6125,000889799559;11,88000000000011;4,9708897995597
2024-10-11;6184,24;6132,143509325202;52,32999999999993;0,23350932520224887
2024-10-14;6173,62;6192,844180119798;-10,61999999999989;8,604180119798002
2024-10-15;6206,0;6174,423938553452;32,38000000000011;0,8039385534520989
2024-10-16;6222,06;6213,500000700151;16,0600000000004;7,500000700150849
2024-10-17;6094,53;6222,821051299798;-127,53000000000065;0,7610512997971455
2024-10-18;6156,18;6088,698923476941;61,650000000000546;-5,831076523058982
2024-10-21;6199,49;6162,312025738906;43,30999999999949;6,132025738906123
2024-10-22;6056,92;6192,202486375459;-142,5699999999997;-7,287513624541134
2024-10-23;6058,0;6053,465549657483;1,0799999999999272;-3,454450342516793
2024-10-24;6076,44;6062,202928989542;18,4399999999996;4,2029289895417605
2024-10-25;6048,95;6065,528851959442;-27,48999999999978;-10,911148040557237
2024-10-28;6026,88;6048,458869521568;-22,06999999999971;-0,49113047843184177
2024-10-29;6020,36;6027,539386996823;-6,520000000000437;0,6593869968228319
2024-10-30;5962,88;6017,978629776226;-57,47999999999956;-2,3813702237739562
2024-10-31;5966,67;5957,516790852171;3,7899999999999636;-5,363209147829366
2024-11-04;6006,04;5967,1005948596685;39,36999999999989;0,4305948596684175
2024-11-05;5946,59;6004,392733938117;-59,44999999999982;-1,647266061882874
2024-11-06;5987,42;5943,651029595589;40,82999999999993;-2,9389704044115206
2024-11-07;6065,81;5994,501973728682;78,39000000000033;7,081973728681987
2024-11-08;6070,14;6066,500564424845;4,329999999999927;0,6905644248445242
2024-11-12;6031,71;6075,116686440039;-38,43000000000029;4,976686440038975
2024-11-13;5989,93;6036,430998757744;-41,779999999999745;4,720998757744383
2024-11-14;6093,92;5987,562816218002;103,98999999999978;-2,367183781998392
2024-11-15;6054,48;6098,651132148466;-39,44000000000051;4,731132148465804
2024-11-18;6047,62;6048,673465493892;-6,859999999999673;-5,80653450610771
2024-11-19;5930,02;6057,416484220232;-117,59999999999945;9,796484220231832
2024-11-20;5954,66;5918,288446289967;24,639999999999418;-11,73155371003304
2024-11-21;6043,16;5956,734094622426;88,5;2,074094622425946
2024-11-22;6059,78;6039,7389665108285;16,61999999999989;-3,42103348917135
2024-11-25;6018,02;6064,086581723299;-41,75999999999931;4,306581723299132
2024-11-26;6018,29;6023,376370841645;0,26999999999952706;5,356370841645003
2024-11-27;6009,02;6020,222200003063;-9,269999999999527;1,9322000030633717
2024-11-28;6007,6;6005,314618408468;-1,4200000000000728;-3,7053815915323867
2024-11-29;6065,12;6008,351611798438;57,51999999999953;0,751611798437807
2024-12-02;6151,65;6069,068263533997;86,52999999999975;3,948263533997306
2024-12-03;6138,81;6158,329192452038;-12,839999999999236;6,679192452038478
2024-12-04;6168,97;6143,449865092416;30,159999999999854;4,6398650924156755
2024-12-05;6191,09;6179,240945452749;22,11999999999989;10,270945452748492
2024-12-06;6218,82;6191,873576052589;27,729999999999563;0,7835760525886144
2024-12-09;6184,77;6224,150367672762;-34,04999999999927;5,330367672761895
2024-12-10;6175,69;6184,799317893226;-9,080000000000837;0,029317893225197622
2024-12-11;6163,53;6178,138118043453;-12,159999999999854;2,448118043453178
2024-12-12;6130,05;6160,265148565969;-33,47999999999956;-3,2648514340307884
2024-12-13;6132,15;6127,663689339541;2,0999999999994543;-2,3863106604594577
2024-12-16;6160,04;6131,983636776158;27,890000000000327;-0,16636322384147206
2024-12-17;6046,48;6159,799398718493;-113,5600000000004;-0,24060128150722448
2024-12-18;6076,66;6039,296640796443;30,18000000000029;-7,1833592035563925
2024-12-19;6085,66;6082,111960797243;9,0;5,451960797243373
2024-12-20;6054,88;6076,781773972161;-30,779999999999745;-8,878226027838537
2024-12-23;6087,67;6056,398748864761;32,789999999999964;1,5187488647607097
2024-12-27;6126,16;6091,4037632040645;38,48999999999978;3,7337632040644166
2024-12-30;6122,32;6126,735086934302;-3,8400000000001455;0,5750869343019076
2025-01-02;6234,95;6125,659554723851;112,63000000000011;3,3395547238515064
2025-01-03;6310,39;6246,915586864644;75,44000000000051;11,965586864644138
2025-01-07;6385,46;6315,809737760489;75,06999999999971;5,419737760488715
2025-01-08;6326,09;6401,574130416883;-59,36999999999989;16,1141304168832
2025-01-09;6369,46;6328,742066817353;43,36999999999989;2,6520668173525337
2025-01-10;6413,14;6379,723084733996;43,68000000000029;10,263084733996038
2025-01-13;6308,22;6411,371951643393;-104,92000000000007;-1,7680483566073235
2025-01-14;6327,52;6305,471007264665;19,300000000000182;-2,748992735335378
2025-01-15;6394,94;6333,531404056763;67,41999999999916;6,011404056762331
2025-01-16;6383,13;6390,760992728279;-11,80999999999949;-4,179007271720366
2025-01-17;6461,6;6384,859588065516;78,47000000000025;1,7295880655155997
2025-01-20;6501,26;6473,856840466139;39,659999999999854;12,256840466138783
2025-01-21;6489,33;6503,236036279228;-11,930000000000291;1,9760362792276283
2025-01-22;6539,11;6496,282857938078;49,779999999999745;6,952857938078523
2025-01-23;6511,77;6546,601163979098;-27,339999999999236;7,491163979098019
2025-01-24;6564,61;6509,190095823922;52,839999999999236;-2,579904176078344
2025-01-27;6498,59;6573,63477029844;-66,01999999999953;9,024770298440671
2025-01-28;6516,51;6491,903788824361;17,920000000000073;-6,686211175639073
2025-01-29;6516,54;6523,409959396881;0,02999999999974534;6,899959396881059
2025-01-30;6632,2;6511,0067597754105;115,65999999999985;-5,533240224589463
2025-01-31;6609,99;6642,794504264478;-22,210000000000036;10,594504264478019
2025-02-03;6515,85;6608,961428112471;-94,13999999999942;-1,0285718875284147
2025-02-04;6573,6;6520,365618995088;57,75;4,515618995087607
2025-02-05;6514,36;6576,021355552506;-59,24000000000069;2,421355552505702
2025-02-06;6693,33;6502,52566825957;178,97000000000025;-11,834331740429661
2025-02-07;6706,39;6711,466443101478;13,0600000000004;18,136443101478108
2025-02-10;6775,66;6702,371504462882;69,26999999999953;-4,018495537118724
2025-02-11;6896,71;6796,831571636948;121,05000000000018;21,1715716369481
2025-02-12;6886,01;6906,160687070285;-10,699999999999818;9,450687070285312
2025-02-13;6854,46;6892,324629622494;-31,550000000000182;6,314629622494067
2025-02-14;6821,35;6863,636215412595;-33,10999999999967;9,176215412595411
2025-02-17;6855,25;6818,292145857002;33,899999999999636;-3,0578541429986217
2025-02-18;6966,88;6855,4655083901725;111,63000000000011;0,21550839017254475
2025-02-19;6902,68;6972,410652181047;-64,19999999999982;5,530652181047117
2025-02-20;6892,61;6902,301219065096;-10,070000000000618;-0,37878093490417086
2025-02-21;6886,5;6902,461921651489;-6,109999999999673;9,851921651489647
2025-02-24;6790,78;6880,659088306851;-95,72000000000025;-5,8409116931488825
2025-02-25;6801,92;6784,510458540268;11,140000000000327;-6,269541459731954
2025-02-26;6895,56;6802,811171258413;93,64000000000033;0,8911712584131237
2025-02-27;6858,99;6894,08923282838;-36,57000000000062;-1,4707671716205368
2025-02-28;6820,93;6858,843452895863;-38,05999999999949;-0,14654710413651628
2025-03-03;6812,94;6827,388798189856;-7,990000000000691;6,45879818985577
2025-03-04;6612,56;6809,361385251371;-200,3799999999992;-3,578614748628752
2025-03-05;6740,05;6596,779482955399;127,48999999999978;-15,780517044601766
2025-03-06;6799,64;6748,613267997516;59,590000000000146;8,56326799751605
2025-03-07;6828,74;6785,688253411397;29,099999999999454;-13,951746588602873
2025-03-10;6800,61;6843,924309974394;-28,13000000000011;15,184309974394637
2025-03-11;6777,75;6803,690258308313;-22,859999999999673;3,080258308313205
2025-03-12;6885,22;6779,24035288206;107,47000000000025;1,4903528820595966
2025-03-13;6916,99;6890,3480381233085;31,769999999999527;5,128038123308215
2025-03-14;7025,87;6917,666377626101;108,88000000000011;0,6763776261013845
2025-03-17;7142,83;7043,398695079212;116,96000000000004;17,52869507921241
2025-03-18;7194,81;7153,33477352501;51,98000000000047;10,504773525010023
2025-03-19;7223,21;7208,802239888801;28,399999999999636;13,992239888800214
2025-03-20;7177,31;7235,44605582096;-45,899999999999636;12,236055820960246
2025-03-21;7170,31;7178,643040397922;-7,0;1,3330403979216499
2025-03-24;7260,91;7172,663506169354;90,59999999999945;2,35350616935375
2025-03-25;7379,34;7263,505568251293;118,43000000000029;2,595568251293116
2025-03-26;7344,82;7388,0503002124615;-34,52000000000044;8,710300212461334
2025-03-27;7314,42;7351,0280244074;-30,399999999999636;6,208024407400444
2025-03-28;7288,69;7322,672033625187;-25,730000000000473;8,252033625187323
2025-03-31;7184,44;7283,7885429511425;-104,25;-4,9014570488570826
2025-04-01;7286,24;7175,697152261816;101,80000000000018;-8,742847738183627
2025-04-02;7320,93;7291,9063383685325;34,69000000000051;5,666338368532706
2025-04-03;7154,04;7314,995270228968;-166,89000000000033;-5,934729771031925
2025-04-04;6793,8;7153,654100702267;-360,2399999999998;-0,38589929773297627
2025-04-07;6706,6;6770,449535772944;-87,19999999999982;-23,350464227056364
2025-04-08;6917,66;6686,823824076194;211,0599999999995;-19,776175923806477
2025-04-09;6772,42;6907,825723143285;-145,23999999999978;-9,834276856714496
2025-04-10;6930,22;6755,8075130742145;157,80000000000018;-16,61248692578556
2025-04-11;6951,05;6961,08272552717;20,829999999999927;30,86272552716946
2025-04-14;7129,95;6936,787758883434;178,89999999999964;-14,262241116565747
2025-04-15;7160,91;7157,150984937038;30,960000000000036;27,2009849370379
