Data;mwig40_Zamkniecie;ARIMA_Forecast;Rzeczywisty_Zwrot;Prognozowany_Zwrot
2022-01-03;5382,71;5294,4270325746165;90,98999999999978;2,707032574616278
2022-01-04;5393,03;5395,595511567128;10,319999999999709;12,88551156712765
2022-01-05;5406,56;5396,301703639849;13,530000000000655;3,2717036398489654
2022-01-07;5434,91;5415,260229728531;28,349999999999454;8,700229728530758
2022-01-10;5431,53;5439,671317747102;-3,380000000000109;4,761317747102112
2022-01-11;5479,55;5433,363354919421;48,02000000000044;1,8333549194212537
2022-01-12;5548,4;5487,352712494685;68,84999999999945;7,8027124946847835
2022-01-13;5541,97;5557,4884047544165;-6,4299999999993815;9,088404754416842
2022-01-14;5493,94;5546,843388679538;-48,030000000000655;4,873388679538039
2022-01-17;5503,15;5493,9289481232445;9,210000000000036;-0,011051876755118428
2022-01-18;5406,01;5503,235918198856;-97,13999999999942;0,08591819885623408
2022-01-19;5369,59;5392,698319904398;-36,42000000000007;-13,311680095602242
2022-01-20;5340,54;5364,539652732739;-29,050000000000182;-5,050347267260804
2022-01-21;5228,78;5330,213407035436;-111,76000000000022;-10,326592964564043
2022-01-24;5026,64;5213,644179435718;-202,13999999999942;-15,135820564281858
2022-01-25;5076,46;4999,653407171756;49,81999999999971;-26,986592828244284
2022-01-26;5149,96;5070,02568170968;73,5;-6,434318290320334
2022-01-27;5175,74;5145,3142911270415;25,779999999999745;-4,645708872958494
2022-01-28;5128,54;5184,373009355331;-47,19999999999982;8,633009355331524
2022-01-31;5106,59;5129,461494736588;-21,949999999999818;0,9214947365881017
2022-02-01;5176,84;5105,528782143802;70,25;-1,0612178561977998
2022-02-02;5267,56;5181,566699430698;90,72000000000025;4,726699430697408
2022-02-03;5276,91;5278,410486021242;9,349999999999454;10,850486021241522
2022-02-04;5225,86;5285,173524535745;-51,05000000000018;8,263524535745091
2022-02-07;5229,31;5227,04655846574;3,4500000000007276;1,1865584657407453
2022-02-08;5258,08;5230,018801929474;28,769999999999527;0,7088019294733385
2022-02-09;5244,77;5258,48512864675;-13,30999999999949;0,40512864675019955
2022-02-10;5214,65;5244,585222339781;-30,1200000000008;-0,18477766021987918
2022-02-11;5180,64;5213,551637068128;-34,00999999999931;-1,098362931871634
2022-02-14;5014,58;5175,871410319324;-166,0600000000004;-4,768589680676087
2022-02-15;5139,59;4993,085115409194;125,01000000000022;-21,49488459080567
2022-02-16;5143,31;5148,387894859321;3,7200000000002547;8,797894859320877
2022-02-17;5030,31;5134,989787689602;-113,0;-8,320212310398347
2022-02-18;5005,57;5027,411560959003;-24,74000000000069;-2,8984390409978005
2022-02-21;4863,73;5001,775327259352;-141,84000000000015;-3,7946727406479113
2022-02-22;4903,24;4839,708142272881;39,51000000000022;-24,021857727118913
2022-02-23;4819,57;4903,779255088377;-83,67000000000007;0,5392550883771037
2022-02-24;4253,49;4801,698071021921;-566,0799999999999;-17,87192897807836
2022-02-25;4569,02;4187,326920502199;315,53000000000065;-66,16307949780094
2022-02-28;4589,49;4588,682477402906;20,469999999999345;19,662477402906006
2022-03-01;4456,3;4543,216002106208;-133,1899999999996;-46,2739978937916
2022-03-02;4447,97;4477,680831066461;-8,329999999999927;21,380831066460814
2022-03-03;4451,4;4448,297122930922;3,4299999999993815;0,3271229309220871
2022-03-04;4237,7;4439,906083678062;-213,69999999999982;-11,493916321937832
2022-03-07;4209,48;4218,755763712514;-28,220000000000255;-18,944236287486092
2022-03-08;4165,89;4206,710337324945;-43,589999999999236;-2,7696626750548603
2022-03-09;4368,06;4141,891770736616;202,17000000000007;-23,99822926338402
2022-03-10;4340,29;4381,774341188713;-27,770000000000437;13,714341188712751
2022-03-11;4387,18;4336,080213168462;46,89000000000033;-4,209786831537713
2022-03-14;4375,39;4409,02437942578;-11,789999999999964;21,844379425780062
2022-03-15;4385,62;4372,987938326117;10,229999999999563;-2,4020616738835088
2022-03-16;4562,83;4390,9555792899955;177,21000000000004;5,335579289995621
2022-03-17;4654,35;4577,02485246924;91,52000000000044;14,194852469239777
2022-03-18;4671,82;4665,917760026543;17,469999999999345;11,5677600265426
2022-03-21;4676,65;4690,70545098421;4,829999999999927;18,885450984210365
2022-03-22;4711,99;4686,0565339160585;35,340000000000146;9,406533916058834
2022-03-23;4732,89;4717,178019784657;20,900000000000546;5,188019784657627
2022-03-24;4794,88;4735,899097249491;61,98999999999978;3,0090972494908783
2022-03-25;4771,94;4804,032411359749;-22,94000000000051;9,15241135974884
2022-03-28;4761,97;4773,021638415624;-9,969999999999345;1,0816384156241838
2022-03-29;4783,94;4767,054833695778;21,969999999999345;5,084833695777888
2022-03-30;4795,24;4784,159042000189;11,300000000000182;0,2190420001898019
2022-03-31;4778,07;4796,012146955478;-17,170000000000073;0,7721469554780924
2022-04-01;4811,87;4779,230497888084;33,80000000000018;1,1604978880841372
2022-04-04;4840,1;4816,10994004394;28,230000000000473;4,239940043939896
2022-04-05;4816,33;4841,819046113635;-23,770000000000437;1,7190461136342492
2022-04-06;4739,74;4818,209759935904;-76,59000000000015;1,879759935904076
2022-04-07;4701,38;4736,100872503865;-38,35999999999967;-3,6391274961351883
2022-04-08;4709,1;4695,741181882167;7,720000000000255;-5,63881811783267
2022-04-11;4720,27;4703,0039949910115;11,170000000000073;-6,096005008988868
2022-04-12;4709,11;4718,360423060687;-11,160000000000764;-1,9095769393134105
2022-04-13;4692,24;4709,497638175936;-16,86999999999989;0,3876381759364449
2022-04-14;4671,29;4692,231049313592;-20,949999999999818;-0,008950686407843023
2022-04-19;4666,22;4668,864054413673;-5,069999999999709;-2,425945586326634
2022-04-20;4644,34;4664,59223222629;-21,88000000000011;-1,6277677737098202
2022-04-21;4631,39;4641,063417403726;-12,949999999999818;-3,2765825962742383
2022-04-22;4562,64;4630,143967054945;-68,75;-1,246032945055049
2022-04-25;4476,76;4555,196441611668;-85,88000000000011;-7,443558388332349
2022-04-26;4444,09;4468,034891789929;-32,67000000000007;-8,725108210071085
2022-04-27;4321,17;4434,697497840783;-122,92000000000007;-9,392502159216747
2022-04-28;4359,89;4302,759235171523;38,720000000000255;-18,410764828477113
2022-04-29;4370,19;4359,280371761305;10,299999999999272;-0,6096282386952225
2022-05-02;4321,64;4360,857640719384;-48,54999999999927;-9,332359280615492
2022-05-04;4329,37;4321,646914014557;7,729999999999563;0,00691401455696905
2022-05-05;4261,04;4330,9657529995375;-68,32999999999993;1,5957529995375808
2022-05-06;4218,78;4251,320907801512;-42,26000000000022;-9,719092198488397
2022-05-09;4153,84;4215,597714869774;-64,9399999999996;-3,182285130225864
2022-05-10;4144,59;4141,9303290282405;-9,25;-11,909670971759624
2022-05-11;4129,85;4139,6698084401205;-14,739999999999782;-4,92019155987964
2022-05-12;4073,54;4123,022168742756;-56,3100000000004;-6,827831257244725
2022-05-13;4223,0;4068,1488267012555;149,46000000000004;-5,391173298744434
2022-05-16;4271,42;4234,05954467545;48,42000000000007;11,059544675449615
2022-05-17;4326,88;4272,707998939301;55,460000000000036;1,2879989393013602
2022-05-18;4321,62;4346,414265591005;-5,260000000000218;19,53426559100444
2022-05-19;4256,57;4326,701202598486;-65,05000000000018;5,081202598486016
2022-05-20;4254,54;4256,338619803002;-2,0299999999997453;-0,2313801969976339
2022-05-23;4351,23;4253,596207242761;96,6899999999996;-0,9437927572389526
2022-05-24;4317,09;4354,112569480884;-34,13999999999942;2,88256948088474
2022-05-25;4299,98;4315,571398025918;-17,110000000000582;-1,5186019740822303
2022-05-26;4324,49;4307,418613999852;24,51000000000022;7,43861399985235
2022-05-27;4320,02;4323,7928660660245;-4,469999999999345;-0,6971339339752376
2022-05-30;4370,43;4318,830322011801;50,409999999999854;-1,189677988199037
2022-05-31;4349,02;4377,414722763345;-21,409999999999854;6,984722763344507
2022-06-01;4335,94;4347,82460291272;-13,080000000000837;-1,195397087280071
2022-06-02;4320,48;4339,647480845248;-15,460000000000036;3,7074808452480283
2022-06-03;4289,17;4317,55990466905;-31,30999999999949;-2,9200953309491524
2022-06-06;4320,58;4285,61614096712;31,409999999999854;-3,5538590328797
2022-06-07;4306,65;4322,0040248506075;-13,930000000000291;1,424024850607566
2022-06-08;4227,18;4303,453367600304;-79,46999999999935;-3,1966323996957726
2022-06-09;4183,95;4223,571696445422;-43,23000000000047;-3,608303554578015
2022-06-10;4123,58;4178,597946848159;-60,36999999999989;-5,352053151840664
2022-06-13;3995,49;4111,143201215292;-128,09000000000015;-12,436798784708117
2022-06-14;3979,86;3980,109750408332;-15,629999999999654;-15,380249591667962
2022-06-15;3992,63;3971,9370277116946;12,769999999999982;-7,922972288305573
2022-06-17;3940,71;3982,303472826331;-51,92000000000007;-10,326527173669092
2022-06-20;4026,3;3935,3580963065406;85,59000000000015;-5,351903693459462
2022-06-21;4105,67;4034,679572036644;79,36999999999989;8,379572036643822
2022-06-22;4025,87;4109,26925714364;-79,80000000000018;3,5992571436399885
2022-06-23;3967,27;4028,213800443699;-58,59999999999991;2,3438004436989104
2022-06-24;4026,24;3969,1625317349212;58,9699999999998;1,8925317349212492
2022-06-27;4085,99;4023,903663846039;59,75;-2,3363361539609286
2022-06-28;4107,75;4086,6789350079703;21,76000000000022;0,6889350079704855
2022-06-29;4172,25;4116,100477525979;64,5;8,350477525978931
2022-06-30;4069,37;4184,118097958311;-102,88000000000011;11,86809795831141
2022-07-01;4066,98;4063,479163542795;-2,3899999999998727;-5,890836457204841
2022-07-04;4060,21;4072,2438450376635;-6,769999999999982;5,263845037663486
2022-07-05;3954,91;4050,6782408487843;-105,30000000000018;-9,531759151215738
2022-07-06;3910,49;3945,929480827396;-44,42000000000007;-8,980519172603636
2022-07-07;4049,4;3905,4602409262934;138,9100000000003;-5,029759073706373
2022-07-08;4031,42;4051,865655064913;-17,980000000000018;2,4656550649128803
2022-07-11;4033,67;4027,009115575053;2,25;-4,410884424947199
2022-07-12;3948,04;4047,2178357809635;-85,63000000000011;13,547835780963396
2022-07-13;3933,37;3939,4429234373715;-14,670000000000073;-8,597076562628445
2022-07-14;3892,34;3932,152893829742;-41,029999999999745;-1,217106170257921
2022-07-15;3913,3;3881,232701895284;20,960000000000036;-11,107298104715937
2022-07-18;3981,08;3913,8903767429074;67,77999999999975;0,5903767429072104
2022-07-19;4011,17;3983,7996024902886;30,090000000000146;2,7196024902887075
2022-07-20;4053,8;4016,617589068862;42,63000000000011;5,4475890688618165
2022-07-21;4031,73;4064,3365843883103;-22,070000000000164;10,536584388310075
2022-07-22;4072,11;4033,300459922051;40,38000000000011;1,570459922050759
2022-07-25;4057,52;4079,731295992618;-14,590000000000146;7,621295992617888
2022-07-26;3976,37;4055,0154367782566;-81,15000000000009;-2,5045632217434104
2022-07-27;3955,55;3973,375756993452;-20,81999999999971;-2,994243006548004
2022-07-28;3980,3;3952,235789518078;24,75;-3,314210481922146
2022-07-29;4151,32;3975,345733264211;171,01999999999953;-4,954266735789133
2022-08-01;4136,22;4164,987754269088;-15,099999999999454;13,667754269088618
2022-08-02;4105,73;4138,748117381063;-30,49000000000069;2,528117381062657
2022-08-03;4197,7;4118,7612115733555;91,97000000000025;13,031211573355904
2022-08-04;4127,62;4204,543356117954;-70,07999999999993;6,8433561179544995
2022-08-05;4124,32;4119,765454122342;-3,300000000000182;-7,8545458776579835
2022-08-08;4188,73;4132,4370215093;64,40999999999985;8,117021509300685
2022-08-09;4181,2;4188,21838648426;-7,529999999999745;-0,5116135157395547
2022-08-10;4181,55;4181,04967603678;0,3500000000003638;-0,15032396322021668
2022-08-11;4220,12;4187,895179187056;38,56999999999971;6,345179187055692
2022-08-12;4228,93;4223,133534632765;8,8100000000004;3,013534632765186
2022-08-16;4279,46;4230,368546056626;50,529999999999745;1,438546056625455
2022-08-17;4214,11;4287,823297119461;-65,35000000000036;8,363297119461095
2022-08-18;4208,13;4210,061637431687;-5,979999999999563;-4,048362568312768
2022-08-19;4125,86;4212,331537506747;-82,27000000000044;4,2015375067467176
2022-08-22;4040,22;4113,300445595259;-85,63999999999987;-12,559554404740993
2022-08-23;4024,53;4032,217148806225;-15,6899999999996;-8,002851193774859
2022-08-24;3969,82;4015,570948123093;-54,710000000000036;-8,959051876907324
2022-08-25;4006,49;3957,5573636434574;36,66999999999962;-12,262636356542771
2022-08-26;3959,61;4008,2408894468936;-46,879999999999654;1,7508894468937797
2022-08-29;3860,98;3951,2850992088147;-98,63000000000011;-8,324900791185428
2022-08-30;3795,81;3856,0772972036334;-65,17000000000007;-4,902702796366611
2022-08-31;3838,57;3785,489728576722;42,76000000000022;-10,320271423277973
2022-09-01;3777,8;3833,1235436150414;-60,76999999999998;-5,446456384958765
2022-09-02;3858,81;3767,27401235632;81,00999999999976;-10,52598764368031
2022-09-05;3869,16;3869,6307850676844;10,349999999999909;10,820785067684483
2022-09-06;3841,04;3865,5087686925817;-28,11999999999989;-3,6512313074181293
2022-09-07;3872,58;3846,596027826882;31,539999999999964;5,5560278268822
2022-09-08;3915,93;3876,418312343642;43,34999999999991;3,8383123436419737
2022-09-09;3993,46;3917,6651146813483;77,5300000000002;1,7351146813484775
2022-09-12;3995,05;4003,7689471640583;1,5900000000001455;10,308947164058281
2022-09-13;3901,79;4000,171625717803;-93,26000000000022;5,121625717802999
2022-09-14;3903,37;3901,3818317694722;1,5799999999999272;-0,40816823052773543
2022-09-15;3909,41;3903,4193395447605;6,039999999999964;0,04933954476064173
2022-09-16;3775,03;3901,8242927713795;-134,37999999999965;-7,585707228620322
2022-09-19;3822,31;3764,1626173134473;47,279999999999745;-10,8673826865529
2022-09-20;3768,31;3826,4314210517573;-54,0;4,121421051757352
2022-09-21;3752,25;3752,0182197725812;-16,059999999999945;-16,291780227418712
2022-09-22;3777,52;3755,3500340466107;25,269999999999982;3,1000340466107446
2022-09-23;3678,0;3774,914165680545;-99,51999999999998;-2,6058343194549707
2022-09-26;3597,78;3668,7879705342993;-80,2199999999998;-9,212029465700653
2022-09-27;3627,95;3593,0591498306085;30,169999999999618;-4,720850169391724
2022-09-28;3612,9;3620,9731798118464;-15,049999999999727;-6,976820188153397
2022-09-29;3503,5;3604,630980379578;-109,40000000000009;-8,269019620422114
2022-09-30;3552,54;3497,414832035657;49,039999999999964;-6,085167964342872
2022-10-03;3600,8;3554,9490165992893;48,26000000000022;2,409016599289316
2022-10-04;3713,81;3595,094477844304;113,00999999999976;-5,705522155696144
2022-10-05;3626,24;3728,681556186973;-87,57000000000016;14,871556186973066
2022-10-06;3667,1;3624,6716426214275;40,86000000000013;-1,5683573785722729
2022-10-07;3633,99;3680,7712503252374;-33,11000000000013;13,671250325237452
2022-10-10;3561,67;3623,8197178921105;-72,31999999999971;-10,170282107889307
2022-10-11;3593,37;3559,658980671067;31,699999999999818;-2,011019328932889
2022-10-12;3584,05;3592,83222824961;-9,319999999999709;-0,5377717503897657
2022-10-13;3581,95;3577,085381087065;-2,100000000000364;-6,964618912935293
2022-10-14;3597,96;3585,0615554848514;16,01000000000022;3,1115554848515785
2022-10-17;3632,98;3598,7704872389845;35,01999999999998;0,8104872389844786
2022-10-18;3637,54;3636,1511730740767;4,559999999999945;3,1711730740767052
2022-10-19;3579,61;3640,032377497992;-57,929999999999836;2,492377497992038
2022-10-20;3621,09;3578,5508164542184;41,48000000000002;-1,059183545781707
2022-10-21;3558,81;3624,901692329734;-62,2800000000002;3,811692329733887
2022-10-24;3591,31;3548,9713726315604;32,5;-9,838627368439575
2022-10-25;3620,91;3597,7271964932784;29,59999999999991;6,417196493278425
2022-10-26;3711,38;3618,0643542810426;90,47000000000025;-2,8456457189572575
2022-10-27;3734,09;3722,380501546245;22,710000000000036;11,000501546244777
2022-10-28;3747,1;3739,7369127003926;13,009999999999764;5,646912700392477
2022-10-31;3824,04;3757,0835974212087;76,94000000000005;9,983597421208742
2022-11-02;3832,98;3832,9171695666055;8,940000000000055;8,877169566605517
2022-11-03;3799,19;3835,9193268153535;-33,789999999999964;2,9393268153535246
2022-11-04;3937,51;3804,0829246840035;138,32000000000016;4,892924684003447
2022-11-07;3934,24;3949,6674541277866;-3,2700000000004366;12,157454127786423
2022-11-08;3931,29;3932,218196145831;-2,949999999999818;-2,0218038541688657
2022-11-09;3934,35;3944,55401424787;3,0599999999999454;13,264014247869909
2022-11-10;3958,49;3934,660554367999;24,139999999999873;0,31055436799897507
2022-11-14;4013,7;3960,5749537278093;55,210000000000036;2,084953727809534
2022-11-15;4007,62;4019,028423879946;-6,079999999999927;5,328423879946058
2022-11-16;3965,01;4010,236300953822;-42,60999999999967;2,616300953822247
2022-11-17;3939,24;3967,143848684683;-25,770000000000437;2,1338486846825617
2022-11-18;3972,77;3936,666111803783;33,5300000000002;-2,573888196216558
2022-11-21;3913,54;3971,670470868473;-59,23000000000002;-1,099529131527106
2022-11-22;3979,74;3906,978296482854;66,19999999999982;-6,561703517145816
2022-11-23;3982,71;3988,1259875208157;2,9700000000002547;8,385987520815888
2022-11-24;4016,9;3978,2765430509844;34,190000000000055;-4,4334569490156355
2022-11-25;4059,51;4026,2709641802894;42,61000000000013;9,37096418028932
2022-11-28;4070,32;4063,871876674983;10,809999999999945;4,3618766749827955
2022-11-29;4087,13;4075,1561618435508;16,809999999999945;4,836161843550599
2022-11-30;4108,81;4092,980653616466;21,68000000000029;5,850653616465934
2022-12-01;4150,31;4112,102084918508;41,5;3,2920849185074985
2022-12-02;4170,01;4155,807311615139;19,699999999999818;5,497311615138642
2022-12-05;4143,76;4174,383679346971;-26,25;4,373679346970675
2022-12-06;4049,0;4146,135892225667;-94,76000000000022;2,3758922256665755
2022-12-07;4061,8;4043,409106365047;12,800000000000182;-5,590893634952863
2022-12-08;4040,17;4060,0071679512066;-21,63000000000011;-1,7928320487935707
2022-12-09;4045,72;4030,0284429054645;5,549999999999727;-10,141557094535528
2022-12-12;4082,33;4047,5846869460547;36,61000000000013;1,864686946054917
2022-12-13;4144,54;4083,6787054629185;62,210000000000036;1,3487054629185877
2022-12-14;4145,72;4150,764561617388;1,180000000000291;6,224561617387735
2022-12-15;4055,73;4150,148692618888;-89,99000000000024;4,428692618887908
2022-12-16;4036,25;4054,693390766664;-19,480000000000018;-1,036609233336094
2022-12-19;4050,78;4034,5232651979823;14,5300000000002;-1,726734802017745
2022-12-20;4102,04;4043,8313362103995;51,25999999999976;-6,948663789600687
2022-12-21;4139,11;4104,885545009611;37,06999999999971;2,8455450096107597
2022-12-22;4119,27;4144,2200137754535;-19,839999999999236;5,110013775453808
2022-12-23;4099,89;4123,046916682023;-19,38000000000011;3,776916682022602
2022-12-27;4069,05;4101,995406687569;-30,840000000000146;2,105406687568575
2022-12-28;4069,27;4064,9868859175212;0,2199999999997999;-4,063114082478933
2022-12-29;4128,48;4067,692416847204;59,20999999999958;-1,5775831527957962
2022-12-30;4154,32;4130,855941076435;25,840000000000146;2,3759410764350832
2023-01-02;4198,67;4157,234565928445;44,350000000000364;2,914565928444972
2023-01-03;4303,33;4208,289273526054;104,65999999999985;9,619273526053803
2023-01-04;4389,26;4315,004556271679;85,93000000000029;11,674556271678739
2023-01-05;4397,18;4401,630061861724;7,920000000000073;12,370061861724025
2023-01-09;4448,1;4408,542255815039;50,92000000000007;11,362255815039134
2023-01-10;4448,73;4460,805349497124;0,6299999999991996;12,70534949712328
2023-01-11;4394,24;4450,333019803964;-54,48999999999978;1,6030198039643437
2023-01-12;4427,26;4394,867237356875;33,02000000000044;0,6272373568754119
2023-01-13;4407,17;4430,050154731131;-20,090000000000146;2,7901547311312243
2023-01-16;4413,34;4401,101826525224;6,170000000000073;-6,068173474775904
2023-01-17;4345,24;4417,185427809678;-68,10000000000036;3,845427809677858
2023-01-18;4328,56;4338,253462572302;-16,67999999999938;-6,98653742769784
2023-01-19;4312,67;4327,6546152918445;-15,890000000000327;-0,905384708155907
2023-01-20;4355,86;4305,351653572933;43,1899999999996;-7,318346427066899
2023-01-23;4390,0;4358,199017679086;34,14000000000033;2,3390176790862824
2023-01-24;4380,85;4392,145736683074;-9,149999999999636;2,1457366830736646
2023-01-25;4305,16;4384,789228843334;-75,69000000000051;3,9392288433336944
2023-01-26;4339,21;4302,399840165866;34,05000000000018;-2,7601598341334466
2023-01-27;4342,89;4341,04654060188;3,680000000000291;1,8365406018801878
2023-01-30;4270,71;4336,933368022356;-72,18000000000029;-5,956631977644065
2023-01-31;4412,0;4268,387689493344;141,28999999999996;-2,322310506656322
2023-02-01;4374,2;4423,673901295869;-37,80000000000018;11,673901295868745
2023-02-02;4421,3;4365,951541038533;47,100000000000364;-8,248458961466895
2023-02-03;4434,36;4438,2556351180565;13,05999999999949;16,955635118056307
2023-02-06;4366,51;4432,755233710386;-67,84999999999945;-1,604766289613508
2023-02-07;4376,62;4366,059668663419;10,109999999999673;-0,45033133658125735
2023-02-08;4403,59;4378,518333974193;26,970000000000255;1,8983339741935197
2023-02-09;4472,59;4399,951778543004;69,0;-3,6382214569957796
2023-02-10;4390,55;4479,703871013968;-82,03999999999996;7,113871013967582
2023-02-13;4381,81;4387,594901461753;-8,739999999999782;-2,955098538247512
2023-02-14;4393,59;4387,270607517861;11,779999999999745;5,460607517860808
2023-02-15;4409,48;4387,321291519112;15,889999999999418;-6,268708480888563
2023-02-16;4451,18;4410,477707972457;41,70000000000073;0,997707972457647
2023-02-17;4441,12;4456,184100916951;-10,0600000000004;5,004100916950847
2023-02-20;4438,0;4442,590614097267;-3,119999999999891;1,4706140972666617
2023-02-21;4373,65;4441,972167353508;-64,35000000000036;3,972167353507757
2023-02-22;4329,62;4368,081865511408;-44,029999999999745;-5,568134488591568
2023-02-23;4373,67;4325,774337452064;44,05000000000018;-3,845662547935717
2023-02-24;4365,76;4371,369276942429;-7,9099999999998545;-2,300723057571304
2023-02-27;4367,48;4361,904322681885;1,7199999999993452;-3,8556773181153403
2023-02-28;4421,49;4372,0554115603745;54,01000000000022;4,57541156037496
2023-03-01;4462,97;4425,506921246193;41,48000000000047;4,016921246193306
2023-03-02;4405,61;4467,30215471488;-57,36000000000058;4,3321547148798345
2023-03-03;4454,68;4406,815089137353;49,07000000000062;1,2050891373537524
2023-03-06;4562,43;4462,3899172220945;107,75;7,709917222094191
2023-03-07;4586,61;4566,400839589618;24,17999999999938;3,9708395896177535
2023-03-08;4601,93;4594,326222649497;15,320000000000618;7,7162226494974675
2023-03-09;4636,65;4613,790018567187;34,719999999999345;11,860018567186671
2023-03-10;4573,09;4642,245745010972;-63,55999999999949;5,595745010972678
2023-03-13;4490,73;4570,181314017378;-82,36000000000058;-2,908685982622046
2023-03-14;4519,9;4487,411498309425;29,170000000000073;-3,3185016905745215
2023-03-15;4388,34;4516,272539337632;-131,5599999999995;-3,6274606623674117
2023-03-16;4424,95;4370,835198759121;36,60999999999967;-17,504801240878805
2023-03-17;4416,11;4429,974285985365;-8,840000000000146;5,024285985365168
2023-03-20;4402,71;4403,856847346186;-13,399999999999636;-12,253152653813231
2023-03-21;4428,26;4405,469008572958;25,550000000000182;2,7590085729580096
2023-03-22;4403,0;4429,784625823456;-25,26000000000022;1,524625823455608
2023-03-23;4412,03;4400,4618486144245;9,029999999999745;-2,5381513855754747
2023-03-24;4365,1;4415,378706617361;-46,92999999999938;3,348706617361131
2023-03-27;4378,61;4359,639889940558;13,509999999999309;-5,460110059442741
2023-03-28;4407,69;4380,565123605997;29,079999999999927;1,9551236059969597
2023-03-29;4408,75;4406,155721551294;1,0600000000004002;-1,5342784487056633
2023-03-30;4501,68;4410,803047260063;92,93000000000029;2,0530472600630674
2023-03-31;4504,04;4512,092060443723;2,3599999999996726;10,412060443723021
2023-04-03;4498,96;4505,60260908508;-5,079999999999927;1,562609085080112
2023-04-04;4505,95;4507,727122728492;6,989999999999782;8,767122728491813
2023-04-05;4471,26;4507,136959609807;-34,6899999999996;1,1869596098067632
2023-04-06;4474,1;4468,625091759293;2,8400000000001455;-2,6349082407068636
2023-04-11;4553,06;4475,139530526186;78,96000000000004;1,0395305261854446
2023-04-12;4547,61;4556,44031676012;-5,450000000000728;3,3803167601199675
2023-04-13;4581,97;4548,5776794798785;34,36000000000058;0,9676794798788251
2023-04-14;4588,54;4592,428398589202;6,569999999999709;10,458398589201352
2023-04-17;4638,05;4589,305995565996;49,51000000000022;0,7659955659964908
2023-04-18;4660,99;4645,6183117604705;22,9399999999996;7,568311760470351
2023-04-19;4632,02;4664,290551790445;-28,969999999999345;3,3005517904448425
2023-04-20;4624,93;4635,066602752199;-7,0900000000001455;3,046602752198851
2023-04-21;4584,24;4626,738864210198;-40,69000000000051;1,8088642101974983
2023-04-24;4590,76;4578,791248218675;6,520000000000437;-5,448751781324972
2023-04-25;4579,22;4590,71371811411;-11,539999999999964;-0,04628188589049387
2023-04-26;4543,14;4575,063099484104;-36,07999999999993;-4,156900515896268
2023-04-27;4618,28;4541,317825920463;75,13999999999942;-1,8221740795370351
2023-04-28;4600,36;4623,152642167597;-17,920000000000073;4,872642167597405
2023-05-02;4580,51;4596,747303046334;-19,849999999999454;-3,6126969536653633
2023-05-04;4528,92;4586,321663181906;-51,590000000000146;5,811663181905715
2023-05-05;4562,18;4523,5692214561905;33,26000000000022;-5,350778543809611
2023-05-08;4635,88;4562,908478561287;73,69999999999982;0,7284785612864653
2023-05-09;4660,33;4637,535180738671;24,449999999999818;1,6551807386713335
2023-05-10;4692,15;4666,386574041755;31,81999999999971;6,056574041755084
2023-05-11;4654,32;4702,121001816525;-37,82999999999993;9,971001816525131
2023-05-12;4671,81;4654,3869747794615;17,49000000000069;0,06697477946181607
2023-05-15;4669,14;4676,237826929366;-2,6700000000000728;4,4278269293654375
2023-05-16;4672,59;4666,069024830216;3,449999999999818;-3,0709751697841057
2023-05-17;4652,64;4674,9134559218455;-19,949999999999818;2,3234559218453796
2023-05-18;4644,45;4651,353329425625;-8,19000000000051;-1,286670574375421
2023-05-19;4674,52;4644,431594051175;30,07000000000062;-0,01840594882469304
2023-05-22;4758,59;4675,403164823541;84,06999999999971;0,8831648235409375
2023-05-23;4760,99;4765,080244787795;2,399999999999636;6,490244787794836
2023-05-24;4652,1;4765,120347181831;-108,88999999999942;4,1303471818309845
2023-05-25;4643,41;4651,8365940989615;-8,69000000000051;-0,2634059010388228
2023-05-26;4685,19;4642,639283220841;41,779999999999745;-0,7707167791586471
2023-05-29;4672,74;4678,872712529987;-12,449999999999818;-6,317287470012161
2023-05-30;4635,57;4671,724541983077;-37,17000000000007;-1,0154580169228211
2023-05-31;4549,84;4636,904222227772;-85,72999999999956;1,3342222277724431
2023-06-01;4610,96;4542,233972325657;61,11999999999989;-7,60602767434284
2023-06-02;4721,63;4612,244687485454;110,67000000000007;1,2846874854540147
2023-06-05;4709,96;4723,3432157164925;-11,670000000000073;1,7132157164924138
2023-06-06;4744,19;4715,664256964946;34,22999999999956;5,704256964945671
2023-06-07;4711,76;4757,302663864128;-32,42999999999938;13,11266386412808
2023-06-09;4724,97;4708,862471322377;13,210000000000036;-2,897528677623086
2023-06-12;4689,79;4729,391498465113;-35,18000000000029;4,421498465112563
2023-06-13;4616,1;4684,692693908289;-73,6899999999996;-5,097306091711289
2023-06-14;4691,4;4611,827747145026;75,29999999999927;-4,272252854974795
2023-06-15;4716,97;4694,088708306932;25,57000000000062;2,6887083069323126
2023-06-16;4722,38;4713,1473249712835;5,4099999999998545;-3,8226750287167306
2023-06-19;4743,0;4730,205376682238;20,61999999999989;7,825376682238129
2023-06-20;4728,91;4747,4344571765305;-14,090000000000146;4,434457176530486
2023-06-21;4747,7;4728,904457479966;18,789999999999964;-0,005542520033486653
2023-06-22;4785,09;4751,442416309463;37,39000000000033;3,7424163094628966
2023-06-23;4742,8;4787,305154367903;-42,289999999999964;2,215154367902869
2023-06-26;4765,37;4741,907223209136;22,56999999999971;-0,8927767908644455
2023-06-27;4751,48;4770,783418716347;-13,890000000000327;5,413418716347223
2023-06-28;4798,95;4747,189965359829;47,470000000000255;-4,290034640170234
2023-06-29;4848,04;4805,065270771164;49,090000000000146;6,1152707711644325
2023-06-30;4852,03;4851,324962491631;3,9899999999997817;3,284962491630722
2023-07-03;4870,1;4857,382667385813;18,07000000000062;5,35266738581322
2023-07-04;4883,44;4876,453744938167;13,339999999999236;6,353744938166528
2023-07-05;4860,49;4885,424028181352;-22,949999999999818;1,984028181352187
2023-07-06;4895,11;4860,9148320722325;34,61999999999989;0,4248320722326753
2023-07-07;4916,57;4899,363677597479;21,460000000000036;4,253677597479509
2023-07-10;4987,16;4916,827317659046;70,59000000000015;0,2573176590458388
2023-07-11;5000,64;4996,373025786205;13,480000000000473;9,213025786205435
2023-07-12;5116,85;5004,516363599571;116,21000000000004;3,87636359957105
2023-07-13;5087,0;5132,85669825961;-29,850000000000364;16,006698259609948
2023-07-14;5166,67;5087,184355277646;79,67000000000007;0,18435527764631843
2023-07-17;5256,51;5183,54383271868;89,84000000000015;16,873832718680205
2023-07-18;5301,39;5261,809772983503;44,88000000000011;5,299772983502407
2023-07-19;5303,11;5313,371346118631;1,7199999999993452;11,981346118630427
2023-07-20;5331,39;5312,249739188545;28,280000000000655;9,139739188545718
2023-07-21;5324,51;5338,184582927484;-6,880000000000109;6,7945829274840435
2023-07-24;5328,78;5324,866583410984;4,269999999999527;0,356583410984058
2023-07-25;5346,03;5332,207346135639;17,25;3,4273461356397092
2023-07-26;5289,79;5347,345500826534;-56,23999999999978;1,3155008265339347
2023-07-27;5281,26;5286,527413510378;-8,529999999999745;-3,2625864896217536
2023-07-28;5271,07;5282,307698389045;-10,19000000000051;1,0476983890448537
2023-07-31;5350,36;5265,651974729347;79,28999999999996;-5,418025270652834
2023-08-01;5333,63;5356,217723068079;-16,729999999999563;5,857723068079395
2023-08-02;5264,91;5332,610191296077;-68,72000000000025;-1,0198087039234451
2023-08-03;5258,65;5267,243864385405;-6,260000000000218;2,3338643854049224
2023-08-04;5284,68;5256,728554862359;26,030000000000655;-1,921445137641058
2023-08-07;5212,34;5280,9938956496635;-72,34000000000015;-3,686104350336791
2023-08-08;5161,03;5206,9336786496915;-51,3100000000004;-5,4063213503086445
2023-08-09;5183,6;5159,508781849223;22,57000000000062;-1,5212181507768037
2023-08-10;5201,74;5178,972028987271;18,139999999999418;-4,627971012729176
2023-08-11;5286,38;5199,180984235797;84,64000000000033;-2,5590157642027407
2023-08-14;5299,64;5295,70462085375;13,260000000000218;9,324620853750275
2023-08-16;5229,4;5303,450742290326;-70,24000000000069;3,810742290325834
2023-08-17;5224,3;5232,2476850156345;-5,099999999999454;2,847685015634852
2023-08-18;5219,45;5225,265575897669;-4,850000000000364;0,9655758976687139
2023-08-21;5254,37;5213,263137020251;34,92000000000007;-6,186862979749094
2023-08-22;5252,82;5257,171987082241;-1,550000000000182;2,8019870822408848
2023-08-23;5225,3;5253,040260251379;-27,519999999999527;0,22026025137893157
2023-08-24;5207,55;5226,8654178454735;-17,75;1,5654178454733483
2023-08-25;5165,6;5206,440982442816;-41,94999999999982;-1,1090175571844156
2023-08-28;5201,8;5160,318517665058;36,19999999999982;-5,281482334942666
2023-08-29;5203,63;5203,347828649669;1,8299999999999272;1,5478286496690998
2023-08-30;5200,38;5200,786583363509;-3,25;-2,8434166364913835
2023-08-31;5190,71;5203,96155184191;-9,670000000000073;3,5815518419094587
2023-09-01;5181,0;5190,674633995331;-9,710000000000036;-0,03536600466941309
2023-09-04;5153,27;5180,467933405704;-27,729999999999563;-0,5320665942963387
2023-09-05;5124,42;5150,757498245608;-28,850000000000364;-2,5125017543923605
2023-09-06;5055,69;5121,708555064921;-68,73000000000047;-2,711444935079271
2023-09-07;5019,82;5048,223394292342;-35,86999999999989;-7,466605707657436
2023-09-08;5092,23;5014,560681590353;72,40999999999985;-5,259318409646767
2023-09-11;5072,97;5092,0908705092015;-19,25999999999931;-0,13912949079804093
2023-09-12;5039,67;5069,2237382081275;-33,30000000000018;-3,746261791872712
2023-09-13;5072,82;5044,061995215209;33,149999999999636;4,3919952152091355
2023-09-14;5100,86;5074,058160619017;28,039999999999964;1,2381606190174352
2023-09-15;5091,91;5100,781190481418;-8,949999999999818;-0,07880951858169283
2023-09-18;5038,9;5094,919947740746;-53,01000000000022;3,0099477407457016
2023-09-19;5033,34;5037,815526885314;-5,559999999999491;-1,084473114685352
2023-09-20;5066,88;5032,412172452384;33,539999999999964;-0,9278275476162889
2023-09-21;5031,43;5065,270311802239;-35,44999999999982;-1,6096881977609883
2023-09-22;5024,08;5028,89269097487;-7,350000000000364;-2,5373090251305257
2023-09-25;4967,08;5026,942035062416;-57,0;2,8620350624159983
2023-09-26;4949,21;4959,97885996419;-17,86999999999989;-7,101140035810204
2023-09-27;4892,13;4947,443144822996;-57,07999999999993;-1,7668551770038903
2023-09-28;4869,81;4883,009224798309;-22,31999999999971;-9,120775201690776
2023-09-29;4936,38;4866,717160098702;66,56999999999971;-3,092839901298248
2023-10-02;4883,45;4936,900732167298;-52,93000000000029;0,5207321672978651
2023-10-03;4823,34;4878,228578920969;-60,10999999999967;-5,221421079030733
2023-10-04;4881,57;4825,039709033766;58,22999999999956;1,69970903376543
2023-10-05;4825,79;4881,581683621233;-55,779999999999745;0,011683621233714803
2023-10-06;4816,57;4816,814837077258;-9,220000000000255;-8,975162922742129
2023-10-09;4893,11;4821,500649802477;76,53999999999996;4,930649802477092
2023-10-10;5004,62;4894,39870483133;111,51000000000022;1,2887048313305058
2023-10-11;5027,27;5013,407315881782;22,650000000000546;8,787315881781979
2023-10-12;5027,93;5036,968193206981;0,6599999999998545;9,69819320698025
2023-10-13;5049,72;5038,80208049697;21,789999999999964;10,87208049696983
2023-10-16;5187,06;5054,050138099184;137,34000000000015;4,330138099183387
2023-10-17;5289,51;5198,579228357224;102,44999999999982;11,519228357223255
2023-10-18;5225,56;5300,91189808105;-63,94999999999982;11,401898081049694
2023-10-19;5136,98;5233,821760736894;-88,58000000000084;8,261760736893848
2023-10-20;5045,24;5139,542471129753;-91,73999999999978;2,5624711297532485
2023-10-23;5035,45;5032,369887758793;-9,789999999999964;-12,870112241206698
2023-10-24;5093,13;5027,161314444956;57,68000000000029;-8,28868555504414
2023-10-25;5153,16;5090,303682479912;60,029999999999745;-2,826317520088196
2023-10-26;5149,61;5157,895890873886;-3,550000000000182;4,735890873886092
2023-10-27;5106,49;5154,987899545587;-43,11999999999989;5,377899545587752
2023-10-30;5168,7;5108,724620000184;62,210000000000036;2,234620000183895
2023-10-31;5167,24;5173,9777410799325;-1,4600000000000364;5,277741079932639
2023-11-02;5172,88;5163,97936420014;5,640000000000327;-3,2606357998602107
2023-11-03;5244,41;5179,3216467998545;71,52999999999975;6,441646799854425
2023-11-06;5291,48;5250,679260449058;47,06999999999971;6,269260449058493
2023-11-07;5251,87;5296,463375403067;-39,60999999999967;4,983375403067839
2023-11-08;5231,84;5255,494157677419;-20,029999999999745;3,6241576774191344
2023-11-09;5280,98;5234,8623884297285;49,13999999999942;3,0223884297283803
2023-11-10;5231,07;5282,068799085693;-49,909999999999854;1,0887990856936085
2023-11-13;5178,99;5225,829935003145;-52,07999999999993;-5,240064996854926
2023-11-14;5361,49;5179,628117862601;182,5;0,6381178626015753
2023-11-15;5333,29;5372,437929389913;-28,199999999999818;10,947929389913043
2023-11-16;5370,37;5326,6831989332;37,07999999999993;-6,606801066799562
2023-11-17;5395,8;5390,170300643129;25,43000000000029;19,80030064312905
2023-11-20;5451,25;5395,847996923324;55,44999999999982;0,047996923323808005
2023-11-21;5494,9;5459,510136882076;43,649999999999636;8,26013688207604
2023-11-22;5507,22;5501,297439929094;12,320000000000618;6,397439929094617
2023-11-23;5534,84;5513,751458011813;27,61999999999989;6,5314580118129015
2023-11-24;5520,78;5541,518981483456;-14,0600000000004;6,678981483455573
2023-11-27;5512,11;5521,357608148747;-8,670000000000073;0,5776081487474585
2023-11-28;5609,78;5514,478283467427;97,67000000000007;2,368283467427318
2023-11-29;5571,54;5616,893959964707;-38,23999999999978;7,113959964707647
2023-11-30;5538,33;5568,3854553899955;-33,210000000000036;-3,15454461000445
2023-12-01;5644,39;5545,077251411776;106,0600000000004;6,747251411776233
2023-12-04;5687,28;5649,888288233345;42,88999999999942;5,498288233344283
2023-12-05;5728,67;5688,198357685497;41,39000000000033;0,9183576854975399
2023-12-06;5729,44;5742,202994227238;0,7699999999995271;13,532994227238305
2023-12-07;5677,61;5733,987679194665;-51,82999999999993;4,547679194665761
2023-12-08;5737,44;5677,828642117254;59,82999999999993;0,21864211725460336
2023-12-11;5768,84;5742,86508555334;31,400000000000546;5,425085553340068
2023-12-12;5736,2;5767,1940535183685;-32,64000000000033;-1,645946481631654
2023-12-13;5718,92;5739,633092017059;-17,279999999999745;3,4330920170596073
2023-12-14;5759,15;5721,030531018924;40,22999999999956;2,110531018924121
2023-12-15;5759,63;5759,987705976572;0,48000000000047294;0,837705976572579
2023-12-18;5835,73;5758,680287029161;76,09999999999945;-0,9497129708388456
2023-12-19;5879,55;5846,04117475261;43,82000000000062;10,311174752609986
2023-12-20;5884,53;5883,656009342618;4,979999999999563;4,106009342617654
2023-12-21;5880,79;5892,448177082715;-3,7399999999997817;7,918177082715374
2023-12-22;5864,68;5885,098402380723;-16,109999999999673;4,308402380723237
2023-12-27;5847,11;5864,480885742186;-17,57000000000062;-0,19911425781447178
2023-12-28;5845,89;5846,011850414515;-1,2199999999993452;-1,0981495854848617
2023-12-29;5785,21;5844,971838600403;-60,68000000000029;-0,918161399597011
2024-01-02;5752,15;5779,4123145021595;-33,0600000000004;-5,797685497840575
2024-01-03;5681,9;5750,066685333772;-70,25;-2,083314666228034
2024-01-04;5717,38;5671,391153428502;35,48000000000047;-10,508846571497998
2024-01-05;5698,34;5717,861599880307;-19,039999999999964;0,4815998803069306
2024-01-08;5755,49;5691,0858234879415;57,149999999999636;-7,254176512058621
2024-01-09;5804,71;5763,844645387267;49,220000000000255;8,354645387266828
2024-01-10;5787,02;5807,552493474956;-17,6899999999996;2,8424934749555177
2024-01-11;5699,31;5791,398405102376;-87,71000000000004;4,378405102375837
2024-01-12;5703,41;5697,354171134576;4,099999999999454;-1,955828865424337
2024-01-15;5639,73;5702,828100355284;-63,68000000000029;-0,5818996447160316
2024-01-16;5639,58;5627,413185478389;-0,1499999999996362;-12,316814521610468
2024-01-17;5533,06;5640,553375415696;-106,51999999999953;0,9733754156959549
2024-01-18;5610,41;5519,513990111483;77,34999999999945;-13,546009888517801
2024-01-19;5662,38;5616,995320312843;51,970000000000255;6,585320312843578
2024-01-22;5690,76;5657,720999334313;28,38000000000011;-4,659000665687017
2024-01-23;5643,89;5700,508933609004;-46,86999999999989;9,74893360900387
2024-01-24;5673,37;5645,3867550158375;29,479999999999563;1,4967550158371523
2024-01-25;5694,13;5678,791299895052;20,76000000000022;5,421299895052471
2024-01-26;5707,59;5692,282716423679;13,460000000000036;-1,847283576321388
2024-01-29;5670,48;5711,884454728179;-37,11000000000058;4,294454728178607
2024-01-30;5738,61;5670,018618074846;68,13000000000011;-0,46138192515354604
2024-01-31;5847,28;5745,7354554849135;108,67000000000007;7,1254554849138
2024-02-01;5971,24;5853,32511245666;123,96000000000004;6,045112456659808
2024-02-02;5992,01;5988,094500811275;20,770000000000437;16,854500811275102
2024-02-05;5958,42;6003,922719087932;-33,590000000000146;11,912719087931691
2024-02-06;5993,3;5967,150864073056;34,88000000000011;8,730864073056182
2024-02-07;5982,38;5998,534056498878;-10,920000000000073;5,23405649887809
2024-02-08;5951,89;5979,251848061094;-30,48999999999978;-3,1281519389058303
2024-02-09;5939,24;5953,120469777323;-12,650000000000546;1,2304697773224689
2024-02-12;5980,24;5937,895355174688;41,0;-1,3446448253116614
2024-02-13;5892,8;5981,5248781715645;-87,4399999999996;1,284878171564742
2024-02-14;5985,83;5885,344171024276;93,02999999999975;-7,455828975724216
2024-02-15;5967,71;5997,389203394276;-18,11999999999989;11,559203394275755
2024-02-16;6025,94;5959,430024185944;58,22999999999956;-8,279975814056343
2024-02-19;6109,48;6039,197425729807;83,53999999999996;13,257425729807437
2024-02-20;6148,38;6115,277777263091;38,900000000000546;5,79777726309112
2024-02-21;6127,47;6157,419241596459;-20,909999999999854;9,03924159645885
2024-02-22;6171,8;6133,823357051875;44,32999999999993;6,353357051874809
2024-02-23;6188,43;6179,283462735222;16,63000000000011;7,4834627352220195
2024-02-26;6245,33;6188,667803500971;56,899999999999636;0,23780350097058545
2024-02-27;6264,95;6254,40531158477;19,61999999999989;9,075311584770134
2024-02-28;6198,23;6268,817751978154;-66,72000000000025;3,867751978154047
2024-02-29;6239,0;6198,631767903153;40,77000000000044;0,4017679031530861
2024-03-01;6250,7;6244,473123684793;11,699999999999818;5,473123684792881
2024-03-04;6155,07;6246,543629730427;-95,63000000000011;-4,156370269573017
2024-03-05;6166,82;6151,842832678422;11,75;-3,227167321577326
2024-03-06;6201,34;6169,314936858783;34,52000000000044;2,4949368587831486
2024-03-07;6202,68;6196,28304245381;1,3400000000001455;-5,056957546190461
2024-03-08;6181,25;6204,543139928654;-21,43000000000029;1,8631399286541637
2024-03-11;6077,82;6183,2979788896;-103,43000000000029;2,0479788896000173
2024-03-12;6153,05;6070,43305958203;75,23000000000047;-7,386940417969527
2024-03-13;6191,54;6157,617060937371;38,48999999999978;4,567060937371025
2024-03-14;6189,95;6186,171566187191;-1,5900000000001455;-5,368433812808689
2024-03-15;6166,35;6197,131912691935;-23,599999999999454;7,181912691935395
2024-03-18;6101,8;6168,555789224637;-64,55000000000018;2,2057892246366464
2024-03-19;6125,67;6097,270724872213;23,86999999999989;-4,529275127787514
2024-03-20;6077,28;6126,1435838361;-48,39000000000033;0,47358383610026067
2024-03-21;6242,53;6068,56108799624;165,25;-8,718912003760124
2024-03-22;6225,26;6258,034152622565;-17,269999999999527;15,504152622565016
2024-03-25;6212,44;6220,545465494702;-12,820000000000618;-4,714534505298616
2024-03-26;6246,19;6226,391666761632;33,75;13,951666761632623
2024-03-27;6275,65;6247,930147478401;29,460000000000036;1,7401474784010134
2024-03-28;6326,51;6277,505310645227;50,86000000000058;1,8553106452272914
2024-04-02;6398,58;6334,0480559192;72,06999999999971;7,5380559191999055
2024-04-03;6393,77;6407,395568123767;-4,809999999999491;8,815568123766752
2024-04-04;6453,21;6398,581946647057;59,4399999999996;4,811946647056175
2024-04-05;6362,74;6464,708805915972;-90,47000000000025;11,498805915972298
2024-04-08;6402,54;6356,285438161432;39,80000000000018;-6,454561838568225
2024-04-09;6312,53;6411,091713778397;-90,01000000000022;8,551713778397243
2024-04-10;6333,03;6298,887783819272;20,5;-13,6422161807277
2024-04-11;6266,24;6338,247682293604;-66,78999999999996;5,217682293604412
2024-04-12;6236,19;6254,479729525893;-30,050000000000182;-11,760270474106619
2024-04-15;6284,19;6236,054125441845;48,0;-0,13587455815468275
2024-04-16;6079,34;6282,656230291314;-204,84999999999945;-1,5337697086852131
2024-04-17;6140,95;6062,783747836585;61,60999999999967;-16,556252163415593
2024-04-18;6178,52;6149,195003509901;37,57000000000062;8,245003509900926
2024-04-19;6158,39;6164,523495677916;-20,13000000000011;-13,996504322084547
2024-04-22;6197,13;6163,121062520856;38,73999999999978;4,73106252085563
2024-04-23;6243,56;6203,747313143244;46,43000000000029;6,617313143244246
2024-04-24;6220,39;6245,973759815605;-23,170000000000073;2,4137598156048625
2024-04-25;6192,78;6223,024248355181;-27,610000000000582;2,6342483551807163
2024-04-26;6221,71;6195,4380754275;28,93000000000029;2,65807542750008
2024-04-29;6292,04;6222,331023681939;70,32999999999993;0,6210236819388228
2024-04-30;6285,32;6295,532877494236;-6,720000000000255;3,4928774942363816
2024-05-02;6262,27;6288,341356376288;-23,049999999999272;3,0213563762881677
2024-05-06;6369,03;6267,383512814925;106,75999999999931;5,113512814924434
2024-05-07;6412,43;6376,643263838976;43,400000000000546;7,613263838976309
2024-05-08;6436,44;6414,6524684970855;24,00999999999931;2,222468497085174
2024-05-09;6465,73;6448,365704892182;29,289999999999964;11,925704892182694
2024-05-10;6491,33;6472,436683177379;25,600000000000364;6,706683177379091
2024-05-13;6574,47;6496,106956924387;83,14000000000033;4,7769569243873775
2024-05-14;6605,56;6583,817238665559;31,090000000000146;9,347238665558507
2024-05-15;6615,91;6611,149029279569;10,349999999999454;5,589029279568422
2024-05-16;6635,44;6624,8484213418005;19,529999999999745;8,938421341800677
2024-05-17;6637,27;6640,36237644887;1,8300000000008367;4,9223764488706365
2024-05-20;6701,78;6639,132502706859;64,50999999999931;1,8625027068583222
2024-05-21;6675,93;6708,894591709636;-25,849999999999454;7,114591709636443
2024-05-22;6666,92;6675,275065549944;-9,010000000000218;-0,6549344500563166
2024-05-23;6699,58;6672,549339768234;32,659999999999854;5,629339768233876
2024-05-24;6683,61;6700,337091486684;-15,970000000000255;0,7570914866837484
2024-05-27;6670,63;6682,550816435581;-12,979999999999563;-1,0591835644190724
2024-05-28;6615,99;6673,232619523862;-54,64000000000033;2,602619523861904
2024-05-29;6534,71;6611,317939990941;-81,27999999999975;-4,672060009058441
2024-05-31;6551,62;6528,13600349721;16,909999999999854;-6,573996502789669
2024-06-03;6617,15;6548,3725124844905;65,52999999999975;-3,2474875155094196
2024-06-04;6505,49;6615,5703800150495;-111,65999999999985;-1,5796199849501136
2024-06-05;6544,23;6499,978091391369;38,73999999999978;-5,51190860863062
2024-06-06;6556,49;6553,065204081153;12,260000000000218;8,835204081153279
2024-06-07;6538,31;6548,31415331951;-18,17999999999938;-8,175846680489485
2024-06-10;6517,61;6541,251775136857;-20,700000000000728;2,9417751368564495
2024-06-11;6408,87;6517,881629503602;-108,73999999999978;0,2716295036025258
2024-06-12;6489,1;6400,14518875299;80,23000000000047;-8,724811247009711
2024-06-13;6379,34;6493,182786246161;-109,76000000000022;4,082786246161049
2024-06-14;6311,56;6363,282127648534;-67,77999999999975;-16,057872351466358
2024-06-17;6410,1;6314,312245112114;98,53999999999996;2,7522451121139966
2024-06-18;6426,69;6407,400753233247;16,589999999999236;-2,6992467667532765
2024-06-19;6499,47;6422,786796664081;72,78000000000065;-3,903203335918988
2024-06-20;6474,01;6514,145460668579;-25,460000000000036;14,675460668579035
2024-06-21;6452,95;6474,801717749561;-21,0600000000004;0,7917177495610304
2024-06-24;6510,87;6458,60045539311;57,92000000000007;5,650455393109951
2024-06-25;6466,08;6513,228259395095;-44,789999999999964;2,358259395095047
2024-06-26;6439,5;6462,10768559415;-26,579999999999927;-3,972314405849829
2024-06-27;6465,93;6443,41959488633;26,43000000000029;3,9195948863298327
2024-06-28;6517,71;6464,334200670578;51,779999999999745;-1,5957993294223343
2024-07-01;6500,75;6519,721243736868;-16,960000000000036;2,011243736867982
2024-07-02;6400,75;6502,889626865513;-100,0;2,1396268655125823
2024-07-03;6418,18;6399,218975506936;17,43000000000029;-1,5310244930642511
2024-07-04;6454,62;6418,264918584653;36,4399999999996;0,08491858465276891
2024-07-05;6397,92;6448,958976004646;-56,69999999999982;-5,661023995354299
2024-07-08;6433,6;6396,431792425379;35,68000000000029;-1,4882075746209011
2024-07-09;6461,38;6439,8961268867315;27,779999999999745;6,296126886731145
2024-07-10;6425,12;6458,980679712798;-36,26000000000022;-2,3993202872024995
2024-07-11;6434,83;6426,676889130814;9,710000000000036;1,5568891308139428
2024-07-12;6462,72;6438,648903467011;27,890000000000327;3,818903467011296
2024-07-15;6415,56;6462,088505843867;-47,159999999999854;-0,631494156133158
2024-07-16;6246,51;6414,026822279284;-169,05000000000018;-1,5331777207165942
2024-07-17;6243,06;6237,874239744966;-3,449999999999818;-8,635760255034256
2024-07-18;6325,38;6239,103923855491;82,31999999999971;-3,9560761445090975
2024-07-19;6292,82;6316,489573088519;-32,5600000000004;-8,890426911480972
2024-07-22;6335,95;6291,0494904547495;43,13000000000011;-1,7705095452502064
2024-07-23;6234,24;6347,079136893253;-101,71000000000004;11,129136893253417
2024-07-24;6207,39;6225,099977181264;-26,849999999999454;-9,140022818735815
2024-07-25;6181,1;6210,1571504085805;-26,289999999999964;2,7671504085801644
2024-07-26;6170,84;6170,847036875408;-10,260000000000218;-10,252963124592497
2024-07-29;6198,81;6168,434018054435;27,970000000000255;-2,405981945565145
2024-07-30;6192,99;6199,068354616098;-5,8200000000006185;0,2583546160976766
2024-07-31;6269,27;6192,425505785743;76,28000000000065;-0,5644942142571381
2024-08-01;6185,19;6277,723267667896;-84,08000000000084;8,453267667895489
2024-08-02;6076,19;6179,799621307739;-109,0;-5,390378692261038
2024-08-05;5845,94;6076,121736482959;-230,25;-0,06826351704057743
2024-08-06;5828,03;5822,112936756058;-17,909999999999854;-23,827063243941666
2024-08-07;5898,32;5817,667263093569;70,28999999999996;-10,362736906430655
2024-08-08;5923,53;5884,316699688798;25,210000000000036;-14,00330031120211
2024-08-09;5924,31;5924,6437130994955;0,7800000000006548;1,113713099495726
2024-08-12;6091,37;5930,9756044725855;167,0599999999995;6,665604472585073
2024-08-13;6118,69;6106,154676358072;27,31999999999971;14,78467635807192
2024-08-14;6129,74;6121,768555183911;11,050000000000182;3,0785551839117034
2024-08-16;6255,24;6145,854960269653;125,5;16,11496026965324
2024-08-19;6272,41;6267,477844994456;17,170000000000073;12,237844994456282
2024-08-20;6199,17;6275,354004425973;-73,23999999999978;2,9440044259727074
2024-08-21;6212,32;6205,755766847653;13,149999999999636;6,585766847652849
2024-08-22;6210,07;6215,535002087934;-2,25;3,2150020879344083
2024-08-23;6197,76;6204,126367475848;-12,30999999999949;-5,943632524151326
2024-08-26;6191,57;6198,740108321075;-6,190000000000509;0,9801083210750221
2024-08-27;6238,07;6191,61727883367;46,5;0,04727883367013419
2024-08-28;6213,16;6240,998408169138;-24,909999999999854;2,9284081691384927
2024-08-29;6292,42;6211,510963821361;79,26000000000022;-1,6490361786391077
2024-08-30;6344,45;6302,911487220404;52,029999999999745;10,491487220403542
2024-09-02;6425,37;6346,722137035524;80,92000000000007;2,2721370355238832
2024-09-03;6333,74;6438,984286136128;-91,63000000000011;13,614286136127703
2024-09-04;6320,23;6332,603025801268;-13,510000000000218;-1,1369741987318776
2024-09-05;6219,49;6326,988454770661;-100,73999999999978;6,7584547706610465
2024-09-06;6100,22;6205,023808641624;-119,26999999999953;-14,466191358375909
2024-09-09;6066,79;6090,808968729412;-33,43000000000029;-9,411031270587955
2024-09-10;6020,64;6056,119016392877;-46,149999999999636;-10,670983607123162
2024-09-11;5946,82;6007,335293079021;-73,82000000000062;-13,304706920979697
2024-09-12;6100,4;5939,050841877989;153,57999999999993;-7,7691581220105945
2024-09-13;6141,81;6107,983923305227;41,410000000000764;7,583923305227472
2024-09-16;6134,04;6139,409507178269;-7,770000000000437;-2,40049282173095
2024-09-17;6186,17;6147,761072668185;52,13000000000011;13,721072668185116
2024-09-18;6161,43;6194,283081119139;-24,73999999999978;8,11308111913877
2024-09-19;6165,35;6159,739265922919;3,9200000000000728;-1,690734077081288
2024-09-20;6087,34;6170,892562227976;-78,01000000000022;5,542562227975395
2024-09-23;6082,52;6080,196276925676;-4,819999999999709;-7,143723074324043
2024-09-24;6116,37;6083,053389792167;33,849999999999454;0,5333897921664175
2024-09-25;6204,0;6112,635443247278;87,63000000000011;-3,734556752721801
2024-09-26;6237,64;6210,733983306494;33,64000000000033;6,733983306494338
2024-09-27;6266,93;6243,893122049488;29,289999999999964;6,2531220494875015
2024-09-30;6201,66;6277,47182973265;-65,27000000000044;10,541829732649603
2024-10-01;6144,54;6200,548790957797;-57,11999999999989;-1,1112090422029723
2024-10-02;6119,17;6143,439303998078;-25,36999999999989;-1,1006960019221879
2024-10-03;6074,72;6112,272724183831;-44,44999999999982;-6,897275816168985
2024-10-04;6078,26;6067,129366247755;3,5399999999999636;-7,590633752245594
2024-10-07;6089,44;6076,930084367324;11,179999999999382;-1,3299156326766024
2024-10-08;6074,04;6087,104345162008;-15,399999999999636;-2,3356548379915694
2024-10-09;6120,03;6073,916182858991;45,98999999999978;-0,12381714100865793
2024-10-10;6131,91;6125,023374053793;11,88000000000011;4,993374053793559
2024-10-11;6184,24;6132,22383382354;52,32999999999993;0,3138338235403353
2024-10-14;6173,62;6192,763235388846;-10,61999999999989;8,523235388845933
2024-10-15;6206,0;6174,662135961361;32,38000000000011;1,0421359613610548
2024-10-16;6222,06;6213,5418860793825;16,0600000000004;7,541886079382493
2024-10-17;6094,53;6223,081696790019;-127,53000000000065;1,0216967900187228
2024-10-18;6156,18;6088,711007501281;61,650000000000546;-5,818992498719126
2024-10-21;6199,49;6162,436362632519;43,30999999999949;6,256362632519085
2024-10-22;6056,92;6192,3299103878135;-142,5699999999997;-7,160089612186312
2024-10-23;6058,0;6052,832174182963;1,0799999999999272;-4,087825817036901
2024-10-24;6076,44;6062,542199293237;18,4399999999996;4,54219929323699
2024-10-25;6048,95;6065,745797654904;-27,48999999999978;-10,694202345095619
2024-10-28;6026,88;6047,758800842613;-22,06999999999971;-1,1911991573870182
2024-10-29;6020,36;6027,618412858069;-6,520000000000437;0,7384128580688412
2024-10-30;5962,88;6018,11133185018;-57,47999999999956;-2,248668149819423
2024-10-31;5966,67;5957,452366048692;3,7899999999999636;-5,427633951308053
2024-11-04;6006,04;5967,033279795032;39,36999999999989;0,36327979503221286
2024-11-05;5946,59;6004,398171702905;-59,44999999999982;-1,6418282970953442
2024-11-06;5987,42;5943,348893812813;40,82999999999993;-3,2411061871871425
2024-11-07;6065,81;5994,52301538456;78,39000000000033;7,103015384559512
2024-11-08;6070,14;6066,715960235713;4,329999999999927;0,9059602357128824
2024-11-12;6031,71;6074,781506006472;-38,43000000000029;4,6415060064719
2024-11-13;5989,93;6036,680716400807;-41,779999999999745;4,97071640080685
2024-11-14;6093,92;5988,013354266007;103,98999999999978;-1,9166457339933913
2024-11-15;6054,48;6098,613001001264;-39,44000000000051;4,693001001263838
2024-11-18;6047,62;6048,514743823681;-6,859999999999673;-5,9652561763186895
2024-11-19;5930,02;6057,174517633462;-117,59999999999945;9,554517633461728
2024-11-20;5954,66;5918,8712047705;24,639999999999418;-11,148795229500138
2024-11-21;6043,16;5956,480551802294;88,5;1,820551802294176
2024-11-22;6059,78;6039,6912689439705;16,61999999999989;-3,4687310560293554
2024-11-25;6018,02;6063,677110306272;-41,75999999999931;3,897110306272225
2024-11-26;6018,29;6023,465670484393;0,26999999999952706;5,445670484392394
2024-11-27;6009,02;6020,510750851453;-9,269999999999527;2,2207508514529763
2024-11-28;6007,6;6005,370234491182;-1,4200000000000728;-3,6497655088187457
2024-11-29;6065,12;6008,208961943149;57,51999999999953;0,6089619431486426
2024-12-02;6151,65;6069,056101520374;86,52999999999975;3,9361015203739953
2024-12-03;6138,81;6158,273821769186;-12,839999999999236;6,623821769186179
2024-12-04;6168,97;6143,433326486062;30,159999999999854;4,62332648606116
2024-12-05;6191,09;6179,403316608662;22,11999999999989;10,433316608661698
2024-12-06;6218,82;6192,1554588447425;27,729999999999563;1,065458844742352
2024-12-09;6184,77;6224,080821904241;-34,04999999999927;5,260821904241311
2024-12-10;6175,69;6184,907059478199;-9,080000000000837;0,13705947819835274
2024-12-11;6163,53;6178,204190921759;-12,159999999999854;2,514190921759109
2024-12-12;6130,05;6160,365820311203;-33,47999999999956;-3,1641796887970486
2024-12-13;6132,15;6127,54825379115;2,0999999999994543;-2,5017462088499087
2024-12-16;6160,04;6131,9606298397775;27,890000000000327;-0,18937016022209718
2024-12-17;6046,48;6159,760611339143;-113,5600000000004;-0,27938866085696645
2024-12-18;6076,66;6039,2309187337905;30,18000000000029;-7,249081266209032
2024-12-19;6085,66;6082,1058099560705;9,0;5,445809956070661
2024-12-20;6054,88;6076,899529880465;-30,779999999999745;-8,760470119535057
2024-12-23;6087,67;6056,037555103793;32,789999999999964;1,157555103793129
2024-12-27;6126,16;6091,498446705464;38,48999999999978;3,828446705463648
2024-12-30;6122,32;6126,7533029992765;-3,8400000000001455;0,5933029992766023
2025-01-02;6234,95;6125,554159970176;112,63000000000011;3,2341599701767336
2025-01-03;6310,39;6246,979227665701;75,44000000000051;12,029227665701
2025-01-07;6385,46;6315,915446075347;75,06999999999971;5,525446075346736
2025-01-08;6326,09;6401,548095942391;-59,36999999999989;16,088095942391192
2025-01-09;6369,46;6329,157527190083;43,36999999999989;3,0675271900827283
2025-01-10;6413,14;6379,891382355195;43,68000000000029;10,431382355194728
2025-01-13;6308,22;6411,593446210493;-104,92000000000007;-1,5465537895070156
2025-01-14;6327,52;6305,286557312789;19,300000000000182;-2,933442687211027
2025-01-15;6394,94;6333,641114546469;67,41999999999916;6,1211145464685615
2025-01-16;6383,13;6390,829817447061;-11,80999999999949;-4,110182552938568
2025-01-17;6461,6;6384,562270403414;78,47000000000025;1,432270403413895
2025-01-20;6501,26;6473,941568668891;39,659999999999854;12,341568668890432
2025-01-21;6489,33;6503,504788303782;-11,930000000000291;2,2447883037821157
2025-01-22;6539,11;6496,203807826048;49,779999999999745;6,873807826048505
2025-01-23;6511,77;6546,9239649559095;-27,339999999999236;7,813964955909796
2025-01-24;6564,61;6509,37092881823;52,839999999999236;-2,3990711817705233
2025-01-27;6498,59;6573,543707309555;-66,01999999999953;8,933707309555757
2025-01-28;6516,51;6492,106977203733;17,920000000000073;-6,483022796267505
2025-01-29;6516,54;6523,275996415264;0,02999999999974534;6,765996415263544
2025-01-30;6632,2;6511,268807428733;115,65999999999985;-5,271192571266511
2025-01-31;6609,99;6642,508603413608;-22,210000000000036;10,30860341360858
2025-02-03;6515,85;6609,059219734109;-94,13999999999942;-0,930780265890462
2025-02-04;6573,6;6520,369269131702;57,75;4,519269131701549
2025-02-05;6514,36;6576,4198782544345;-59,24000000000069;2,8198782544341157
2025-02-06;6693,33;6502,448935021415;178,97000000000025;-11,911064978584363
2025-02-07;6706,39;6711,2494468741415;13,0600000000004;17,919446874141613
2025-02-10;6775,66;6702,798540156361;69,26999999999953;-3,5914598436393135
2025-02-11;6896,71;6796,678574965134;121,05000000000018;21,018574965134576
2025-02-12;6886,01;6906,879472695405;-10,699999999999818;10,169472695404693
2025-02-13;6854,46;6892,336651139564;-31,550000000000182;6,326651139564092
2025-02-14;6821,35;6863,717251159537;-33,10999999999967;9,25725115953719
2025-02-17;6855,25;6818,894938011346;33,899999999999636;-2,4550619886540517
2025-02-18;6966,88;6855,413632980999;111,63000000000011;0,16363298099895474
2025-02-19;6902,68;6972,316573554217;-64,19999999999982;5,4365735542169205
2025-02-20;6892,61;6902,123399799673;-10,070000000000618;-0,5566002003270114
2025-02-21;6886,5;6902,597621417907;-6,109999999999673;9,987621417907576
2025-02-24;6790,78;6881,183125751022;-95,72000000000025;-5,316874248977911
2025-02-25;6801,92;6784,210273052972;11,140000000000327;-6,569726947027448
2025-02-26;6895,56;6802,813059539262;93,64000000000033;0,8930595392621399
2025-02-27;6858,99;6894,020712272725;-36,57000000000062;-1,539287727275223
2025-02-28;6820,93;6858,216755966709;-38,05999999999949;-0,773244033291121
2025-03-03;6812,94;6827,46579914251;-7,990000000000691;6,535799142509859
2025-03-04;6612,56;6809,969363274053;-200,3799999999992;-2,9706367259468607
2025-03-05;6740,05;6596,383456248691;127,48999999999978;-16,17654375130951
2025-03-06;6799,64;6748,386126664226;59,590000000000146;8,336126664225958
2025-03-07;6828,74;6786,319812102396;29,099999999999454;-13,320187897604228
2025-03-10;6800,61;6842,573599013659;-28,13000000000011;13,833599013659295
2025-03-11;6777,75;6804,712103773138;-22,859999999999673;4,102103773137969
2025-03-12;6885,22;6779,598825738488;107,47000000000025;1,8488257384879034
2025-03-13;6916,99;6890,514056752775;31,769999999999527;5,29405675277485
2025-03-14;7025,87;6917,688213821036;108,88000000000011;0,6982138210360063
2025-03-17;7142,83;7043,172351372319;116,96000000000004;17,302351372319208
2025-03-18;7194,81;7154,247468631593;51,98000000000047;11,417468631592783
2025-03-19;7223,21;7208,879026674907;28,399999999999636;14,069026674907036
2025-03-20;7177,31;7236,290217913455;-45,899999999999636;13,080217913455272
2025-03-21;7170,31;7179,6087938044975;-7,0;2,298793804497109
2025-03-24;7260,91;7173,053279478071;90,59999999999945;2,74327947807069
2025-03-25;7379,34;7263,662587851792;118,43000000000029;2,752587851791759
2025-03-26;7344,82;7387,728282024647;-34,52000000000044;8,388282024647197
2025-03-27;7314,42;7351,091260209778;-30,399999999999636;6,27126020977812
2025-03-28;7288,69;7323,5181090232745;-25,730000000000473;9,098109023274446
2025-03-31;7184,44;7284,753946457569;-104,25;-3,9360535424302725
2025-04-01;7286,24;7175,42679496571;101,80000000000018;-9,013205034289967
2025-04-02;7320,93;7291,463134605509;34,69000000000051;5,2231346055095855
2025-04-03;7154,04;7314,940925762431;-166,89000000000033;-5,989074237569184
2025-04-04;6793,8;7152,53322680483;-360,2399999999998;-1,5067731951703536
2025-04-07;6706,6;6771,051856685851;-87,19999999999982;-22,748143314149274
2025-04-08;6917,66;6688,271262297123;211,0599999999995;-18,328737702877334
2025-04-09;6772,42;6906,694371612746;-145,23999999999978;-10,965628387253673
2025-04-10;6930,22;6753,001338983959;157,80000000000018;-19,41866101604137
2025-04-11;6951,05;6959,917848431495;20,829999999999927;29,697848431495004
2025-04-14;7129,95;6940,74575628925;178,89999999999964;-10,304243710750598
2025-04-15;7160,91;7156,200128361258;30,960000000000036;26,25012836125825
