Data;Rzeczywiste;Prognoza_Cena;Prognoza_Zwrot;Rzeczywisty_Zwrot
2022-01-03;5382,71;5293,046918126227;0,0002507222206104;0,01704863002274
2022-01-04;5393,03;5393,039067272824;0,0019170955767131;0,0019154142834139
2022-01-05;5406,56;5394,382321978918;0,0002507222206104;0,0025056519884133
2022-01-07;5434,91;5391,255116278163;-0,0028348131184697;0,0052299300038585
2022-01-10;5431,53;5445,339235647423;0,0019170955767131;-0,0006220988859289
2022-01-11;5479,55;5432,891975994599;0,0002507222206104;0,0088021185873251
2022-01-12;5548,4;5495,534926909418;0,0029129502539466;0,0124866171071628
2022-01-13;5541,97;5559,04701551013;0,0019170955767131;-0,0011595646890907
2022-01-14;5493,94;5526,281797808605;-0,0028348131184697;-0,0087043666091922
2022-01-17;5503,15;5495,317625530149;0,0002507222206104;0,0016749889567675
2022-01-18;5406,01;5504,529934971303;0,0002507222206104;-0,017809357916415
2022-01-19;5369,59;5390,706673217519;-0,0028348131184697;-0,0067597421362206
2022-01-20;5340,54;5354,389770910904;-0,0028348131184697;-0,0054247840578837
2022-01-21;5228,78;5325,422005616913;-0,0028348131184697;-0,0211487901881865
2022-01-24;5026,64;5213,978375694143;-0,0028348131184697;-0,0394262124089356
2022-01-25;5076,46;5027,90044834761;0,0002507222206104;0,0098623994257573
2022-01-26;5149,96;5062,089562971915;-0,0028348131184697;0,014374779371592
2022-01-27;5175,74;5159,84243529604;0,0019170955767131;0,0049933764424899
2022-01-28;5128,54;5185,671905424339;0,0019170955767131;-0,0091613058112421
2022-01-31;5106,59;5143,500961584806;0,0029129502539466;-0,0042891558096298
2022-02-01;5176,84;5121,486929110303;0,0029129502539466;0,0136629690352827
2022-02-02;5267,56;5191,941862200682;0,0029129502539466;0,0173724257219965
2022-02-03;5276,91;5282,9265103139805;0,0029129502539466;0,001773441899034
2022-02-04;5225,86;5243,1865013459355;-0,0064112746808245;-0,0097213215248026
2022-02-07;5229,31;5227,170403490571;0,0002507222206104;0,000659960598483
2022-02-08;5258,08;5230,621268590678;0,0002507222206104;0,0054866028957544
2022-02-09;5244,77;5273,418855286268;0,0029129502539466;-0,0025345515027314
2022-02-10;5214,65;5260,070027393984;0,0029129502539466;-0,0057594174933004
2022-02-11;5180,64;5199,88837488161;-0,0028348131184697;-0,0065433713435155
2022-02-14;5014,58;5185,104508675905;0,0008613966798477;-0,0325789316099714
2022-02-15;5139,59;5015,837424258542;0,0002507222206104;0,024623640595552
2022-02-16;5143,31;5154,583196611833;0,0029129502539466;0,0007235313311
2022-02-17;5030,31;5144,599703776429;0,0002507222206104;-0,0222152286484175
2022-02-18;5005,57;5034,644959124257;0,0008613966798477;-0,004930320034733
2022-02-21;4863,73;4991,400238300967;-0,0028348131184697;-0,0287456591418238
2022-02-22;4903,24;4864,9495980698275;0,0002507222206104;0,0080905778390675
2022-02-23;4819,57;4889,359913945233;-0,0028348131184697;-0,0172114986291239
2022-02-24;4253,49;4805,926766883331;-0,0028348131184697;-0,1249448900386749
2022-02-25;4569,02;4265,898268335892;0,0029129502539466;0,0715589174710246
2022-02-28;4589,49;4582,348731510374;0,0029129502539466;0,0044701668910375
2022-03-01;4456,3;4598,296930144472;0,0019170955767131;-0,0294500814741693
2022-03-02;4447,97;4443,685111174273;-0,0028348131184697;-0,0018710129926567
2022-03-03;4451,4;4460,945604811578;0,0029129502539466;0,0007708411201782
2022-03-04;4237,7;4452,516204815653;0,0002507222206104;-0,049197984208485
2022-03-07;4209,48;4225,703923798491;-0,0028348131184697;-0,006681544606713
2022-03-08;4165,89;4162,644813101289;-0,011188479990549751;-0,0104091863606932
2022-03-09;4368,06;4154,097203462467;-0,0028348131184697;0,0473890363464918
2022-03-10;4340,29;4380,802491598024;0,0029129502539466;-0,0063778084555627
2022-03-11;4387,18;4341,378343577151;0,0002507222206104;0,0107454855027657
2022-03-14;4375,39;4390,960730406428;0,0008613966798477;-0,0026909929654694
2022-03-15;4385,62;4363,004151107601;-0,0028348131184697;0,002335348241677
2022-03-16;4562,83;4398,413717577625;0,0029129502539466;0,0396120381247246
2022-03-17;4654,35;4576,140674060844;0,0029129502539466;0,0198592211177611
2022-03-18;4671,82;4667,927655931755;0,0029129502539466;0,0037464512085712
2022-03-21;4676,65;4685,448619363625;0,0029129502539466;0,0010333242615686
2022-03-22;4711,99;4677,822687076227;0,0002507222206104;0,0075282824579121
2022-03-23;4732,89;4725,73580316776;0,0029129502539466;0,004425685474771
2022-03-24;4794,88;4719,492140525908;-0,0028348131184697;0,0130126723727044
2022-03-25;4771,94;4808,867609628423;0,0029129502539466;-0,0047957511413077
2022-03-28;4761,97;4773,136581391923;0,0002507222206104;-0,0020914826412905
2022-03-29;4783,94;4775,861604674625;0,0029129502539466;0,004603026592837
2022-03-30;4795,24;4797,895695493067;0,0029129502539466;0,0023592844568169
2022-03-31;4778,07;4796,442423952062;0,0002507222206104;-0,003587059942805
2022-04-01;4811,87;4782,187586817281;0,0008613966798477;0,0070490826759771
2022-04-04;4840,1;4821,103662771741;0,0019170955767131;0,0058495997184759
2022-04-05;4816,33;4854,21952527749;0,0029129502539466;-0,0049231544184193
2022-04-06;4739,74;4802,69593867154;-0,0028348131184697;-0,0160299453718406
2022-04-07;4701,38;4726,322749553923;-0,0028348131184697;-0,0081261992416186
2022-04-08;4709,1;4702,558888214093;0,0002507222206104;0,0016407243268863
2022-04-11;4720,27;4710,280824032303;0,0002507222206104;0,0023691943841091
2022-04-12;4709,11;4706,907865207142;-0,0028348131184697;-0,0023670708383399
2022-04-13;4692,24;4710,290826539838;0,0002507222206104;-0,0035888501346958
2022-04-14;4671,29;4705,928188526694;0,0029129502539466;-0,004474815578849
2022-04-19;4666,22;4658,066517733831;-0,0028348131184697;-0,001085942718828
2022-04-20;4644,34;4679,832283060336;0,0029129502539466;-0,004700048177176
2022-04-21;4631,39;4645,504585225666;0,0002507222206104;-0,0027922348782905
2022-04-22;4562,64;4618,279466607144;-0,0028348131184697;-0,0149556356557195
2022-04-25;4476,76;4511,875511951232;-0,011188479990549751;-0,019001832873774
2022-04-26;4444,09;4489,81959091367;0,0029129502539466;-0,0073244468980532
2022-04-27;4321,17;4394,644513682287;-0,011188479990549751;-0,0280489246768909
2022-04-28;4359,89;4322,253549167285;0,0002507222206104;0,0089206287642535
2022-04-29;4370,19;4372,608658098402;0,0029129502539466;0,0023596587383369
2022-05-02;4321,64;4321,56673407811;-0,011188479990549751;-0,0111715265786631
2022-05-04;4329,37;4334,247075312537;0,0029129502539466;0,001787075048401
2022-05-05;4261,04;4341,999625245471;0,0029129502539466;-0,0159087729515103
2022-05-06;4218,78;4213,631150264907;-0,011188479990549751;-0,0099672752169133
2022-05-09;4153,84;4219,837874500647;0,0002507222206104;-0,0155127791043713
2022-05-10;4144,59;4107,62387051433;-0,011188479990549751;-0,0022293382798919
2022-05-11;4129,85;4145,629271087053;0,0002507222206104;-0,0035627826394892
2022-05-12;4073,54;4118,159225452297;-0,0028348131184697;-0,0137286864149455
2022-05-13;4223,0;4074,561455039932;0,0002507222206104;0,0360333756659744
2022-05-16;4271,42;4235,319322998872;0,0029129502539466;0,0114005486985442
2022-05-17;4326,88;4279,616574686447;0,0019170955767131;0,0129004033675295
2022-05-18;4321,62;4339,502361424901;0,0029129502539466;-0,0012163960567882
2022-05-19;4256,57;4294,00153649515;-0,0064112746808245;-0,0151666603179507
2022-05-20;4254,54;4257,637350481233;0,0002507222206104;-0,0004770235700146
2022-05-23;4351,23;4255,606841451316;0,0002507222206104;0,022471915679471
2022-05-24;4317,09;4363,923395172243;0,0029129502539466;-0,0078769995855899
2022-05-25;4299,98;4304,869186679384;-0,0028348131184697;-0,0039711926410985
2022-05-26;4324,49;4312,523888825169;0,0029129502539466;0,0056838428297881
2022-05-27;4320,02;4337,105389324033;0,0029129502539466;-0,0010341824807654
2022-05-30;4370,43;4332,6223494533715;0,0029129502539466;0,011601370561121
2022-05-31;4349,02;4378,816568379342;0,0019170955767131;-0,0049108700727904
2022-06-01;4335,94;4350,110532656551;0,0002507222206104;-0,0030121059600348
2022-06-02;4320,48;4323,66582612144;-0,0028348131184697;-0,0035719192084799
2022-06-03;4289,17;4333,083691363998;0,0029129502539466;-0,0072732661666478
2022-06-06;4320,58;4277,028222582716;-0,0028348131184697;0,0072964114752107
2022-06-07;4306,65;4328,870909500533;0,0019170955767131;-0,003229312793493
2022-06-08;4227,18;4319,213346529266;0,0029129502539466;-0,0186252356393344
2022-06-09;4183,95;4215,213703802182;-0,0028348131184697;-0,0102793276660733
2022-06-10;4123,58;4172,106079235598;-0,0028348131184697;-0,0145340583070324
2022-06-13;3995,49;4077,7005469578703;-0,011188479990549751;-0,0315554930837963
2022-06-14;3979,86;3951,0356918902266;-0,011188479990549751;-0,0039195822153171
2022-06-15;3992,63;3980,8579644376205;0,0002507222206104;0,0032035188306396
2022-06-17;3940,71;4004,2772883222797;0,0029129502539466;-0,0130892515079942
2022-06-20;4026,3;3915,5258432906644;-0,0064112746808245;0,0214869299688236
2022-06-21;4105,67;4034,026205491392;0,0019170955767131;0,0195211050871861
2022-06-22;4025,87;4117,6470482729765;0,0029129502539466;-0,0196279085949137
2022-06-23;3967,27;4026,879501613243;0,0002507222206104;-0,0146628358584552
2022-06-24;4026,24;3978,843308205952;0,0029129502539466;0,0147547372359228
2022-06-27;4085,99;4037,9853353139893;0,0029129502539466;0,0147311110516603
2022-06-28;4107,75;4093,830746684492;0,0019170955767131;0,0053113843386699
2022-06-29;4172,25;4096,121786106438;-0,0028348131184697;0,0155800252915719
2022-06-30;4069,37;4180,256273964052;0,0019170955767131;-0,0249672623230499
2022-07-01;4066,98;4057,8504321655296;-0,0028348131184697;-0,0005874870350317
2022-07-04;4060,21;4078,8441819204245;0,0029129502539466;-0,0016660128693682
2022-07-05;3954,91;4061,2281124937235;0,0002507222206104;-0,0262768514582867
2022-07-06;3910,49;3955,9017081339516;0,0002507222206104;-0,0112951591171262
2022-07-07;4049,4;3911,4705696566384;0,0002507222206104;0,0349060361567666
2022-07-08;4031,42;4061,2128975968817;0,0029129502539466;-0,0044500507798498
2022-07-11;4033,67;4032,4308932960234;0,0002507222206104;0,0005579603100207
2022-07-12;3948,04;4022,2514916837576;-0,0028348131184697;-0,0214573782932805
2022-07-13;3933,37;3936,8638929875624;-0,0028348131184697;-0,0037226884382113
2022-07-14;3892,34;3934,3563069002435;0,0002507222206104;-0,0104860456012657
2022-07-15;3913,3;3893,3160184778176;0,0002507222206104;0,0053704886153075
2022-07-18;3981,08;3924,7158670829945;0,0029129502539466;0,0171721314616734
2022-07-19;4011,17;3969,8103633942223;-0,0028348131184697;0,0075298300656148
2022-07-20;4053,8;4022,8713731549574;0,0029129502539466;0,0105717434864393
2022-07-21;4031,73;4065,625733263753;0,0029129502539466;-0,0054591485805817
2022-07-22;4072,11;4043,491350725608;0,0029129502539466;0,0099657283946673
2022-07-25;4057,52;4060,582675776736;-0,0028348131184697;-0,0035893430977903
2022-07-26;3976,37;4058,537437966394;0,0002507222206104;-0,0202026067232538
2022-07-27;3955,55;3965,1136964567113;-0,0028348131184697;-0,0052496867883713
2022-07-28;3980,3;3967,089118656924;0,0029129502539466;0,0062375373136767
2022-07-29;4151,32;3991,9113192830714;0,0029129502539466;0,0420691626174228
2022-08-01;4136,22;4163,430218316759;0,0029129502539466;-0,0036440286766241
2022-08-02;4105,73;4137,257172278968;0,0002507222206104;-0,0073987682743993
2022-08-03;4197,7;4094,1075043200735;-0,0028348131184697;0,0221531972371557
2022-08-04;4127,62;4209,945517914365;0,0029129502539466;-0,0168357865651872
2022-08-05;4124,32;4128,6550157975435;0,0002507222206104;-0,0007998119656511
2022-08-08;4188,73;4125,3541883104845;0,0002507222206104;0,0154964276510721
2022-08-09;4181,2;4196,767898002621;0,0019170955767131;-0,001799298687448
2022-08-10;4181,55;4182,248451178327;0,0002507222206104;8,370452308266625e-05
2022-08-11;4220,12;4193,748405182556;0,0029129502539466;0,0091815724630841
2022-08-12;4228,93;4228,218133352789;0,0019170955767131;0,0020854423143292
2022-08-16;4279,46;4241,266621977177;0,0029129502539466;0,0118778274326151
2022-08-17;4214,11;4291,9440279424;0,0029129502539466;-0,015388414903577
2022-08-18;4208,13;4202,180702342888;-0,0028348131184697;-0,0014200500116144
2022-08-19;4125,86;4209,185203974232;0,0002507222206104;-0,0197438855891517
2022-08-22;4040,22;4114,180520339628;-0,0028348131184697;-0,0209753369692239
2022-08-23;4024,53;4028,7829499514214;-0,0028348131184697;-0,0038910120699368
2022-08-24;3969,82;4025,539165603347;0,0002507222206104;-0,0136873802451921
2022-08-25;4006,49;3970,815446870934;0,0002507222206104;0,0091947926679522
2022-08-26;3959,61;4018,177720672922;0,0029129502539466;-0,0117700107208291
2022-08-29;3860,98;3915,5548971378885;-0,011188479990549751;-0,0252244983044502
2022-08-30;3795,81;3864,3072681961103;0,0008613966798477;-0,0170232104555381
2022-08-31;3838,57;3785,06482549344;-0,0028348131184697;0,0112020746017896
2022-09-01;3777,8;3827,703780535473;-0,0028348131184697;-0,0159580717941722
2022-09-02;3858,81;3778,7472971542825;0,0002507222206104;0,0212170161745377
2022-09-05;3869,16;3847,8864851671556;-0,0028348131184697;0,0026785834283187
2022-09-06;3841,04;3870,1302060081166;0,0002507222206104;-0,0072942659541963
2022-09-07;3872,58;3842,0031548153647;0,0002507222206104;0,0081777883206087
2022-09-08;3915,93;3883,8770788204997;0,0029129502539466;0,0111318975406024
2022-09-09;3993,46;3927,3535393111465;0,0029129502539466;0,0196051739232407
2022-09-12;3995,05;4005,1097095958025;0,0029129502539466;0,0003980717357795
2022-09-13;3901,79;4006,7043479390586;0,0029129502539466;-0,023620672586412
2022-09-14;3903,37;3876,8545719154877;-0,0064112746808245;0,000404860379949
2022-09-15;3909,41;3904,3487842906216;0,0002507222206104;0,0015461848927816
2022-09-16;3775,03;3898,3432467463617;-0,0028348131184697;-0,034978137781514
2022-09-19;3822,31;3764,3436494931257;-0,0028348131184697;0,0124466222064399
2022-09-20;3768,31;3833,4604313265017;0,0029129502539466;-0,0142283268035292
2022-09-21;3752,25;3757,642672461262;-0,0028348131184697;-0,0042709650379018
2022-09-22;3777,52;3741,6281350904706;-0,0028348131184697;0,0067120496034037
2022-09-23;3678,0;3766,8266008040387;-0,0028348131184697;-0,0266985834755613
2022-09-26;3597,78;3667,5883219035913;-0,0028348131184697;-0,0220521376038249
2022-09-27;3627,95;3587,595408585727;-0,0028348131184697;0,0083507618817119
2022-09-28;3612,9;3634,911797981396;0,0019170955767131;-0,0041569765076096
2022-09-29;3503,5;3623,4395410993666;0,0029129502539466;-0,0307483051239553
2022-09-30;3552,54;3493,5822962994107;-0,0028348131184697;0,0139003717735616
2022-10-03;3600,8;3542,4834739247917;-0,0028348131184697;0,0134932023945726
2022-10-04;3713,81;3611,304243015472;0,0029129502539466;0,0309022608439563
2022-10-05;3626,24;3724,643915450258;0,0029129502539466;-0,023862005060637
2022-10-06;3667,1;3627,1492929304736;0,0002507222206104;0,0112048601856163
2022-10-07;3633,99;3656,7191776108375;-0,0028348131184697;-0,0090699407839911
2022-10-10;3561,67;3593,557784895511;-0,011188479990549751;-0,0201016821875306
2022-10-11;3593,37;3551,587628731475;-0,0028348131184697;0,0088609448483129
2022-10-12;3584,05;3583,1978924085665;-0,0028348131184697;-0,0025970349340842
2022-10-13;3581,95;3584,94871363381;0,0002507222206104;-0,0005861010494321
2022-10-14;3597,96;3592,3992538517186;0,0029129502539466;0,0044596733203656
2022-10-17;3632,98;3587,7748990419373;-0,0028348131184697;0,0096862299525394
2022-10-18;3637,54;3643,5781184154494;0,0029129502539466;0,0012543808690215
2022-10-19;3579,61;3648,151420833842;0,0029129502539466;-0,0160537730698345
2022-10-20;3621,09;3569,4768442004665;-0,0028348131184697;0,0115212295561626
2022-10-21;3558,81;3610,8394226650016;-0,0028348131184697;-0,0173488661665901
2022-10-24;3591,31;3569,191749912767;0,0029129502539466;0,0090908191259621
2022-10-25;3620,91;3601,7865588157892;0,0029129502539466;0,0082083370157625
2022-10-26;3711,38;3631,472907847465;0,0029129502539466;0,0246783996493269
2022-10-27;3734,09;3700,8738298386493;-0,0028348131184697;0,0061003725563283
2022-10-28;3747,1;3741,2554736764155;0,0019170955767131;0,0034780598046708
2022-10-31;3824,04;3758,031028938923;0,0029129502539466;0,020325247912981
2022-11-02;3832,98;3813,2149120424715;-0,0028348131184697;0,0023351131542822
2022-11-03;3799,19;3808,4843205453462;-0,0064112746808245;-0,0088546824235447
2022-11-04;3937,51;3788,4352573933947;-0,0028348131184697;0,0357606577148359
2022-11-07;3934,24;3948,996492422754;0,0029129502539466;-0,000830819115977
2022-11-08;3931,29;3945,7169531885106;0,0029129502539466;-0,0007501084194761
2022-11-09;3934,35;3932,275785332643;0,0002507222206104;0,0007780676853693
2022-11-10;3958,49;3923,212646623544;-0,0028348131184697;0,0061169554357553
2022-11-14;4013,7;3970,0376952161505;0,0029129502539466;0,0138508697488084
2022-11-15;4007,62;4021,4020269182124;0,0019170955767131;-0,0015159602570122
2022-11-16;3965,01;4019,31101710555;0,0029129502539466;-0,0106891717568072
2022-11-17;3939,24;3953,785854331419;-0,0028348131184697;-0,0065205658492244
2022-11-18;3972,77;3940,2277788241927;0,0002507222206104;0,0084757730915767
2022-11-21;3913,54;3980,3934849340676;0,0019170955767131;-0,015021249153789
2022-11-22;3979,74;3914,5213344552835;0,0002507222206104;0,0167741552890129
2022-11-23;3982,71;3991,349685652742;0,0029129502539466;0,0007460015793476
2022-11-24;4016,9;3994,32834972788;0,0029129502539466;0,0085479687589772
2022-11-25;4059,51;4024,6081675082264;0,0019170955767131;0,0105518158072583
2022-11-28;4070,32;4067,2999333021285;0,0019170955767131;0,0026593437675304
2022-11-29;4087,13;4058,7977429066414;-0,0028348131184697;0,0041213918061077
2022-11-30;4108,81;4088,1548627820907;0,0002507222206104;0,0052904366225872
2022-12-01;4150,31;4120,796208271607;0,0029129502539466;0,0100495813768598
2022-12-02;4170,01;4158,27417254377;0,0019170955767131;0,0047354036413978
2022-12-05;4143,76;4178,011975551041;0,0019170955767131;-0,0063148456672443
2022-12-06;4049,0;4132,029849040573;-0,0028348131184697;-0,0231336511721011
2022-12-07;4061,8;4037,538095537695;-0,0028348131184697;0,0031562880668481
2022-12-08;4040,17;4062,818511192034;0,0002507222206104;-0,0053394548211978
2022-12-09;4045,72;4051,9559718684236;0,0029129502539466;0,0013727619029121
2022-12-12;4082,33;4034,267380557857;-0,0028348131184697;0,0090083716456242
2022-12-13;4144,54;4094,238960894621;0,0029129502539466;0,0151239015038152
2022-12-14;4145,72;4156,630439720991;0,0029129502539466;0,0002846714115043
2022-12-15;4055,73;4146,759554438682;0,0002507222206104;-0,0219457807337365
2022-12-16;4036,25;4029,810777349576;-0,0064112746808245;-0,004814652935446
2022-12-19;4050,78;4024,8241882227762;-0,0028348131184697;0,0035934120771199
2022-12-20;4102,04;4039,3130567157777;-0,0028348131184697;0,0125749557759862
2022-12-21;4139,11;4109,91154558128;0,0019170955767131;0,0089963779377389
2022-12-22;4119,27;4151,1845993411935;0,0029129502539466;-0,0048048256847992
2022-12-23;4099,89;4107,609175303917;-0,0028348131184697;-0,0047158191143354
2022-12-27;4069,05;4111,850186874223;0,0029129502539466;-0,0075505871065452
2022-12-28;4069,27;4070,0703291560258;0,0002507222206104;5,406521248945881e-05
2022-12-29;4128,48;4057,7507152454127;-0,0028348131184697;0,0144456783011393
2022-12-30;4154,32;4140,523589536912;0,0029129502539466;0,0062394561817172
2023-01-02;4198,67;4162,29186747063;0,0019170955767131;0,0106190518023205
2023-01-03;4303,33;4206,726972210353;0,0019170955767131;0,0246213331236231
2023-01-04;4389,26;4311,58780788249;0,0019170955767131;0,0197715063613409
2023-01-05;4397,18;4402,064336174764;0,0029129502539466;0,0018027784051349
2023-01-09;4448,1;4384,732468001097;-0,0028348131184697;0,0115136123466745
2023-01-10;4448,73;4461,07598404719;0,0029129502539466;0,0001416234773626
2023-01-11;4394,24;4461,707821881309;0,0029129502539466;-0,012324069780235
2023-01-12;4427,26;4407,058863815904;0,0029129502539466;0,0074862901356343
2023-01-13;4407,17;4435,755621420118;0,0019170955767131;-0,0045481224325337
2023-01-16;4413,34;4408,275113981534;0,0002507222206104;0,0013990123034484
2023-01-17;4345,24;4414,446661131579;0,0002507222206104;-0,0155507793183835
2023-01-18;4328,56;4346,329584807738;0,0002507222206104;-0,0038460699027477
2023-01-19;4312,67;4316,306717416805;-0,0028348131184697;-0,0036777213221243
2023-01-20;4355,86;4300,4616988102125;-0,0028348131184697;0,0099648631062584
2023-01-23;4390,0;4368,5669017944265;0,0029129502539466;0,0078071621104473
2023-01-24;4380,85;4402,806494900556;0,0029129502539466;-0,0020864575997525
2023-01-25;4305,16;4381,94851414536;0,0002507222206104;-0,0174284662123287
2023-01-26;4339,21;4306,239534601284;0,0002507222206104;0,0078780006185017
2023-01-27;4342,89;4351,86833046411;0,0029129502539466;0,0008477212242153
2023-01-30;4270,71;4343,978995536651;0,0002507222206104;-0,0167599353529581
2023-01-31;4412,0;4258,620479129116;-0,0028348131184697;0,0325480116264981
2023-02-01;4374,2;4424,870673234909;0,0029129502539466;-0,0086044554449411
2023-02-02;4421,3;4386,960403187702;0,0029129502539466;0,0107101245462347
2023-02-03;4434,36;4434,197803167159;0,0029129502539466;0,0029495282041518
2023-02-06;4366,51;4421,807218900601;-0,0028348131184697;-0,0154192356639264
2023-02-07;4376,62;4367,60491833796;0,0002507222206104;0,0023126739522521
2023-02-08;4403,59;4389,3874628044805;0,0029129502539466;0,0061433803572167
2023-02-09;4472,59;4391,124322580597;-0,0028348131184697;0,0155475418297573
2023-02-10;4390,55;4459,928997461334;-0,0028348131184697;-0,0185131551943576
2023-02-13;4381,81;4391,650946455804;0,0002507222206104;-0,0019926229411197
2023-02-14;4393,59;4394,592603056994;0,0029129502539466;0,0026847795145274
2023-02-15;4409,48;4394,691708746912;0,0002507222206104;0,0036101081231211
2023-02-16;4451,18;4410,585693222474;0,0002507222206104;0,009412460892339
2023-02-17;4441,12;4438,579604864282;-0,0028348131184697;-0,0022626326803758
2023-02-20;4438,0;4442,233627068089;0,0002507222206104;-0,0007027723757334
2023-02-21;4373,65;4439,112844716688;0,0002507222206104;-0,0146059237473551
2023-02-22;4329,62;4361,269076697564;-0,0028348131184697;-0,0101181224150089
2023-02-23;4373,67;4330,705668035662;0,0002507222206104;0,0101226952441727
2023-02-24;4365,76;4382,062785726731;0,0019170955767131;-0,0018101871998385
2023-02-27;4367,48;4353,401411700333;-0,0028348131184697;0,0003938973444536
2023-02-28;4421,49;4368,575161569004;0,0002507222206104;0,0122905596183672
2023-03-01;4462,97;4429,974549168749;0,0019170955767131;0,0093377203334297
2023-03-02;4405,61;4471,5341465668025;0,0019170955767131;-0,012935734886677
2023-03-03;4454,68;4418,462032345977;0,0029129502539466;0,0110765001358086
2023-03-06;4562,43;4467,675179203556;0,0029129502539466;0,023900147387405
2023-03-07;4586,61;4571,185003780169;0,0019170955767131;0,0052858127844459
2023-03-08;4601,93;4573,626229778747;-0,0028348131184697;0,0033345916099607
2023-03-09;4636,65;4603,083950763197;0,0002507222206104;0,0075163420049101
2023-03-10;4573,09;4623,524576605298;-0,0028348131184697;-0,013802997507474
2023-03-13;4490,73;4560,144502178928;-0,0028348131184697;-0,0181738531591766
2023-03-14;4519,9;4491,856066956866;0,0002507222206104;0,0064745976477716
2023-03-15;4388,34;4552,152947542819;0,0071104266292742;-0,0295388462469453
2023-03-16;4424,95;4375,9174922627535;-0,0028348131184697;0,0083079555023733
2023-03-17;4416,11;4437,858450936267;0,0029129502539466;-0,0019997608761759
2023-03-20;4402,71;4403,608880979246;-0,0028348131184697;-0,0030389576638845
2023-03-21;4428,26;4415,5535724746305;0,0029129502539466;0,0057864699554742
2023-03-22;4403,0;4441,178106858391;0,0029129502539466;-0,0057206036028225
2023-03-23;4412,03;4390,535992751907;-0,0028348131184697;0,0020487742318743
2023-03-24;4365,1;4413,136332644292;0,0002507222206104;-0,0106938024688988
2023-03-27;4378,61;4377,833856694856;0,0029129502539466;0,003090223886914
2023-03-28;4407,69;4379,707952457174;0,0002507222206104;0,006619420275304
2023-03-29;4408,75;4416,148067874314;0,0019170955767131;0,0002404598693141
2023-03-30;4501,68;4421,611192344607;0,0029129502539466;0,0208594578699337
2023-03-31;4504,04;4514,812287463311;0,0029129502539466;0,0005241113545663
2023-04-03;4498,96;4517,179172048269;0,0029129502539466;-0,0011285128377501
2023-04-04;4505,95;4500,088130659439;0,0002507222206104;0,0015524866775904
2023-04-05;4471,26;4507,079883427481;0,0002507222206104;-0,0077284975328327
2023-04-06;4474,1;4472,381184783222;0,0002507222206104;0,0006349660819508
2023-04-11;4553,06;4475,2218969236;0,0002507222206104;0,0174943202085449
2023-04-12;4547,61;4561,797023365034;0,0019170955767131;-0,0011977141576414
2023-04-13;4581,97;4548,750329824708;0,0002507222206104;0,0075272164181515
2023-04-14;4588,54;4595,336509211732;0,0029129502539466;0,0014328540340843
2023-04-17;4638,05;4589,690593171769;0,0002507222206104;0,0107321285993483
2023-04-18;4660,99;4646,950113597931;0,0019170955767131;0,0049338526418845
2023-04-19;4632,02;4669,934133952592;0,0019170955767131;-0,0062348138752907
2023-04-20;4624,93;4633,181495940648;0,0002507222206104;-0,0015318223359483
2023-04-21;4584,24;4626,089718097241;0,0002507222206104;-0,0088369016518639
2023-04-24;4590,76;4585,3895149310565;0,0002507222206104;0,0014212536452344
2023-04-25;4579,22;4591,911149844882;0,0002507222206104;-0,0025169097625074
2023-04-26;4543,14;4566,257149382101;-0,0028348131184697;-0,0079102750021497
2023-04-27;4618,28;4544,279208955876;0,0002507222206104;0,0164039384591684
2023-04-28;4600,36;4631,752432635384;0,0029129502539466;-0,0038877801002056
2023-05-02;4580,51;4613,780156464856;0,0029129502539466;-0,0043242156638726
2023-05-04;4528,92;4567,54349765161;-0,0028348131184697;-0,0113268451639274
2023-05-05;4562,18;4516,099538563245;-0,0028348131184697;0,007317078988003
2023-05-08;4635,88;4575,488777882783;0,0029129502539466;0,0160254612968149
2023-05-09;4660,33;4644,775949510328;0,0019170955767131;0,0052602203214925
2023-05-10;4692,15;4669,272867455902;0,0019170955767131;0,0068046385087816
2023-05-11;4654,32;4701,153927947851;0,0019170955767131;-0,0080950790157264
2023-05-12;4671,81;4655,487087747133;0,0002507222206104;0,0037507563167912
2023-05-15;4669,14;4672,981473428543;0,0002507222206104;-0,0005716763439942
2023-05-16;4672,59;4670,310803916286;0,0002507222206104;0,0007386212525621
2023-05-17;4652,64;4673,761669016393;0,0002507222206104;-0,0042787213690465
2023-05-18;4644,45;4666,212667524857;0,0029129502539466;-0,0017618420642459
2023-05-19;4674,52;4657,998775681295;0,0029129502539466;0,0064535253065191
2023-05-22;4758,59;4683,490097134744;0,0019170955767131;0,0178249222020278
2023-05-23;4760,99;4767,721421948012;0,0019170955767131;0,0005042239365283
2023-05-24;4652,1;4747,512595078787;-0,0028348131184697;-0,023136899255024
2023-05-25;4643,41;4656,109029928963;0,0008613966798477;-0,0018697204417146
2023-05-26;4685,19;4656,955741796399;0,0029129502539466;0,0089574597163406
2023-05-29;4672,74;4698,85762228773;0,0029129502539466;-0,0026608464362539
2023-05-30;4635,57;4673,91170662944;0,0002507222206104;-0,0079864545914452
2023-05-31;4549,84;4636,732386116119;0,0002507222206104;-0,0186671012936058
2023-06-01;4610,96;4550,980889005358;0,0002507222206104;0,0133440107697152
2023-06-02;4721,63;4624,411078753227;0,0029129502539466;0,0237180006856209
2023-06-05;4709,96;4735,403924946996;0,0029129502539466;-0,0024746635414707
2023-06-06;4744,19;4711,141039680445;0,0002507222206104;0,0072412960603778
2023-06-07;4711,76;4753,29378929295;0,0019170955767131;-0,0068592002176018
2023-06-09;4724,97;4712,941491037022;0,0002507222206104;0,0027997004531624
2023-06-12;4689,79;4738,753668385029;0,0029129502539466;-0,0074734063828959
2023-06-13;4616,1;4703,471041394004;0,0029129502539466;-0,0158376125869994
2023-06-14;4691,4;4629,56607314589;0,0029129502539466;0,016180852627081
2023-06-15;4716,97;4700,402488747067;0,0019170955767131;0,0054355989309537
2023-06-16;4722,38;4730,730330808901;0,0029129502539466;0,0011462654933572
2023-06-19;4743,0;4723,564154040828;0,0002507222206104;0,0043569370947475
2023-06-20;4728,91;4752,101505761039;0,0019170955767131;-0,0029751149225257
2023-06-21;4747,7;4730,095791462189;0,0002507222206104;0,0039655582795417
2023-06-22;4785,09;4748,890503123348;0,0002507222206104;0,0078445432530034
2023-06-23;4742,8;4794,272273709064;0,0019170955767131;-0,0088771549036857
2023-06-26;4765,37;4729,374087309504;-0,0028348131184697;0,0047475050176254
2023-06-27;4751,48;4774,514432323104;0,0019170955767131;-0,0029190351561254
2023-06-28;4798,95;4765,341003277925;0,0029129502539466;0,0099409955212958
2023-06-29;4848,04;4808,158870139561;0,0019170955767131;0,0101773555734836
2023-06-30;4852,03;4857,343070628241;0,0019170955767131;0,0008226745219433
2023-07-03;4870,1;4866,184327437892;0,0029129502539466;0,0037172966845834
2023-07-04;4883,44;4871,321195370605;0,0002507222206104;0,0027354187952399
2023-07-05;4860,49;4884,664540424349;0,0002507222206104;-0,0047106336844563
2023-07-06;4895,11;4861,708785627989;0,0002507222206104;0,0070974917647281
2023-07-07;4916,57;4881,25292833972;-0,0028348131184697;0,0043743852673931
2023-07-10;4987,16;4926,004575201255;0,0019170955767131;0,014255476558718
2023-07-11;5000,64;4996,73003277909;0,0019170955767131;0,0026992947765919
2023-07-12;5116,85;5015,22785208645;0,0029129502539466;0,0229731110992882
2023-07-13;5087,0;5131,776859551688;0,0029129502539466;-0,0058507495014598
2023-07-14;5166,67;5101,839781220758;0,0029129502539466;0,0155401145775456
2023-07-17;5256,51;5176,584500689519;0,0019170955767131;0,0172389280203098
2023-07-18;5301,39;5266,596897754155;0,0019170955767131;0,0085017418853057
2023-07-19;5303,11;5316,855199089034;0,0029129502539466;0,0003243905917453
2023-07-20;5331,39;5304,439774210346;0,0002507222206104;0,0053185512554365
2023-07-21;5324,51;5316,297907426207;-0,0028348131184697;-0,0012913035888124
2023-07-24;5328,78;5325,845140338543;0,0002507222206104;0,000801630337419
2023-07-25;5346,03;5330,116211056646;0,0002507222206104;0,0032319104536825
2023-07-26;5289,79;5347,370536557178;0,0002507222206104;-0,0105756818335535
2023-07-27;5281,26;5291,116434171674;0,0002507222206104;-0,001613841927028
2023-07-28;5271,07;5266,30981537155;-0,0028348131184697;-0,0019313276153066
2023-07-31;5350,36;5286,446749675506;0,0029129502539466;0,0149304703663176
2023-08-01;5333,63;5360,626989745652;0,0019170955767131;-0,003131791339031
2023-08-02;5264,91;5334,967427211868;0,0002507222206104;-0,0129680056019182
2023-08-03;5258,65;5250,006098932419;-0,0028348131184697;-0,0011897116067898
2023-08-04;5284,68;5259,968625702887;0,0002507222206104;0,0049377289503021
2023-08-07;5212,34;5294,820954135621;0,0019170955767131;-0,0137831775560927
2023-08-08;5161,03;5227,545422694752;0,0029129502539466;-0,0098927192334929
2023-08-09;5183,6;5162,3241471311785;0,0002507222206104;0,0043636236024552
2023-08-10;5201,74;5168,92627118528;-0,0028348131184697;0,0034933894216322
2023-08-11;5286,38;5203,044355312435;0,0002507222206104;0,0161405166035775
2023-08-14;5299,64;5296,5242163240655;0,0019170955767131;0,0025051921184666
2023-08-16;5229,4;5315,100093994256;0,0029129502539466;-0,0133423449804721
2023-08-17;5224,3;5214,596620598869;-0,0028348131184697;-0,0009757311582733
2023-08-18;5219,45;5209,511057672902;-0,0028348131184697;-0,0009287852253551
2023-08-21;5254,37;5220,758796159648;0,0002507222206104;0,0066680789603107
2023-08-22;5252,82;5269,6980324853375;0,0029129502539466;-0,0002950360679198
2023-08-23;5225,3;5254,137163809084;0,0002507222206104;-0,0052528627805226
2023-08-24;5207,55;5240,543229568081;0,0029129502539466;-0,003402716827425
2023-08-25;5165,6;5192,808473553303;-0,0028348131184697;-0,0080882333130211
2023-08-28;5201,8;5180,669072906222;0,0029129502539466;0,0069834572059946
2023-08-29;5203,63;5216,974675438203;0,0029129502539466;0,0003517394319824
2023-08-30;5200,38;5218,810013908743;0,0029129502539466;-0,0006247591276272
2023-08-31;5190,71;5201,684014287465;0,0002507222206104;-0,0018612104777247
2023-09-01;5181,0;5192,011589499631;0,0002507222206104;-0,0018724015300942
2023-09-04;5153,27;5182,29915468165;0,0002507222206104;-0,0053666231970825
2023-09-05;5124,42;5154,5622012828235;0,0002507222206104;-0,0056141167470946
2023-09-06;5055,69;5125,704967039904;0,0002507222206104;-0,0135030062147938
2023-09-07;5019,82;5041,378358663613;-0,0028348131184697;-0,00712026518661
2023-09-08;5092,23;5021,07873820769;0,0002507222206104;0,0143217720803863
2023-09-11;5072,97;5102,001655214322;0,0019170955767131;-0,0037894036609451
2023-09-12;5039,67;5087,768852946623;0,0029129502539466;-0,0065858411573695
2023-09-13;5072,82;5040,933715667723;0,0002507222206104;0,006556272242576
2023-09-14;5100,86;5082,554408698021;0,0019170955767131;0,005512276973532
2023-09-15;5091,91;5115,7402135714;0,0029129502539466;-0,0017561472102655
2023-09-18;5038,9;5096,29804402003;0,0008613966798477;-0,0104652014608245
2023-09-19;5033,34;5040,163522587409;0,0002507222206104;-0,0011040246389567
2023-09-20;5066,88;5034,602128397092;0,0002507222206104;0,006641463905674
2023-09-21;5031,43;5052,536682024706;-0,0028348131184697;-0,0070210056185852
2023-09-22;5024,08;5017,187033843226;-0,0028348131184697;-0,0014618853362941
2023-09-25;4967,08;5025,339806418256;0,0002507222206104;-0,011410210308899
2023-09-26;4949,21;4968,325513459975;0,0002507222206104;-0,0036041744128861
2023-09-27;4892,13;4935,199782123022;-0,0028348131184697;-0,0116001764140044
2023-09-28;4869,81;4893,356719473603;0,0002507222206104;-0,0045728695105068
2023-09-29;4936,38;4884,0161952008375;0,0029129502539466;0,0135773470934504
2023-10-02;4883,45;4945,8525892913085;0,0019170955767131;-0,0107803317585827
2023-10-03;4823,34;4884,674542931886;0,0002507222206104;-0,0123853031502347
2023-10-04;4881,57;4809,686094771742;-0,0028348131184697;0,0120002552909925
2023-10-05;4825,79;4916,403739935971;0,0071104266292742;-0,0114924374768167
2023-10-06;4816,57;4827,0000844761935;0,0002507222206104;-0,0019123954737205
2023-10-09;4893,11;4830,620883631702;0,0029129502539466;0,0157660366649429
2023-10-10;5004,62;4907,384165891312;0,0029129502539466;0,0225333926591483
2023-10-11;5027,27;5014,223537373352;0,0019170955767131;0,004515607425411
2023-10-12;5027,93;5036,917001237044;0,0019170955767131;0,0001312753602011
2023-10-13;5049,72;5029,1907718198245;0,0002507222206104;0,0043244276110594
2023-10-16;5187,06;5059,410081313859;0,0019170955767131;0,026834266476797
2023-10-17;5289,51;5202,191675954186;0,0029129502539466;0,0195585512984132
2023-10-18;5225,56;5299,660222588673;0,0019170955767131;-0,0121636448394434
2023-10-19;5136,98;5230,063219284965;0,0008613966798477;-0,0170966109867191
2023-10-20;5045,24;5141,406883894258;0,0008613966798477;-0,0180201336272129
2023-10-23;5035,45;5030,9579405113855;-0,0028348131184697;-0,0019423279711693
2023-10-24;5093,13;5036,712657487302;0,0002507222206104;0,011389676251195
2023-10-25;5153,16;5107,987663638467;0,0029129502539466;0,0117175459304965
2023-10-26;5149,61;5138,572440701661;-0,0028348131184697;-0,0006891350851263
2023-10-27;5106,49;5135,032490037507;-0,0028348131184697;-0,0084087039071401
2023-10-30;5168,7;5107,770471026886;0,0002507222206104;0,01210892647869
2023-10-31;5167,24;5183,778116216971;0,0029129502539466;-0,0002825093817709
2023-11-02;5172,88;5182,313857109328;0,0029129502539466;0,0010908965387879
2023-11-03;5244,41;5187,970310100499;0,0029129502539466;0,0137331540557617
2023-11-06;5291,48;5259,708977203058;0,0029129502539466;0,0089352324607841
2023-11-07;5251,87;5301,634002889399;0,0019170955767131;-0,0075137762389414
2023-11-08;5231,84;5253,186925593112;0,0002507222206104;-0,0038211710114219
2023-11-09;5280,98;5233,151902997422;0,0002507222206104;0,0093486539085696
2023-11-10;5231,07;5266,030607995222;-0,0028348131184697;-0,009495840494594
2023-11-13;5178,99;5246,3300617948635;0,0029129502539466;-0,0100057894963042
2023-11-14;5361,49;5180,288650666805;0,0002507222206104;0,0346318649614416
2023-11-15;5333,29;5377,130522629699;0,0029129502539466;-0,005273612987982
2023-11-16;5370,37;5334,6273419556255;0,0002507222206104;0,006928498912062
2023-11-17;5395,8;5380,675387622583;0,0019170955767131;0,004724065715662
2023-11-20;5451,25;5406,154186123848;0,0019170955767131;0,0102240670084514
2023-11-21;5494,9;5467,152370233863;0,0029129502539466;0,0079754491530058
2023-11-22;5507,22;5505,444352520837;0,0019170955767131;0,0022395693101732
2023-11-23;5534,84;5508,600955538675;0,0002507222206104;0,0050027001490315
2023-11-24;5520,78;5545,460994759947;0,0019170955767131;-0,0025435041327388
2023-11-27;5512,11;5522,164355758224;0,0002507222206104;-0,0015716646834453
2023-11-28;5609,78;5513,492181724043;0,0002507222206104;0,0175640131085095
2023-11-29;5571,54;5620,544799702332;0,0019170955767131;-0,0068400062050394
2023-11-30;5538,33;5572,9370840137035;0,0002507222206104;-0,0059784856018529
2023-12-01;5644,39;5539,718756484853;0,0002507222206104;0,018969120259923
2023-12-04;5687,28;5660,855797665547;0,0029129502539466;0,0075699706778402
2023-12-05;5728,67;5698,193517116728;0,0019170955767131;0,0072512898814695
2023-12-06;5729,44;5739,662941810688;0,0019170955767131;0,0001344026198315
2023-12-07;5677,61;5730,876678015678;0,0002507222206104;-0,0090874251768671
2023-12-08;5737,44;5694,17270695042;0,0029129502539466;0,0104827482809637
2023-12-11;5768,84;5748,449770865193;0,0019170955767131;0,0054579026317911
2023-12-12;5736,2;5779,910025404704;0,0019170955767131;-0,0056740502544858
2023-12-13;5718,92;5737,63837311038;0,0002507222206104;-0,0030169938171298
2023-12-14;5759,15;5735,603216359154;0,0029129502539466;0,0070099179980947
2023-12-15;5759,63;5770,201430930569;0,0019170955767131;8,334215954788745e-05
2023-12-18;5835,73;5761,074248268495;0,0002507222206104;0,0131261284920692
2023-12-19;5879,55;5846,928382925335;0,0019170955767131;0,007480863344143
2023-12-20;5884,53;5896,701805715846;0,0029129502539466;0,0008466450920895
2023-12-21;5880,79;5867,87207936143;-0,0028348131184697;-0,000635766834387
2023-12-22;5864,68;5897,945423040146;0,0029129502539466;-0,0027431869652574
2023-12-27;5847,11;5866,1505899398535;0,0002507222206104;-0,0030003975790193
2023-12-28;5845,89;5864,167171844644;0,0029129502539466;-0,000208671855713
2023-12-29;5785,21;5847,355878278694;0,0002507222206104;-0,0104341894627302
2024-01-02;5752,15;5786,660662546966;0,0002507222206104;-0,0057309627999803
2024-01-03;5681,9;5753,592372631162;0,0002507222206104;-0,0122880141243698
2024-01-04;5717,38;5665,815684128334;-0,0028348131184697;0,0062249746600969
2024-01-05;5698,34;5728,3512770415455;0,0019170955767131;-0,0033357541452037
2024-01-08;5755,49;5699,768879577038;0,0002507222206104;0,0099792775477623
2024-01-09;5804,71;5772,279898254032;0,0029129502539466;0,0085154750653259
2024-01-10;5787,02;5815,84885758089;0,0019170955767131;-0,0030521783604395
2024-01-11;5699,31;5803,901877475949;0,0029129502539466;-0,0152723637263838
2024-01-12;5703,41;5700,739122808082;0,0002507222206104;0,000719126695506
2024-01-15;5639,73;5704,840150898063;0,0002507222206104;-0,0112280495533456
2024-01-16;5639,58;5641,144182905373;0,0002507222206104;-2,659737164922929e-05
2024-01-17;5533,06;5640,994145292326;0,0002507222206104;-0,0190685867680502
2024-01-18;5610,41;5534,447435013096;0,0002507222206104;0,0138827927591564
2024-01-19;5662,38;5626,77667131094;0,0029129502539466;0,0092204978885356
2024-01-22;5690,76;5678,8982780398655;0,0029129502539466;0,0049995083498218
2024-01-23;5643,89;5701,680195008368;0,0019170955767131;-0,0082702628043993
2024-01-24;5673,37;5645,305226040575;0,0002507222206104;0,005209753363917
2024-01-25;5694,13;5684,256824739512;0,0019170955767131;0,0036525222044923
2024-01-26;5707,59;5695,557823904154;0,0002507222206104;0,0023610483774002
2024-01-29;5670,48;5709,021199048338;0,0002507222206104;-0,0065230977816572
2024-01-30;5738,61;5687,021907335696;0,0029129502539466;0,0119432504860019
2024-01-31;5847,28;5749,6220160184175;0,0019170955767131;0,0187595751254667
2024-02-01;5971,24;5830,727526617844;-0,0028348131184697;0,0209780151767419
2024-02-02;5992,01;5988,659283510249;0,0029129502539466;0,0034723040759781
2024-02-05;5958,42;6009,489873692273;0,0029129502539466;-0,0056215698446585
2024-02-06;5993,3;5959,914095587384;0,0002507222206104;0,0058368333639135
2024-02-07;5982,38;6004,800749415483;0,0019170955767131;-0,0018236965293896
2024-02-08;5951,89;5999,8317810850085;0,0029129502539466;-0,0051096659180309
2024-02-09;5939,24;5953,382458166024;0,0002507222206104;-0,0021276371164126
2024-02-12;5980,24;5956,565933205735;0,0029129502539466;0,0068795218756627
2024-02-13;5892,8;5991,715688132489;0,0019170955767131;-0,0147294342278021
2024-02-14;5985,83;5876,118668655107;-0,0028348131184697;0,0156637427195026
2024-02-15;5967,71;6003,291845414714;0,0029129502539466;-0,0030317402006577
2024-02-16;6025,94;5985,118985804783;0,0029129502539466;0,0097102145773967
2024-02-19;6109,48;6037,503383433623;0,0019170955767131;0,013768179373866
2024-02-20;6148,38;6121,20369121167;0,0019170955767131;0,0063469693057802
2024-02-21;6127,47;6160,178337759025;0,0019170955767131;-0,0034066920372386
2024-02-22;6171,8;6129,006485492602;0,0002507222206104;0,0072085891215678
2024-02-23;6188,43;6189,804356543793;0,0029129502539466;0,002690890061862
2024-02-26;6245,33;6189,981771435353;0,0002507222206104;0,0091525648245132
2024-02-27;6264,95;6257,3143784470985;0,0019170955767131;0,0031366230149585
2024-02-28;6198,23;6266,520959104961;0,0002507222206104;-0,0107068400484144
2024-02-29;6239,0;6199,784228821162;0,0002507222206104;0,0065561457068489
2024-03-01;6250,7;6250,972231592477;0,0019170955767131;0,0018735443481291
2024-03-04;6155,07;6268,9345233883605;0,0029129502539466;-0,0154173250374447
2024-03-05;6166,82;6156,613406293453;0,0002507222206104;0,001907175532575
2024-03-06;6201,34;6149,362973159735;-0,0028348131184697;0,0055820897588807
2024-03-07;6202,68;6213,239964523753;0,0019170955767131;0,0002160589881687
2024-03-08;6181,25;6220,77443958765;0,0029129502539466;-0,003460940330073
2024-03-11;6077,82;6163,752124732619;-0,0028348131184697;-0,0168744373377526
2024-03-12;6153,05;6079,3440355736775;0,0002507222206104;0,0123018147915452
2024-03-13;6191,54;6170,999659099742;0,0029129502539466;0,006235950279469
2024-03-14;6189,95;6203,421158966836;0,0019170955767131;-0,0002568350026919
2024-03-15;6166,35;6191,502152580907;0,0002507222206104;-0,0038199183731623
2024-03-18;6101,8;6148,894303635186;-0,0028348131184697;-0,0105232811279346
2024-03-19;6125,67;6119,600152752668;0,0029129502539466;0,0039043285851307
2024-03-20;6077,28;6143,539786245442;0,0029129502539466;-0,0079309107455728
2024-03-21;6242,53;6095,008623081833;0,0029129502539466;0,0268283214692481
2024-03-22;6225,26;6254,509005430837;0,0019170955767131;-0,002770340380339
2024-03-25;6212,44;6226,821006692432;0,0002507222206104;-0,002061475118402
2024-03-26;6246,19;6213,997792030586;0,0002507222206104;0,0054179444382613
2024-03-27;6275,65;6258,176028730664;0,0019170955767131;0,0047053874439104
2024-03-28;6326,51;6293,957307453911;0,0029129502539466;0,0080716759881474
2024-04-02;6398,58;6338,650157540011;0,0019170955767131;0,0113273494489852
2024-04-03;6393,77;6380,466907222915;-0,0028348131184697;-0,0007520119800786
2024-04-04;6453,21;6395,373261190676;0,0002507222206104;0,0092536026597968
2024-04-05;6362,74;6434,9422606828375;-0,0028348131184697;-0,0141185792406126
2024-04-08;6402,54;6381,301366142042;0,0029129502539466;0,0062356844447421
2024-04-09;6312,53;6414,826054120869;0,0019170955767131;-0,0141582395661416
2024-04-10;6333,03;6314,112889963821;0,0002507222206104;0,0032422475490663
2024-04-11;6266,24;6315,102466086216;-0,0028348131184697;-0,0106023008709843
2024-04-12;6236,19;6284,5198566299905;0,0029129502539466;-0,0048070747632549
2024-04-15;6284,19;6218,536600644904;-0,0028348131184697;0,0076675364748086
2024-04-16;6079,34;6266,4007223010685;-0,0028348131184697;-0,033140818000835
2024-04-17;6140,95;6080,864416719232;0,0002507222206104;0,0100833158634649
2024-04-18;6178,52;6152,734080076587;0,0019170955767131;0,0060993072708124
2024-04-19;6158,39;6190,376174441218;0,0019170955767131;-0,0032633808408737
2024-04-22;6197,13;6163,697102131128;0,0008613966798477;0,006270901904829
2024-04-23;6243,56;6215,20824914421;0,0029129502539466;0,0074642508688151
2024-04-24;6220,39;6261,773694601667;0,0029129502539466;-0,0037179267711862
2024-04-25;6192,78;6221,949785522137;0,0002507222206104;-0,0044485084038482
2024-04-26;6221,71;6194,332862213748;0,0002507222206104;0,0046606912355169
2024-04-29;6292,04;6239,859953846865;0,0029129502539466;0,0112405538731447
2024-04-30;6285,32;6304,114011871956;0,0019170955767131;-0,0010685868321256
2024-05-02;6262,27;6267,52752349839;-0,0028348131184697;-0,003674016433142
2024-05-06;6369,03;6280,538275357837;0,0029129502539466;0,0169044425040854
2024-05-07;6412,43;6387,609715311272;0,0029129502539466;0,0067911125642424
2024-05-08;6436,44;6424,735032381881;0,0019170955767131;0,0037372979797328
2024-05-09;6465,73;6438,053960849094;0,0002507222206104;0,0045403293115438
2024-05-10;6491,33;6478,137311584297;0,0019170955767131;0,0039515188338909
2024-05-13;6574,47;6492,957724717166;0,0002507222206104;0,0127265260666439
2024-05-14;6605,56;6587,085976508703;0,0019170955767131;0,0047177521848792
2024-05-15;6615,91;6618,235636178556;0,0019170955767131;0,0015656356084719
2024-05-16;6635,44;6635,209912910601;0,0029129502539466;0,0029476263385289
2024-05-17;6637,27;6637,103860826251;0,0002507222206104;0,0002757537852627
2024-05-20;6701,78;6638,934319705439;0,0002507222206104;0,0096724283873266
2024-05-21;6675,93;6714,640276044532;0,0019170955767131;-0,0038646423301839
2024-05-22;6666,92;6677,604013841704;0,0002507222206104;-0,0013505362601664
2024-05-23;6699,58;6668,591754551281;0,0002507222206104;0,0048868537009715
2024-05-24;6683,61;6680,614836775112;-0,0028348131184697;-0,0023865771284864
2024-05-27;6670,63;6703,107407148588;0,0029129502539466;-0,0019439524956216
2024-05-28;6615,99;6672,302684847337;0,0002507222206104;-0,0082248620078188
2024-05-29;6534,71;6617,648983667679;0,0002507222206104;-0,0123614765760051
2024-05-31;6551,62;6516,211550578199;-0,0028348131184697;0,0025843776539082
2024-06-03;6617,15;6553,262842654968;0,0002507222206104;0,0099524163453194
2024-06-04;6505,49;6629,847876628011;0,0019170955767131;-0,0170183278568185
2024-06-05;6544,23;6507,121275388907;0,0002507222206104;0,0059373095827334
2024-06-06;6556,49;6563,320808228488;0,0029129502539466;0,0018716534021011
2024-06-07;6538,31;6558,134063825263;0,0002507222206104;-0,0027766764945696
2024-06-10;6517,61;6539,949505123834;0,0002507222206104;-0,0031709779693882
2024-06-11;6408,87;6519,244314523194;0,0002507222206104;-0,0168247759795168
2024-06-12;6489,1;6410,477047570852;0,0002507222206104;0,0124408778746022
2024-06-13;6379,34;6508,029983156993;0,0029129502539466;-0,0170592024856157
2024-06-14;6311,56;6380,939642815448;0,0002507222206104;-0,0106817711076329
2024-06-17;6410,1;6313,1426467327765;0,0002507222206104;0,0154919988128536
2024-06-18;6426,69;6428,799524592723;0,0029129502539466;0,0025847597781778
2024-06-19;6499,47;6428,301516000967;0,0002507222206104;0,0112610039025188
2024-06-20;6474,01;6511,942056430255;0,0019170955767131;-0,0039249349726534
2024-06-21;6452,95;6475,633381663877;0,0002507222206104;-0,0032583095533825
2024-06-24;6510,87;6454,568100791923;0,0002507222206104;0,0089356972547941
2024-06-25;6466,08;6523,363932282179;0,0019170955767131;-0,0069030362081396
2024-06-26;6439,5;6467,701393187401;0,0002507222206104;-0,0041191542856425
2024-06-27;6465,93;6441,114728155276;0,0002507222206104;0,0040959560357175
2024-06-28;6517,71;6467,551355574353;0,0002507222206104;0,0079762338637441
2024-07-01;6500,75;6530,217057793334;0,0019170955767131;-0,0026055323893663
2024-07-02;6400,75;6502,380086816586;0,0002507222206104;-0,0155023838609758
2024-07-03;6418,18;6419,422248800623;0,0029129502539466;0,0027194174149593
2024-07-04;6454,62;6419,789382087371;0,0002507222206104;0,0056615650573602
2024-07-05;6397,92;6467,005992223343;0,0019170955767131;-0,0088232159303462
2024-07-08;6433,6;6399,52430181834;0,0002507222206104;0,0055613196191919
2024-07-09;6461,38;6445,945656222691;0,0019170955767131;0,004308660110667
2024-07-10;6425,12;6473,778964219748;0,0019170955767131;-0,0056276096218682
2024-07-11;6434,83;6443,863340891904;0,0029129502539466;0,0015101150230384
2024-07-12;6462,72;6416,614290765331;-0,0028348131184697;0,0043248591355946
2024-07-15;6415,56;6475,121535591816;0,0019170955767131;-0,0073239921493235
2024-07-16;6246,51;6417,168725112799;0,0002507222206104;-0,0267033818740134
2024-07-17;6243,06;6264,732300332864;0,0029129502539466;-0,0005524609874877
2024-07-18;6325,38;6225,387153056943;-0,0028348131184697;0,0130996650628136
2024-07-19;6292,82;6307,474121697264;-0,0028348131184697;-0,0051608109344922
2024-07-22;6335,95;6275,006292507166;-0,0028348131184697;0,0068304621410447
2024-07-23;6234,24;6354,4332144339805;0,0029129502539466;-0,0161830839064469
2024-07-24;6207,39;6235,803258460244;0,0002507222206104;-0,0043161614166201
2024-07-25;6181,1;6189,818127651206;-0,0028348131184697;-0,0042442685856397
2024-07-26;6170,84;6182,649933411069;0,0002507222206104;-0,001661277881801
2024-07-29;6198,81;6188,8415560346575;0,0029129502539466;0,0045223668688647
2024-07-30;6192,99;6210,705109619774;0,0019170955767131;-0,0009393309168864
2024-07-31;6269,27;6194,542914872015;0,0002507222206104;0,0122419132060965
2024-08-01;6185,19;6287,55869573695;0,0029129502539466;-0,0135021955791761
2024-08-02;6076,19;6167,680971385229;-0,0028348131184697;-0,0177798700378793
2024-08-05;5845,94;6058,98952845769;-0,0028348131184697;-0,0386304516089575
2024-08-06;5828,03;5780,897359935515;-0,011188479990549751;-0,0030683673252035
2024-08-07;5898,32;5845,031511725578;0,0029129502539466;0,0119885287179933
2024-08-08;5923,53;5881,623042645566;-0,0028348131184697;0,0042649903719718
2024-08-09;5924,31;5940,810104040613;0,0029129502539466;0,0001316695703399
2024-08-12;6091,37;5925,795542380245;0,0002507222206104;0,0278087908279308
2024-08-13;6118,69;6103,058939310061;0,0019170955767131;0,0044750059527599
2024-08-14;6129,74;6136,539424210269;0,0029129502539466;0,0018043133687853
2024-08-16;6255,24;6131,277054703396;0,0002507222206104;0,02026717779437
2024-08-19;6272,41;6273,487767462814;0,0029129502539466;0,0027411383221992
2024-08-20;6199,17;6290,70785573558;0,0029129502539466;-0,011745238687761
2024-08-21;6212,32;6200,724464529598;0,0002507222206104;0,0021190050381526
2024-08-22;6210,07;6213,877761940148;0,0002507222206104;-0,0003622491363746
2024-08-23;6197,76;6192,490541110341;-0,0028348131184697;-0,0019842315761716
2024-08-26;6191,57;6215,84008697833;0,0029129502539466;-0,0009992470157881
2024-08-27;6238,07;6193,122558801826;0,0002507222206104;0,007482150236413
2024-08-28;6213,16;6250,040446983505;0,0019170955767131;-0,0040012164635187
2024-08-29;6292,42;6214,717972573218;0,0002507222206104;0,0126761111941427
2024-08-30;6344,45;6304,49474106702;0,0019170955767131;0,0082346805834627
2024-09-02;6425,37;6362,958010608618;0,0029129502539466;0,0126738016897181
2024-09-03;6333,74;6437,699863392749;0,0019170955767131;-0,0143633177085834
2024-09-04;6320,23;6315,8104562190465;-0,0028348131184697;-0,0021352990615971
2024-09-05;6219,49;6321,8148207669565;0,0002507222206104;-0,016067690081342
2024-09-06;6100,22;6221,049559843847;0,0002507222206104;-0,0193630737176108
2024-09-09;6066,79;6082,951504361808;-0,0028348131184697;-0,0054952012243642
2024-09-10;6020,64;6084,488021685135;0,0029129502539466;-0,0076360689159874
2024-09-11;5946,82;6022,149697479739;0,0002507222206104;-0,0123369430576415
2024-09-12;6100,4;5964,168045559117;0,0029129502539466;0,0254977198951957
2024-09-13;6141,81;6118,196068676845;0,0029129502539466;0,0067651441912493
2024-09-16;6134,04;6153,5957303601535;0,0019170955767131;-0,00126590029002
2024-09-17;6186,17;6135,578132944109;0,0002507222206104;0,0084625685937847
2024-09-18;6161,43;6198,040854289219;0,0019170955767131;-0,0040072618333179
2024-09-19;6165,35;6162,975001086694;0,0002507222206104;0,0006360136438131
2024-09-20;6087,34;6183,335540623039;0,0029129502539466;-0,0127337024096627
2024-09-23;6082,52;6088,866422748465;0,0002507222206104;-0,0007921209039426
2024-09-24;6116,37;6084,045214115852;0,0002507222206104;0,0055496995020473
2024-09-25;6204,0;6128,106912669544;0,0019170955767131;0,0142254620204498
2024-09-26;6237,64;6215,905068889202;0,0019170955767131;0,0054076604012414
2024-09-27;6266,93;6249,609621841722;0,0019170955767131;0,0046846958459865
2024-09-30;6201,66;6278,955827429692;0,0019170955767131;-0,0104696034114663
2024-10-01;6144,54;6203,215088906196;0,0002507222206104;-0,0092531155418378
2024-10-02;6119,17;6127,146043357666;-0,0028348131184697;-0,0041374161963621
2024-10-03;6074,72;6120,704404237273;0,0002507222206104;-0,0072905687824226
2024-10-04;6078,26;6076,24325823735;0,0002507222206104;0,0005825731796021
2024-10-07;6089,44;6095,99148193491;0,0029129502539466;0,0018376526617531
2024-10-08;6074,04;6072,202020373194;-0,0028348131184697;-0,0025321714227497
2024-10-09;6120,03;6091,759171363502;0,0029129502539466;0,0075430464249673
2024-10-10;6131,91;6137,883333254271;0,0029129502539466;0,0019392853251353
2024-10-11;6184,24;6133,447598838826;0,0002507222206104;0,0084978365657231
2024-10-14;6173,62;6202,280646474673;0,0029129502539466;-0,0017187446069729
2024-10-15;6206,0;6191,629665842362;0,0029129502539466;0,0052311902692984
2024-10-16;6222,06;6188,432062461579;-0,0028348131184697;0,0025844756043045
2024-10-17;6094,53;6223,620204280739;0,0002507222206104;-0,0207093940577736
2024-10-18;6156,18;6096,058225667237;0,0002507222206104;0,0100648077425219
2024-10-21;6199,49;6167,993305447184;0,0019170955767131;0,0070105752879084
2024-10-22;6056,92;6211,386414495151;0,0019170955767131;-0,0232656105502398
2024-10-23;6058,0;6058,438794822308;0,0002507222206104;0,0001782925521358
2024-10-24;6076,44;6040,851020688406;-0,0028348131184697;0,0030392855697637
2024-10-25;6048,95;6077,963689533635;0,0002507222206104;-0,0045342949132569
2024-10-28;6026,88;6050,466796315685;0,0002507222206104;-0,0036552393620456
2024-10-29;6020,36;6028,39126218254;0,0002507222206104;-0,0010824057023136
2024-10-30;5962,88;6021,869627268716;0,0002507222206104;-0,0095934723573245
2024-10-31;5966,67;5964,375213948681;0,0002507222206104;0,0006353969977929
2024-11-04;6006,04;5949,779557545542;-0,0028348131184697;0,0065766467079594
2024-11-05;5946,59;6017,565196639475;0,0019170955767131;-0,0099476835216561
2024-11-06;5987,42;5963,937374603804;0,0029129502539466;0,0068426554547054
2024-11-07;6065,81;6004,8864837579695;0,0029129502539466;0,0130074851738611
2024-11-08;6070,14;6083,50516283206;0,0029129502539466;0,0007135824033118
2024-11-12;6031,71;6071,662109785615;0,0002507222206104;-0,0063511164289973
2024-11-13;5989,93;6033,222473322689;0,0002507222206104;-0,0069508267113437
2024-11-14;6093,92;5991,431996835024;0,0002507222206104;0,0172118268952896
2024-11-15;6054,48;6105,613832592729;0,0019170955767131;-0,0064930589320666
2024-11-18;6047,62;6037,340985100287;-0,0028348131184697;-0,0011336876632539
2024-11-19;5930,02;6049,136462813325;0,0002507222206104;-0,0196372205302425
2024-11-20;5954,66;5931,50697418361;0,0002507222206104;0,0041465206138069
2024-11-21;6043,16;5956,1531527536445;0,0002507222206104;0,0147529476453181
2024-11-22;6059,78;6054,756427483635;0,0019170955767131;0,0027464418475138
2024-11-25;6018,02;6061,299511977759;0,0002507222206104;-0,0069151942262925
2024-11-26;6018,29;6019,5290405051655;0,0002507222206104;4,486424826950781e-05
2024-11-27;6009,02;6035,846537629855;0,0029129502539466;-0,0015414921267702
2024-11-28;6007,6;6010,526783722279;0,0002507222206104;-0,0002363393377854
2024-11-29;6065,12;6009,106427652091;0,0002507222206104;0,0095289935063909
2024-12-02;6151,65;6082,8131499661185;0,0029129502539466;0,0141660106616276
2024-12-03;6138,81;6163,454612674445;0,0019170955767131;-0,0020894262169682
2024-12-04;6168,97;6140,349329039039;0,0002507222206104;0,0049009748905364
2024-12-05;6191,09;6186,966100876238;0,0029129502539466;0,00357927447202
2024-12-06;6218,82;6192,6424384400725;0,0002507222206104;0,0044690164799258
2024-12-09;6184,77;6230,753507496703;0,0019170955767131;-0,0054903597319321
2024-12-10;6175,69;6186,320853676979;0,0002507222206104;-0,0014692012487083
2024-12-11;6163,53;6177,2385768338;0,0002507222206104;-0,001970951800267
2024-12-12;6130,05;6181,51023132447;0,0029129502539466;-0,0054467588402069
2024-12-13;6132,15;6131,587132437029;0,0002507222206104;0,0003425160282054
2024-12-16;6160,04;6133,687659019703;0,0002507222206104;0,0045378484809271
2024-12-17;6046,48;6171,860712533888;0,0019170955767131;-0,0186069864917852
2024-12-18;6076,66;6047,99617695416;0,0002507222206104;0,0049789183901018
2024-12-19;6085,66;6037,82548598873;-0,0064112746808245;0,001479981063277
2024-12-20;6054,88;6087,186001482326;0,0002507222206104;-0,00507062551572
2024-12-23;6087,67;6072,543277868674;0,0029129502539466;0,0054008556200984
2024-12-27;6126,16;6105,428932758831;0,0029129502539466;0,0063027121574844
2024-12-30;6122,32;6137,915699037117;0,0019170955767131;-0,0006270165972934
2025-01-02;6234,95;6104,988943707665;-0,0028348131184697;0,018229450196652
2025-01-03;6310,39;6217,300110835453;-0,0028348131184697;0,0120269214456161
2025-01-07;6385,46;6328,798650878251;0,0029129502539466;0,0118260494429782
2025-01-08;6326,09;6397,713278721671;0,0019170955767131;-0,0093411789603107
2025-01-09;6369,46;6327,67629018337;0,0002507222206104;0,0068323418382667
2025-01-10;6413,14;6381,6825757716015;0,0019170955767131;0,0068343169647147
2025-01-13;6308,22;6394,985690791952;-0,0028348131184697;-0,016495465744798
2025-01-14;6327,52;6309,801809215572;0,0002507222206104;0,0030548293980306
2025-01-15;6394,94;6329,106648761095;0,0002507222206104;0,010598678418694
2025-01-16;6383,13;6413,595299885958;0,0029129502539466;-0,0018484799915444
2025-01-17;6461,6;6384,730593171797;0,0002507222206104;0,0122183924806476
2025-01-20;6501,26;6480,449760239051;0,0029129502539466;0,0061190391237499
2025-01-21;6489,33;6513,735491322795;0,0019170955767131;-0,001836714630181
2025-01-22;6539,11;6508,260654112306;0,0029129502539466;0,0076417809421883
2025-01-23;6511,77;6558,185872179766;0,0029129502539466;-0,004189761915532
2025-01-24;6564,61;6513,4028501218545;0,0002507222206104;0,0080817913833877
2025-01-27;6498,59;6577,207055815723;0,0019170955767131;-0,0101078697561079
2025-01-28;6516,51;6480,193799031936;-0,0028348131184697;0,0027537262601067
2025-01-29;6516,54;6535,519943527203;0,0029129502539466;4,603680642603515e-06
2025-01-30;6632,2;6518,1740462167845;0,0002507222206104;0,0175930139595224
2025-01-31;6609,99;6644,92675659042;0,0019170955767131;-0,00335443319058
2025-02-03;6515,85;6611,647479145755;0,0002507222206104;-0,0143444707861447
2025-02-04;6573,6;6497,404939444132;-0,0028348131184697;0,0088239574178395
2025-02-05;6514,36;6592,776486304851;0,0029129502539466;-0,0090526567260616
2025-02-06;6693,33;6515,993499573818;0,0002507222206104;0,0271025372385472
2025-02-07;6706,39;6706,174061049027;0,0019170955767131;0,0019492950801054
2025-02-10;6775,66;6687,405559035081;-0,0028348131184697;0,0102759757677768
2025-02-11;6896,71;6795,425935133918;0,0029129502539466;0,0177077073030064
2025-02-12;6886,01;6909,94433392309;0,0019170955767131;-0,0015526691610383
2025-02-13;6854,46;6887,736692169347;0,0002507222206104;-0,0045922818428502
2025-02-14;6821,35;6874,455810258784;0,0029129502539466;-0,0048421358138445
2025-02-17;6855,25;6823,060478438077;0,0002507222206104;0,004957382598915
2025-02-18;6966,88;6868,404774903724;0,0019170955767131;0,0161527097639835
2025-02-19;6902,68;6980,2489855484855;0,0019170955767131;-0,0092577498530714
2025-02-20;6892,61;6904,410872232761;0,0002507222206104;-0,0014599188257106
2025-02-21;6886,5;6894,338347143464;0,0002507222206104;-0,0008868497893493
2025-02-24;6790,78;6867,005703857825;-0,0028348131184697;-0,0139971635863453
2025-02-25;6801,92;6792,482812898871;0,0002507222206104;0,0016391154802434
2025-02-26;6895,56;6803,625606294578;0,0002507222206104;0,0136728009522039
2025-02-27;6858,99;6908,792127148554;0,0019170955767131;-0,0053175256437049
2025-02-28;6820,93;6839,5735791336365;-0,0028348131184697;-0,0055643743825875
2025-03-03;6812,94;6869,6025585705975;0,0071104266292742;-0,0011720811353937
2025-03-04;6612,56;6793,653937419754;-0,0028348131184697;-0,0298528741924057
2025-03-05;6740,05;6593,841172889292;-0,0028348131184697;0,0190964724270662
2025-03-06;6799,64;6759,712053748176;0,0029129502539466;0,0088023263098312
2025-03-07;6828,74;6780,3915870441915;-0,0028348131184697;0,0042705067257095
2025-03-10;6800,61;6841,843903953329;0,0019170955767131;-0,0041278622887846
2025-03-11;6777,75;6757,148890717897;-0,0064112746808245;-0,0033671255730439
2025-03-12;6885,22;6758,563553230579;-0,0028348131184697;0,0157318967242271
2025-03-13;6916,99;6898,432285367072;0,0019170955767131;0,0046036187116782
2025-03-14;7025,87;6897,409392801502;-0,0028348131184697;0,0156183470642738
2025-03-17;7142,83;7046,36584699931;0,0029129502539466;0,0165100053973959
2025-03-18;7194,81;7163,667042362309;0,0029129502539466;0,0072508763978003
2025-03-19;7223,21;7174,442940270576;-0,0028348131184697;0,0039395196747153
2025-03-20;7177,31;7244,281526658461;0,0029129502539466;-0,0063747913881042
2025-03-21;7170,31;7179,109736708773;0,0002507222206104;-0,0009757716688077
2025-03-24;7260,91;7172,107981433195;0,0002507222206104;0,0125562759531582
2025-03-25;7379,34;7282,091504985967;0,0029129502539466;0,0161790383845165
2025-03-26;7344,82;7393,500469222574;0,0019170955767131;-0,0046889008603234
2025-03-27;7314,42;7324,028292138101;-0,0028348131184697;-0,0041475606619503
2025-03-28;7288,69;7316,25411754228;0,0002507222206104;-0,003523910540445
2025-03-31;7184,44;7268,057184876424;-0,0028348131184697;-0,0144062553157725
2025-04-01;7286,24;7186,241524582326;0,0002507222206104;0,0140700615881763
2025-04-02;7320,93;7300,22181643186;0,0019170955767131;0,0047497311549082
2025-04-03;7154,04;7342,286595150872;0,0029129502539466;-0,0230601369846827
2025-04-04;6793,8;7108,320202180608;-0,0064112746808245;-0,0516668005328899
2025-04-07;6706,6;6750,3824118364755;-0,0064112746808245;-0,0129183154097416
2025-04-08;6917,66;6708,2817044562735;0,0002507222206104;0,0309854459986896
2025-04-09;6772,42;6898,0774961662855;-0,0028348131184697;-0,0212190797244433
2025-04-10;6930,22;6820,746402574822;0,0071104266292742;0,0230330762992467
2025-04-11;6951,05;6885,930583496332;-0,0064112746808245;0,0030011685724245
2025-04-14;7129,95;7000,651064407954;0,0071104266292742;0,0254114944768071
2025-04-15;7160,91;7150,749468864742;0,0029129502539466;0,0043328460898445
