Data;Rzeczywiste;Prognoza_Cena;Prognoza_Zwrot;Rzeczywisty_Zwrot
2022-01-03;5382,71;5293,806128954888;0,000394174;0,01704863002274
2022-01-04;5393,03;5390,741771310568;0,0014909583;0,0019154142834139
2022-01-05;5406,56;5395,528949481249;0,0004632392;0,0025056519884133
2022-01-07;5434,91;5389,10467672348;-0,0032337874;0,0052299300038585
2022-01-10;5431,53;5437,675202031135;0,00050858327;-0,0006220988859289
2022-01-11;5479,55;5434,0616813349725;0,0004660014;0,0088021185873251
2022-01-12;5548,4;5493,557505202293;0,0025531098;0,0124866171071628
2022-01-13;5541,97;5557,358945035934;0,0016133175;-0,0011595646890907
2022-01-14;5493,94;5530,970436125398;-0,0019867425;-0,0087043666091922
2022-01-17;5503,15;5496,378954420089;0,00044390094;0,0016749889567675
2022-01-18;5406,01;5506,538377398252;0,00061550323;-0,017809357916415
2022-01-19;5369,59;5386,809357659817;-0,0035580727;-0,0067597421362206
2022-01-20;5340,54;5355,422235781551;-0,0026419812;-0,0054247840578837
2022-01-21;5228,78;5327,004354879856;-0,0025377742;-0,0211487901881865
2022-01-24;5026,64;5206,81080493331;-0,0042104363;-0,0394262124089356
2022-01-25;5076,46;5035,383250875473;0,0017379619;0,0098623994257573
2022-01-26;5149,96;5067,005566728115;-0,0018641464;0,014374779371592
2022-01-27;5175,74;5152,8650839805605;0,000564001;0,0049933764424899
2022-01-28;5128,54;5175,3367929255965;-7,790008e-05;-0,0091613058112421
2022-01-31;5106,59;5143,796117243767;0,0029702953;-0,0042891558096298
2022-02-01;5176,84;5123,6825657773015;0,0033415107;0,0136629690352827
2022-02-02;5267,56;5188,138368778229;0,0021801624;0,0173724257219965
2022-02-03;5276,91;5283,937985467911;0,00310435;0,001773441899034
2022-02-04;5225,86;5258,644395359159;-0,003467408;-0,0097213215248026
2022-02-07;5229,31;5230,091842396259;0,0008093793;0,000659960598483
2022-02-08;5258,08;5231,0161974370485;0,00032614643;0,0054866028957544
2022-02-09;5244,77;5270,539141750336;0,0023667733;-0,0025345515027314
2022-02-10;5214,65;5259,337124394179;0,002773632;-0,0057594174933004
2022-02-11;5180,64;5195,045505779981;-0,003766635;-0,0065433713435155
2022-02-14;5014,58;5159,953835248947;-0,004001025;-0,0325789316099714
2022-02-15;5139,59;5017,823578801155;0,000646641;0,024623640595552
2022-02-16;5143,31;5157,854195668698;0,0035473714;0,0007235313311
2022-02-17;5030,31;5148,166605352164;0,0009437878;-0,0222152286484175
2022-02-18;5005,57;5008,451804956198;-0,0043547926;-0,004930320034733
2022-02-21;4863,73;4996,435556530952;-0,0018265424;-0,0287456591418238
2022-02-22;4903,24;4858,815020159483;-0,0010111041;0,0080905778390675
2022-02-23;4819,57;4891,339340629577;-0,0024300867;-0,0172114986291239
2022-02-24;4253,49;4793,637100156546;-0,005395254;-0,1249448900386749
2022-02-25;4569,02;4263,996190395355;0,002467049;0,0715589174710246
2022-02-28;4589,49;4568,167592031956;-0,00018657041;0,0044701668910375
2022-03-01;4456,3;4584,5909049171205;-0,0010680235;-0,0294500814741693
2022-03-02;4447,97;4446,368876701594;-0,0022311013;-0,0018710129926567
2022-03-03;4451,4;4463,042583582402;0,0033829645;0,0007708411201782
2022-03-04;4237,7;4453,332620859146;0,00043403832;-0,049197984208485
2022-03-07;4209,48;4226,536935073137;-0,0026377148;-0,006681544606713
2022-03-08;4165,89;4157,079837148189;-0,012526314;-0,0104091863606932
2022-03-09;4368,06;4155,80106292069;-0,002424699;0,0473890363464918
2022-03-10;4340,29;4393,7946941614155;0,0058741765;-0,0063778084555627
2022-03-11;4387,18;4341,8070252656935;0,00034945007;0,0107454855027657
2022-03-14;4375,39;4382,7149505841735;-0,0010182468;-0,0026909929654694
2022-03-15;4385,62;4376,688230375052;0,0002965823;0,002335348241677
2022-03-16;4562,83;4413,44952049017;0,0063255588;0,0396120381247246
2022-03-17;4654,35;4593,234151500464;0,0066412995;0,0198592211177611
2022-03-18;4671,82;4678,262570035458;0,005124486;0,0037464512085712
2022-03-21;4676,65;4694,198890879154;0,0047787363;0,0010333242615686
2022-03-22;4711,99;4686,281929641962;0,0020574594;0,0075282824579121
2022-03-23;4732,89;4732,944702728986;0,0044372836;0,004425685474771
2022-03-24;4794,88;4729,742021246553;-0,00066528865;0,0130126723727044
2022-03-25;4771,94;4817,736338806152;0,0047555375;-0,0047957511413077
2022-03-28;4761,97;4782,975306937694;0,0023098611;-0,0020914826412905
2022-03-29;4783,94;4775,448781661988;0,0028264716;0,004603026592837
2022-03-30;4795,24;4803,792368276118;0,004141196;0,0023592844568169
2022-03-31;4778,07;4788,688180763721;-0,0013672428;-0,003587059942805
2022-04-01;4811,87;4769,189232367873;-0,0018604097;0,0070490826759771
2022-04-04;4840,1;4822,553091506958;0,0022177857;0,0058495997184759
2022-04-05;4816,33;4856,184607565403;0,0033177028;-0,0049231544184193
2022-04-06;4739,74;4805,488588501811;-0,0022534574;-0,0160299453718406
2022-04-07;4701,38;4731,291522928476;-0,0017840369;-0,0081261992416186
2022-04-08;4709,1;4706,096731796265;0,0010027185;0,0016407243268863
2022-04-11;4720,27;4712,695003652573;0,00076312217;0,0023691943841091
2022-04-12;4709,11;4704,317735409141;-0,0033852367;-0,0023670708383399
2022-04-13;4692,24;4710,438200609684;0,0002819253;-0,0035888501346958
2022-04-14;4671,29;4703,078691530228;0,0023072732;-0,004474815578849
2022-04-19;4666,22;4655,399409875869;-0,003407506;-0,001085942718828
2022-04-20;4644,34;4679,270340106487;0,0027929738;-0,004700048177176
2022-04-21;4631,39;4643,562677545548;-0,00016741002;-0,0027922348782905
2022-04-22;4562,64;4618,168196368218;-0,0028590108;-0,0149556356557195
2022-04-25;4476,76;4525,905740990639;-0,008083673;-0,019001832873774
2022-04-26;4444,09;4470,254012217521;-0,0014543185;-0,0073244468980532
2022-04-27;4321,17;4401,779904718399;-0,00956609;-0,0280489246768909
2022-04-28;4359,89;4310,3900083029275;-0,002497866;0,0089206287642535
2022-04-29;4370,19;4379,179607698918;0,004414552;0,0023596587383369
2022-05-02;4321,64;4342,633437570333;-0,0063255187;-0,0111715265786631
2022-05-04;4329,37;4317,704542775155;-0,0009110312;0,001787075048401
2022-05-05;4261,04;4341,084979366064;0,0027023251;-0,0159087729515103
2022-05-06;4218,78;4224,3470688295365;-0,008648586;-0,0099672752169133
2022-05-09;4153,84;4207,620003300905;-0,0026487862;-0,0155127791043713
2022-05-10;4144,59;4109,087202563286;-0,010832297;-0,0022293382798919
2022-05-11;4129,85;4131,534351380467;-0,0031549628;-0,0035627826394892
2022-05-12;4073,54;4116,438314330579;-0,0032527521;-0,0137286864149455
2022-05-13;4223,0;4065,087580094337;-0,0020771145;0,0360333756659744
2022-05-16;4271,42;4241,97846186161;0,004483922;0,0114005486985442
2022-05-17;4326,88;4276,8688736891745;0,0012749131;0,0129004033675295
2022-05-18;4321,62;4343,29392414093;0,003786274;-0,0012163960567882
2022-05-19;4256,57;4294,669274936914;-0,0062558097;-0,0151666603179507
2022-05-20;4254,54;4254,0229918295145;-0,0005985824;-0,0004770235700146
2022-05-23;4351,23;4255,747090044021;0,0002835787;0,022471915679471
2022-05-24;4317,09;4368,159560272693;0,0038831725;-0,0078769995855899
2022-05-25;4299,98;4308,992183157206;-0,0018774222;-0,0039711926410985
2022-05-26;4324,49;4311,186920473575;0,0026029514;0,0056838428297881
2022-05-27;4320,02;4338,088370220661;0,0031395436;-0,0010341824807654
2022-05-30;4370,43;4333,366390523911;0,0030847855;0,011601370561121
2022-05-31;4349,02;4375,245564690828;0,0011011783;-0,0049108700727904
2022-06-01;4335,94;4346,394860910178;-0,0006037995;-0,0030121059600348
2022-06-02;4320,48;4331,242555236816;-0,001083894;-0,0035719192084799
2022-06-03;4289,17;4332,358398685455;0,002745519;-0,0072732661666478
2022-06-06;4320,58;4274,198619505763;-0,0034966334;0,0072964114752107
2022-06-07;4306,65;4326,409887988567;0,0013483906;-0,003229312793493
2022-06-08;4227,18;4314,629662531614;0,001851158;-0,0186252356393344
2022-06-09;4183,95;4216,166091653109;-0,0026088632;-0,0102793276660733
2022-06-10;4123,58;4161,645197582245;-0,005345243;-0,0145340583070324
2022-06-13;3995,49;4085,916471555233;-0,009175701;-0,0315554930837963
2022-06-14;3979,86;3958,454377888441;-0,009312494;-0,0039195822153171
2022-06-15;3992,63;3976,989186050892;-0,0007215665;0,0032035188306396
2022-06-17;3940,71;3998,7546350812913;0,0015328511;-0,0130892515079942
2022-06-20;4026,3;3911,846908160448;-0,007351324;0,0214869299688236
2022-06-21;4105,67;4029,2931076526643;0,0007431308;0,0195211050871861
2022-06-22;4025,87;4131,215518395901;0,0062027103;-0,0196279085949137
2022-06-23;3967,27;4025,704187259078;-4,1167503e-05;-0,0146628358584552
2022-06-24;4026,24;3973,6087536776067;0,0015965608;0,0147547372359228
2022-06-27;4085,99;4043,290284118652;0,0042259176;0,0147311110516603
2022-06-28;4107,75;4090,6879634225365;0,0011491171;0,0053113843386699
2022-06-29;4172,25;4094,908090621233;-0,003131123;0,0155800252915719
2022-06-30;4069,37;4177,302791565657;0,0012103114;-0,0249672623230499
2022-07-01;4066,98;4065,178435501456;-0,0010305408;-0,0005874870350317
2022-07-04;4060,21;4075,9467791247366;0,0022022945;-0,0016660128693682
2022-07-05;3954,91;4062,380322136879;0,00053441245;-0,0262768514582867
2022-07-06;3910,49;3955,647838047743;0,0001865492;-0,0112951591171262
2022-07-07;4049,4;3911,6386348342894;0,00029364618;0,0349060361567666
2022-07-08;4031,42;4060,500286602974;0,002737505;-0,0044500507798498
2022-07-11;4033,67;4035,237268497944;0,00094650034;0,0005579603100207
2022-07-12;3948,04;4023,7858686059712;-0,0024534352;-0,0214573782932805
2022-07-13;3933,37;3939,122726254463;-0,0022612447;-0,0037226884382113
2022-07-14;3892,34;3932,241606003642;-0,00028691284;-0,0104860456012657
2022-07-15;3913,3;3890,923862581253;-0,00036397233;0,0053704886153075
2022-07-18;3981,08;3926,9652346730236;0,0034858538;0,0171721314616734
2022-07-19;4011,17;3977,672265970707;-0,00085630827;0,0075298300656148
2022-07-20;4053,8;4028,1660291957855;0,004228162;0,0105717434864393
2022-07-21;4031,73;4062,9112071514132;0,002245058;-0,0054591485805817
2022-07-22;4072,11;4039,4391394901277;0,0019102653;0,0099657283946673
2022-07-25;4057,52;4065,801551029086;-0,001550401;-0,0035893430977903
2022-07-26;3976,37;4060,658207168579;0,0007730553;-0,0202026067232538
2022-07-27;3955,55;3965,0300137341023;-0,0028559165;-0,0052496867883713
2022-07-28;3980,3;3968,8039986848835;0,0033451258;0,0062375373136767
2022-07-29;4151,32;3992,6632784843446;0,003101284;0,0420691626174228
2022-08-01;4136,22;4165,097345275879;0,0033133347;-0,0036440286766241
2022-08-02;4105,73;4139,517198193073;0,0007969104;-0,0073987682743993
2022-08-03;4197,7;4100,3334218096725;-0,0013152506;0,0221531972371557
2022-08-04;4127,62;4212,891790378094;0,0036125486;-0,0168357865651872
2022-08-05;4124,32;4129,674311454296;0,0004975468;-0,0007998119656511
2022-08-08;4188,73;4126,849576587677;0,00061312865;0,0154964276510721
2022-08-09;4181,2;4194,237670867443;0,0013140754;-0,001799298687448
2022-08-10;4181,55;4182,3414227485655;0,0002729107;8,370452308266625e-05
2022-08-11;4220,12;4195,144535779953;0,003245759;0,0091815724630841
2022-08-12;4228,93;4225,118578109741;0,0011837606;0,0020854423143292
2022-08-16;4279,46;4241,206518745423;0,002898788;0,0118778274326151
2022-08-17;4214,11;4288,79526021719;0,0021790662;-0,015388414903577
2022-08-18;4208,13;4208,223835469484;-0,0013976903;-0,0014200500116144
2022-08-19;4125,86;4212,013760268688;0,0009224921;-0,0197438855891517
2022-08-22;4040,22;4115,156313732862;-0,0025976524;-0,0209753369692239
2022-08-23;4024,53;4018,5759505248066;-0,005371523;-0,0038910120699368
2022-08-24;3969,82;4025,0088018393517;0,000118922566;-0,0136873802451921
2022-08-25;4006,49;3970,7877746176723;0,00024371438;0,0091947926679522
2022-08-26;3959,61;4019,5660292077064;0,0032584823;-0,0117700107208291
2022-08-29;3860,98;3928,6918316441775;-0,007839066;-0,0252244983044502
2022-08-30;3795,81;3853,559842916727;-0,0019236817;-0,0170232104555381
2022-08-31;3838,57;3781,276965714097;-0,0038361473;0,0112020746017896
2022-09-01;3777,8;3831,43131724298;-0,0018614166;-0,0159580717941722
2022-09-02;3858,81;3778,67187538147;0,00023078329;0,0212170161745377
2022-09-05;3869,16;3845,5082365411517;-0,0034530503;0,0026785834283187
2022-09-06;3841,04;3869,8140380573273;0,00016894583;-0,0072942659541963
2022-09-07;3872,58;3839,5429363298417;-0,00038984552;0,0081777883206087
2022-09-08;3915,93;3886,3957250475883;0,0035612446;0,0111318975406024
2022-09-09;3993,46;3924,270587772131;0,0021277214;0,0196051739232407
2022-09-12;3995,05;4006,023634259701;0,0031410235;0,0003980717357795
2022-09-13;3901,79;4002,991419929266;0,0019858098;-0,023620672586412
2022-09-14;3903,37;3875,2513321858646;-0,0068249125;0,000404860379949
2022-09-15;3909,41;3906,5346274769304;0,0008103788;0,0015461848927816
2022-09-16;3775,03;3900,727246233225;-0,0022234179;-0,034978137781514
2022-09-19;3822,31;3774,3092951411013;-0,00019096142;0,0124466222064399
2022-09-20;3768,31;3829,071918115616;0,0017674888;-0,0142283268035292
2022-09-21;3752,25;3756,490861442685;-0,0031414055;-0,0042709650379018
2022-09-22;3777,52;3723,901945129037;-0,0075836484;0,0067120496034037
2022-09-23;3678,0;3773,6301749229433;-0,0010303217;-0,0266985834755613
2022-09-26;3597,78;3667,0531747341156;-0,0029807265;-0,0220521376038249
2022-09-27;3627,95;3587,7272754693035;-0,0027980697;0,0083507618817119
2022-09-28;3612,9;3630,8385695993898;0,0007959479;-0,0041569765076096
2022-09-29;3503,5;3626,8694704413415;0,0038591807;-0,0307483051239553
2022-09-30;3552,54;3490,7495709061623;-0,0036459083;0,0139003717735616
2022-10-03;3600,8;3541,7048607373235;-0,0030545713;0,0134932023945726
2022-10-04;3713,81;3616,25381565094;0,0042826077;0,0309022608439563
2022-10-05;3626,24;3729,406605836153;0,00419083;-0,023862005060637
2022-10-06;3667,1;3628,8821044921874;0,0007282748;0,0112048601856163
2022-10-07;3633,99;3660,6421663820743;-0,001762581;-0,0090699407839911
2022-10-10;3561,67;3607,3749453181026;-0,0073508583;-0,0201016821875306
2022-10-11;3593,37;3554,7312335234883;-0,0019499981;0,0088609448483129
2022-10-12;3584,05;3590,922761696577;-0,00068131555;-0,0025970349340842
2022-10-13;3581,95;3586,8878081440926;0,00079156546;-0,0005861010494321
2022-10-14;3597,96;3594,811718648672;0,0035842306;0,0044596733203656
2022-10-17;3632,98;3585,073820285797;-0,0035880012;0,0096862299525394
2022-10-18;3637,54;3648,127579727173;0,004160799;0,0012543808690215
2022-10-19;3579,61;3647,295341694355;0,0026782334;-0,0160537730698345
2022-10-20;3621,09;3574,910928912163;-0,001313649;0,0115212295561626
2022-10-21;3558,81;3616,369930996299;-0,0013043721;-0,0173488661665901
2022-10-24;3591,31;3572,051479125023;0,003713807;0,0090908191259621
2022-10-25;3620,91;3602,8516200506688;0,003208607;0,0082083370157625
2022-10-26;3711,38;3633,4100396597382;0,0034462872;0,0246783996493269
2022-10-27;3734,09;3709,077146785259;-0,00062071794;0,0061003725563283
2022-10-28;3747,1;3734,7212059903145;0,00016892835;0,0034780598046708
2022-10-31;3824,04;3760,5422159552572;0,0035809865;0,020325247912981
2022-11-02;3832,98;3821,4792003178595;-0,00066993316;0,0023351131542822
2022-11-03;3799,19;3806,5470117723944;-0,006920119;-0,0088546824235447
2022-11-04;3937,51;3789,131118967533;-0,0026511769;0,0357606577148359
2022-11-07;3934,24;3950,006979980469;0,0031688446;-0,000830819115977
2022-11-08;3931,29;3943,0135447502134;0,0022275832;-0,0007501084194761
2022-11-09;3934,35;3937,709048205614;0,0016314903;0,0007780676853693
2022-11-10;3958,49;3921,7094481915233;-0,0032180445;0,0061169554357553
2022-11-14;4013,7;3974,099137084484;0,003935526;0,0138508697488084
2022-11-15;4007,62;4019,099059152603;0,0013442144;-0,0015159602570122
2022-11-16;3965,01;4015,6442139720916;0,0020001421;-0,0106891717568072
2022-11-17;3939,24;3958,181630267501;-0,0017236185;-0,0065205658492244
2022-11-18;3972,77;3939,6283542394635;9,847311e-05;0,0084757730915767
2022-11-21;3913,54;3979,308872169256;0,0016445813;-0,015021249153789
2022-11-22;3979,74;3913,6151113820074;1,916512e-05;0,0167741552890129
2022-11-23;3982,71;3993,7411414146422;0,0035120002;0,0007460015793476
2022-11-24;4016,9;3989,303214722872;0,0016541366;0,0085479687589772
2022-11-25;4059,51;4021,5721569657326;0,0011624059;0,0105518158072583
2022-11-28;4070,32;4064,253978563547;0,001167877;0,0026593437675304
2022-11-29;4087,13;4061,1289636039737;-0,0022606403;0,0041213918061077
2022-11-30;4108,81;4089,5748893475534;0,0005980479;0,0052904366225872
2022-12-01;4150,31;4123,279427610636;0,003515362;0,0100495813768598
2022-12-02;4170,01;4155,001766468287;0,001129794;0,0047354036413978
2022-12-05;4143,76;4174,275151715279;0,00102231;-0,0063148456672443
2022-12-06;4049,0;4128,297357401848;-0,003738499;-0,0231336511721011
2022-12-07;4061,8;4037,9539045095444;-0,0027317994;0,0031562880668481
2022-12-08;4040,17;4063,5281251192096;0,00042530504;-0,0053394548211978
2022-12-09;4045,72;4046,0790668833256;0,0014615296;0,0013727619029121
2022-12-12;4082,33;4041,8706230616567;-0,0009519289;0,0090083716456242
2022-12-13;4144,54;4095,317272824049;0,0031762882;0,0151239015038152
2022-12-14;4145,72;4156,0493063473705;0,0027730702;0,0002846714115043
2022-12-15;4055,73;4145,040957746506;-0,00016374885;-0,0219457807337365
2022-12-16;4036,25;4027,373857419491;-0,0070161894;-0,004814652935446
2022-12-19;4050,78;4024,06826980412;-0,0030226626;0,0035934120771199
2022-12-20;4102,04;4043,3669048631195;-0,0018317114;0,0125749557759862
2022-12-21;4139,11;4108,828804688454;0,0016535926;0,0089963779377389
2022-12-22;4119,27;4151,191890995502;0,0029146508;-0,0048048256847992
2022-12-23;4099,89;4109,247562344075;-0,0024360002;-0,0047158191143354
2022-12-27;4069,05;4105,30285058856;0,0013193082;-0,0075505871065452
2022-12-28;4069,27;4068,332098531723;-0,00017641294;5,406521248945881e-05
2022-12-29;4128,48;4060,266883324981;-0,002215015;0,0144456783011393
2022-12-30;4154,32;4141,716951599121;0,0032011461;0,0062394561817172
2023-01-02;4198,67;4158,555237197876;0,0010190406;0,0106190518023205
2023-01-03;4303,33;4203,7292608881;0,0012043375;0,0246213331236231
2023-01-04;4389,26;4307,589413360357;0,0009893229;0,0197715063613409
2023-01-05;4397,18;4400,283109009266;0,0025083027;0,0018027784051349
2023-01-09;4448,1;4388,08225028038;-0,0020712218;0,0115136123466745
2023-01-10;4448,73;4464,175205755234;0,0036075558;0,0001416234773626
2023-01-11;4394,24;4457,390287964344;0,0019448292;-0,012324069780235
2023-01-12;4427,26;4404,296045684814;0,0022858186;0,0074862901356343
2023-01-13;4407,17;4433,519886128903;0,0014129012;-0,0045481224325337
2023-01-16;4413,34;4411,050424215794;0,0008800658;0,0013990123034484
2023-01-17;4345,24;4416,077356188297;0,0006200371;-0,0155507793183835
2023-01-18;4328,56;4345,865217518806;0,00014389021;-0,0038460699027477
2023-01-19;4312,67;4316,814446148873;-0,0027172063;-0,0036777213221243
2023-01-20;4355,86;4307,529410842657;-0,001192748;0,0099648631062584
2023-01-23;4390,0;4370,371730601787;0,0033260335;0,0078071621104473
2023-01-24;4380,85;4402,603850364685;0,0028669462;-0,0020864575997525
2023-01-25;4305,16;4383,029299241305;0,00049734826;-0,0174284662123287
2023-01-26;4339,21;4306,17462618351;0,00023568842;0,0078780006185017
2023-01-27;4342,89;4351,340078613758;0,0027916841;0,0008477212242153
2023-01-30;4270,71;4345,828020318747;0,00067619694;-0,0167599353529581
2023-01-31;4412,0;4258,605440940857;-0,002838312;0,0325480116264981
2023-02-01;4374,2;4426,649323940277;0,0033148432;-0,0086044554449411
2023-02-02;4421,3;4381,613908910751;0,0016934369;0,0107101245462347
2023-02-03;4434,36;4435,613896346093;0,0032322244;0,0029495282041518
2023-02-06;4366,51;4426,6400787162775;-0,0017424223;-0,0154192356639264
2023-02-07;4376,62;4363,322283129693;-0,0007302544;0,0023126739522521
2023-02-08;4403,59;4387,634321424961;0,0025134555;0,0061433803572167
2023-02-09;4472,59;4395,010236234665;-0,0019501987;0,0155475418297573
2023-02-10;4390,55;4465,561696689129;-0,0015726662;-0,0185131551943576
2023-02-13;4381,81;4393,1549336612225;0,00059320236;-0,0019926229411197
2023-02-14;4393,59;4392,817533327341;0,0025089986;0,0026847795145274
2023-02-15;4409,48;4395,553564027548;0,00044678943;0,0036101081231211
2023-02-16;4451,18;4412,8583588361735;0,00076589896;0,009412460892339
2023-02-17;4441,12;4442,337980211973;-0,001988415;-0,0022626326803758
2023-02-20;4438,0;4442,824211864471;0,00038372568;-0,0007027723757334
2023-02-21;4373,65;4440,319358825684;0,0005224639;-0,0146059237473551
2023-02-22;4329,62;4356,808914011716;-0,0038579735;-0,0101181224150089
2023-02-23;4373,67;4328,594963984489;-0,00023673543;0,0101226952441727
2023-02-24;4365,76;4381,069454669952;0,0016903403;-0,0018101871998385
2023-02-27;4367,48;4355,868013114929;-0,0022684399;0,0003938973444536
2023-02-28;4421,49;4370,362286224365;0,00065967685;0,0122905596183672
2023-03-01;4462,97;4426,179454618692;0,0010599645;0,0093377203334297
2023-03-02;4405,61;4465,490214186907;0,00056455476;-0,012935734886677
2023-03-03;4454,68;4412,111322530508;0,0014745672;0,0110765001358086
2023-03-06;4562,43;4468,893796243668;0,0031856913;0,023900147387405
2023-03-07;4586,61;4568,489412077665;0,0013272137;0,0052858127844459
2023-03-08;4601,93;4577,813620233535;-0,0019196384;0,0033345916099607
2023-03-09;4636,65;4606,6347319030765;0,0010218271;0,0075163420049101
2023-03-10;4573,09;4622,502554431558;-0,0030558573;-0,013802997507474
2023-03-13;4490,73;4560,756690157056;-0,0027005658;-0,0181738531591766
2023-03-14;4519,9;4491,859560506344;0,0002514861;0,0064745976477716
2023-03-15;4388,34;4533,972745823859;0,0031086581;-0,0295388462469453
2023-03-16;4424,95;4387,6939333462715;-0,00014719376;0,0083079555023733
2023-03-17;4416,11;4439,503063577414;0,003283527;-0,0019997608761759
2023-03-20;4402,71;4406,308978433012;-0,0022218972;-0,0030389576638845
2023-03-21;4428,26;4412,109954807758;0,0021327578;0,0057864699554742
2023-03-22;4403,0;4441,122561125756;0,0029005029;-0,0057206036028225
2023-03-23;4412,03;4386,311750471592;-0,003797438;0,0020487742318743
2023-03-24;4365,1;4415,3293154752255;0,0007475047;-0,0106938024688988
2023-03-27;4378,61;4367,384382462502;0,0005231433;0,003090223886914
2023-03-28;4407,69;4379,8522909498215;0,00028359826;0,006619420275304
2023-03-29;4408,75;4411,205177500247;0,0007972553;0,0002404598693141
2023-03-30;4501,68;4420,191001743078;0,0025917431;0,0208594578699337
2023-03-31;4504,04;4510,7530075550085;0,0020134419;0,0005241113545663
2023-04-03;4498,96;4515,91781964302;0,002633669;-0,0011285128377501
2023-04-04;4505,95;4502,473954391479;0,00078078045;0,0015524866775904
2023-04-05;4471,26;4506,00854946971;1,29169475e-05;-0,0077284975328327
2023-04-06;4474,1;4471,572880232335;6,995485e-05;0,0006349660819508
2023-04-11;4553,06;4477,447864830494;0,00074790494;0,0174943202085449
2023-04-12;4547,61;4559,20032361269;0,0013476767;-0,0011977141576414
2023-04-13;4581,97;4549,063416634798;0,000319621;0,0075272164181515
2023-04-14;4588,54;4595,513360966444;0,002951442;0,0014328540340843
2023-04-17;4638,05;4590,678756680489;0,0004660014;0,0107321285993483
2023-04-18;4660,99;4645,177416437865;0,0015356141;0,0049338526418845
2023-04-19;4632,02;4667,49702165246;0,0013950982;-0,0062348138752907
2023-04-20;4624,93;4633,360692586899;0,00028941594;-0,0015318223359483
2023-04-21;4584,24;4625,104221739769;3,7543527e-05;-0,0088369016518639
2023-04-24;4590,76;4585,825896549225;0,00034587446;0,0014212536452344
2023-04-25;4579,22;4593,768295025826;0,0006550476;-0,0025169097625074
2023-04-26;4543,14;4567,1212653267385;-0,0026456213;-0,0079102750021497
2023-04-27;4618,28;4542,707003198862;-9,537735e-05;0,0164039384591684
2023-04-28;4600,36;4633,706733956336;0,003334853;-0,0038877801002056
2023-05-02;4580,51;4608,53508298397;0,001775432;-0,0043242156638726
2023-05-04;4528,92;4570,475161976218;-0,002193195;-0,0113268451639274
2023-05-05;4562,18;4517,306440501213;-0,0025675627;0,007317078988003
2023-05-08;4635,88;4576,006406257153;0,0030260943;0,0160254612968149
2023-05-09;4660,33;4641,304713859558;0,001169484;0,0052602203214925
2023-05-10;4692,15;4662,852218012809;0,0005410895;0,0068046385087816
2023-05-11;4654,32;4699,9439531922335;0,0016595795;-0,0080950790157264
2023-05-12;4671,81;4654,527509479522;4,457171e-05;0,0037507563167912
2023-05-15;4669,14;4673,740852564573;0,0004132609;-0,0005716763439942
2023-05-16;4672,59;4672,347157216072;0,000686577;0,0007386212525621
2023-05-17;4652,64;4670,8585153466465;-0,00037063524;-0,0042787213690465
2023-05-18;4644,45;4663,175347080231;0,0022618081;-0,0017618420642459
2023-05-19;4674,52;4652,240572160482;0,0016759929;0,0064535253065191
2023-05-22;4758,59;4678,791849431992;0,000913522;0,0178249222020278
2023-05-23;4760,99;4763,7039222204685;0,0010740722;0,0005042239365283
2023-05-24;4652,1;4751,778027204275;-0,0019367887;-0,023136899255024
2023-05-25;4643,41;4646,121142709256;-0,0012860299;-0,0018697204417146
2023-05-26;4685,19;4651,351604050397;0,0017088727;0,0089574597163406
2023-05-29;4672,74;4697,589661921263;0,0026431251;-0,0026608464362539
2023-05-30;4635,57;4674,780972633362;0,00043666305;-0,0079864545914452
2023-05-31;4549,84;4635,7921464085575;4,788774e-05;-0,0186671012936058
2023-06-01;4610,96;4546,053894114494;-0,00083251565;0,0133440107697152
2023-06-02;4721,63;4621,75715338707;0,0023389806;0,0237180006856209
2023-06-05;4709,96;4735,881106973887;0,0030137892;-0,0024746635414707
2023-06-06;4744,19;4711,687646222114;0,00036671746;0,0072412960603778
2023-06-07;4711,76;4751,312555835247;0,0015001595;-0,0068592002176018
2023-06-09;4724,97;4711,958275003433;4,2062813e-05;0,0027997004531624
2023-06-12;4689,79;4733,512969225645;0,0018063961;-0,0074734063828959
2023-06-13;4616,1;4698,357694634199;0,0018252272;-0,0158376125869994
2023-06-14;4691,4;4620,894056797028;0,0010380975;0,016180852627081
2023-06-15;4716,97;4697,348832249641;0,001267215;0,0054355989309537
2023-06-16;4722,38;4729,924420430661;0,0027425897;0,0011462654933572
2023-06-19;4743,0;4724,208466682434;0,00038707984;0,0043569370947475
2023-06-20;4728,91;4747,377401590347;0,0009225092;-0,0029751149225257
2023-06-21;4747,7;4728,80486435473;-2,2243199e-05;0,0039655582795417
2023-06-22;4785,09;4748,21503264904;0,00010847072;0,0078445432530034
2023-06-23;4742,8;4791,650482989549;0,0013700295;-0,0088771549036857
2023-06-26;4765,37;4735,621578955651;-0,0015147167;0,0047475050176254
2023-06-27;4751,48;4767,403145335913;0,00042658305;-0,0029190351561254
2023-06-28;4798,95;4763,0780272865295;0,0024379722;0,0099409955212958
2023-06-29;4848,04;4804,437385797501;0,0011427912;0,0101773555734836
2023-06-30;4852,03;4855,691811790466;0,0015771117;0,0008226745219433
2023-07-03;4870,1;4863,70514628768;0,0024034195;0,0037172966845834
2023-07-04;4883,44;4874,608057415486;0,0009253011;0,0027354187952399
2023-07-05;4860,49;4886,694808549881;0,00066625996;-0,0047106336844563
2023-07-06;4895,11;4861,920577017068;0,0002942304;0,0070974917647281
2023-07-07;4916,57;4892,273107721209;-0,00057967415;0,0043743852673931
2023-07-10;4987,16;4920,884288111924;0,00087713456;0,014255476558718
2023-07-11;5000,64;4994,660411338806;0,0015028061;0,0026992947765919
2023-07-12;5116,85;5008,8712628173835;0,0016447104;0,0229731110992882
2023-07-13;5087,0;5129,97851459384;0,0025624167;-0,0058507495014598
2023-07-14;5166,67;5095,850665688515;0,001738364;0,0155401145775456
2023-07-17;5256,51;5174,365858675242;0,0014883801;0,0172389280203098
2023-07-18;5301,39;5264,402339640856;0,0015002947;0,0085017418853057
2023-07-19;5303,11;5313,473360767365;0,0022766865;0,0003243905917453
2023-07-20;5331,39;5309,051227409839;0,0011196984;0,0053185512554365
2023-07-21;5324,51;5330,370893628002;-0,00019113623;-0,0012913035888124
2023-07-24;5328,78;5328,256182682514;0,0007033441;0,000801630337419
2023-07-25;5346,03;5333,223504345417;0,0008334534;0,0032319104536825
2023-07-26;5289,79;5350,56627604723;0,00084805896;-0,0105756818335535
2023-07-27;5281,26;5290,810928622484;0,00019296375;-0,001613841927028
2023-07-28;5271,07;5279,085761865377;-0,0004118594;-0,0019313276153066
2023-07-31;5350,36;5280,6782605564595;0,0018211532;0,0149304703663176
2023-08-01;5333,63;5357,990152306556;0,0014251049;-0,003131791339031
2023-08-02;5264,91;5335,26214542985;0,0003059717;-0,0129680056019182
2023-08-03;5258,65;5251,145844045282;-0,0026177564;-0,0011897116067898
2023-08-04;5284,68;5260,241648143529;0,00030266197;0,0049377289503021
2023-08-07;5212,34;5286,871080694199;0,0004144688;-0,0137831775560927
2023-08-08;5161,03;5218,169593405723;0,0011178474;-0,0098927192334929
2023-08-09;5183,6;5154,409065472483;-0,001283755;0,0043636236024552
2023-08-10;5201,74;5176,5184846878055;-0,0013671215;0,0034933894216322
2023-08-11;5286,38;5201,886342592239;2,8075836e-05;0,0161405166035775
2023-08-14;5299,64;5291,122146670818;0,00089664746;0,0025051921184666
2023-08-16;5229,4;5306,994391722679;0,0013868539;-0,0133423449804721
2023-08-17;5224,3;5209,428668272495;-0,0038263549;-0,0009757311582733
2023-08-18;5219,45;5217,045799255371;-0,0013894739;-0,0009287852253551
2023-08-21;5254,37;5221,037872076035;0,0003041703;0,0066680789603107
2023-08-22;5252,82;5265,758027783632;0,00216504;-0,0002950360679198
2023-08-23;5225,3;5254,52384922266;0,0003243988;-0,0052528627805226
2023-08-24;5207,55;5235,766660964489;0,002000986;-0,003402716827425
2023-08-25;5165,6;5195,719947078825;-0,002274324;-0,0080882333130211
2023-08-28;5201,8;5171,195661067963;0,0010826774;0,0069834572059946
2023-08-29;5203,63;5211,657775521278;0,0018932554;0,0003517394319824
2023-08-30;5200,38;5217,092827430964;0,0025839314;-0,0006247591276272
2023-08-31;5190,71;5203,406515860558;0,0005818992;-0,0018612104777247
2023-09-01;5181,0;5192,048422981501;0,0002578813;-0,0018724015300942
2023-09-04;5153,27;5182,605820655823;0,00030984485;-0,0053666231970825
2023-09-05;5124,42;5151,202513930202;-0,0004013155;-0,0056141167470946
2023-09-06;5055,69;5121,586745667458;-0,0005530378;-0,0135030062147938
2023-09-07;5019,82;5044,9459307062625;-0,0021274167;-0,00712026518661
2023-09-08;5092,23;5013,0561810851095;-0,0013483126;0,0143217720803863
2023-09-11;5072,97;5096,510853981971;0,0008402489;-0,0037894036609451
2023-09-12;5039,67;5078,695122331381;0,0011279889;-0,0065858411573695
2023-09-13;5072,82;5036,152759950757;-0,0006981938;0,006556272242576
2023-09-14;5100,86;5077,782391963005;0,0009778187;0,005512276973532
2023-09-15;5091,91;5112,202935853004;0,0022213135;-0,0017561472102655
2023-09-18;5038,9;5081,026436684131;-0,0021396824;-0,0104652014608245
2023-09-19;5033,34;5037,803151583671;-0,00021764437;-0,0011040246389567
2023-09-20;5066,88;5032,9610868108275;-7,535012e-05;0,006641463905674
2023-09-21;5031,43;5058,793391418457;-0,0015972335;-0,0070210056185852
2023-09-22;5024,08;5013,29525272727;-0,003610745;-0,0014618853362941
2023-09-25;4967,08;5024,341726732254;5,1989446e-05;-0,011410210308899
2023-09-26;4949,21;4967,620015335083;0,000108712884;-0,0036041744128861
2023-09-27;4892,13;4935,2395839798455;-0,0028268218;-0,0116001764140044
2023-09-28;4869,81;4890,883437057138;-0,00025484356;-0,0045728695105068
2023-09-29;4936,38;4874,0867393910885;0,0008777599;0,0135773470934504
2023-10-02;4883,45;4939,821916301251;0,00069698703;-0,0107803317585827
2023-10-03;4823,34;4882,455101197957;-0,00020371181;-0,0123853031502347
2023-10-04;4881,57;4808,003373491764;-0,0031847619;0,0120002552909925
2023-10-05;4825,79;4891,630961691141;0,0020589482;-0,0114924374768167
2023-10-06;4816,57;4823,984774506092;-0,0003741032;-0,0019123954737205
2023-10-09;4893,11;4827,071750147343;0,0021780797;0,0157660366649429
2023-10-10;5004,62;4902,780599781275;0,001974441;0,0225333926591483
2023-10-11;5027,27;5013,385205984116;0,001749922;0,004515607425411
2023-10-12;5027,93;5034,509511203766;0,0014389931;0,0001312753602011
2023-10-13;5049,72;5027,154407503605;-0,00015424362;0,0043244276110594
2023-10-16;5187,06;5051,401914052964;0,00033309608;0,026834266476797
2023-10-17;5289,51;5200,635780665875;0,0026138395;0,0195585512984132
2023-10-18;5225,56;5296,256978402138;0,0012746266;-0,0121636448394434
2023-10-19;5136,98;5210,029600157738;-0,0029764143;-0,0170966109867191
2023-10-20;5045,24;5126,76618509531;-0,001990249;-0,0180201336272129
2023-10-23;5035,45;5029,699405379295;-0,0030849879;-0,0019423279711693
2023-10-24;5093,13;5037,412890803814;0,0003897103;0,011389676251195
2023-10-25;5153,16;5105,9456886148455;0,002513093;0,0117175459304965
2023-10-26;5149,61;5142,369433557987;-0,0020961612;-0,0006891350851263
2023-10-27;5106,49;5138,908513373733;-0,0020803055;-0,0084087039071401
2023-10-30;5168,7;5105,331261420846;-0,00022694499;0,01210892647869
2023-10-31;5167,24;5184,294935059547;0,003012648;-0,0002825093817709
2023-11-02;5172,88;5175,0666801166535;0,001513495;0,0010908965387879
2023-11-03;5244,41;5189,428562965393;0,0031939587;0,0137331540557617
2023-11-06;5291,48;5258,465350496769;0,0026765242;0,0089352324607841
2023-11-07;5251,87;5298,815498442649;0,0013852931;-0,0075137762389414
2023-11-08;5231,84;5254,222151345014;0,00044783478;-0,0038211710114219
2023-11-09;5280,98;5234,9771301651;0,00059942226;0,0093486539085696
2023-11-10;5231,07;5277,415533909797;-0,0006752092;-0,009495840494594
2023-11-13;5178,99;5244,877577126026;0,0026360354;-0,0100057894963042
2023-11-14;5361,49;5179,25547499895;5,1254705e-05;0,0346318649614416
2023-11-15;5333,29;5379,162204792499;0,0032907634;-0,005273612987982
2023-11-16;5370,37;5336,625289876461;0,00062510575;0,006928498912062
2023-11-17;5395,8;5379,0971790313715;0,0016236887;0,004724065715662
2023-11-20;5451,25;5402,509526753426;0,0012426407;0,0102240670084514
2023-11-21;5494,9;5464,587308764458;0,0024436673;0,0079754491530058
2023-11-22;5507,22;5500,817004549503;0,0010762508;0,0022395693101732
2023-11-23;5534,84;5512,063087427617;0,00087897794;0,0050027001490315
2023-11-24;5520,78;5541,627407288552;0,0012255757;-0,0025435041327388
2023-11-27;5512,11;5524,664272999763;0,0007033283;-0,0015716646834453
2023-11-28;5609,78;5514,738378868103;0,00047670124;0,0175640131085095
2023-11-29;5571,54;5617,866378545761;0,0014404788;-0,0068400062050394
2023-11-30;5538,33;5572,661134700775;0,00020119923;-0,0059784856018529
2023-12-01;5644,39;5541,197997350692;0,00051766064;0,018969120259923
2023-12-04;5687,28;5656,704078973532;0,002179255;0,0075699706778402
2023-12-05;5728,67;5691,100398187637;0,00067145884;0,0072512898814695
2023-12-06;5729,44;5735,861732379198;0,0012545636;0,0001344026198315
2023-12-07;5677,61;5732,843401317596;0,0005937579;-0,0090874251768671
2023-12-08;5737,44;5687,222929204702;0,0016917245;0,0104827482809637
2023-12-11;5768,84;5745,981928310394;0,0014877829;0,0054579026317911
2023-12-12;5736,2;5776,6495134544375;0,001352756;-0,0056740502544858
2023-12-13;5718,92;5740,482007741928;0,00074620475;-0,0030169938171298
2023-12-14;5759,15;5735,205605545044;0,0028435043;0,0070099179980947
2023-12-15;5759,63;5766,70679178834;0,0013113768;8,334215954788745e-05
2023-12-18;5835,73;5762,477336007357;0,00049423455;0,0131261284920692
2023-12-19;5879,55;5845,582819918393;0,0016868175;0,007480863344143
2023-12-20;5884,53;5891,594914573431;0,0020465096;0,0008466450920895
2023-12-21;5880,79;5872,761442267299;-0,0020018495;-0,000635766834387
2023-12-22;5864,68;5892,986777393818;0,0020719762;-0,0027431869652574
2023-12-27;5847,11;5869,040438485146;0,00074323965;-0,0030003975790193
2023-12-28;5845,89;5853,869795281887;0,0011553604;-0,000208671855713
2023-12-29;5785,21;5849,278948806525;0,00057950115;-0,0104341894627302
2024-01-02;5752,15;5785,204137968421;-1,0648305e-06;-0,0057309627999803
2024-01-03;5681,9;5749,233676582575;-0,0005070829;-0,0122880141243698
2024-01-04;5717,38;5669,5264394283295;-0,0021801111;0,0062249746600969
2024-01-05;5698,34;5720,151924073696;0,0004846805;-0,0033357541452037
2024-01-08;5755,49;5698,478576192856;2,4294273e-05;0,0099792775477623
2024-01-09;5804,71;5770,738747497797;0,002645911;0,0085154750653259
2024-01-10;5787,02;5809,90881084323;0,00089515455;-0,0030521783604395
2024-01-11;5699,31;5792,691392848492;0,0009795281;-0,0152723637263838
2024-01-12;5703,41;5697,3763971591;-0,00033931824;0,000719126695506
2024-01-15;5639,73;5703,405920603275;-6,555106e-07;-0,0112280495533456
2024-01-16;5639,58;5636,406108226775;-0,0005895926;-2,659737164922929e-05
2024-01-17;5533,06;5635,984591341019;-0,0006377895;-0,0190685867680502
2024-01-18;5610,41;5525,997746832371;-0,0012772076;0,0138827927591564
2024-01-19;5662,38;5622,50080123663;0,0021528094;0,0092204978885356
2024-01-22;5690,76;5677,112731089592;0,0025984158;0,0049995083498218
2024-01-23;5643,89;5697,2969800758365;0,001147975;-0,0082702628043993
2024-01-24;5673,37;5646,099488720894;0,00039143284;0,005209753363917
2024-01-25;5694,13;5679,448749842643;0,0010707997;0,0036525222044923
2024-01-26;5707,59;5700,223526483775;0,0010695223;0,0023610483774002
2024-01-29;5670,48;5709,534576766491;0,00034067762;-0,0065230977816572
2024-01-30;5738,61;5678,680915260315;0,0014452703;0,0119432504860019
2024-01-31;5847,28;5744,400869432688;0,001008635;0,0187595751254667
2024-02-01;5971,24;5833,496182904243;-0,0023601544;0,0209780151767419
2024-02-02;5992,01;5988,762340278625;0,0029301855;0,0034723040759781
2024-02-05;5958,42;6003,922435384989;0,001986077;-0,0056215698446585
2024-02-06;5993,3;5960,862008013725;0,00040967445;0,0058368333639135
2024-02-07;5982,38;6001,51839927435;0,0013704165;-0,0018236965293896
2024-02-08;5951,89;5993,729152960777;0,0018953136;-0,0051096659180309
2024-02-09;5939,24;5953,929162142277;0,0003426515;-0,0021276371164126
2024-02-12;5980,24;5947,074159207344;0,0013181446;0,0068795218756627
2024-02-13;5892,8;5986,447934608459;0,0010376076;-0,0147294342278021
2024-02-14;5985,83;5877,713614654541;-0,0025634007;0,0156637427195026
2024-02-15;5967,71;6000,556586287022;0,0024572343;-0,0030317402006577
2024-02-16;6025,94;5976,076851485967;0,0014010115;0,0097102145773967
2024-02-19;6109,48;6029,681874868869;0,0006206827;0,013768179373866
2024-02-20;6148,38;6116,722282524109;0,0011846948;0,0063469693057802
2024-02-21;6127,47;6150,122207915783;0,0002832875;-0,0034066920372386
2024-02-22;6171,8;6131,830064080954;0,000711312;0,0072085891215678
2024-02-23;6188,43;6192,995815348625;0,0034283963;0,002690890061862
2024-02-26;6245,33;6192,239577527046;0,0006154378;0,0091525648245132
2024-02-27;6264,95;6252,00445462346;0,0010680724;0,0031366230149585
2024-02-28;6198,23;6269,749942213297;0,0007659364;-0,0107068400484144
2024-02-29;6239,0;6198,9186423063275;0,000111105524;0,0065561457068489
2024-03-01;6250,7;6249,703259587288;0,0017140475;0,0018735443481291
2024-03-04;6155,07;6262,163256931305;0,001832188;-0,0154173250374447
2024-03-05;6166,82;6155,362762867212;4,752563e-05;0,001907175532575
2024-03-06;6201,34;6153,091218836307;-0,0022287297;0,0055820897588807
2024-03-07;6202,68;6211,2674867606165;0,0015996275;0,0002160589881687
2024-03-08;6181,25;6214,049276962281;0,0018313385;-0,003460940330073
2024-03-11;6077,82;6175,661266967654;-0,0009045798;-0,0168744373377526
2024-03-12;6153,05;6078,004031281471;3,0294923e-05;0,0123018147915452
2024-03-13;6191,54;6169,824427944422;0,0027224238;0,006235950279469
2024-03-14;6189,95;6197,541402347088;0,00096872234;-0,0002568350026919
2024-03-15;6166,35;6191,867800909281;0,00030969398;-0,0038199183731623
2024-03-18;6101,8;6160,308326500654;-0,0009802901;-0,0105232811279346
2024-03-19;6125,67;6107,489654302597;0,0009320162;0,0039043285851307
2024-03-20;6077,28;6130,82620182395;0,0008414707;-0,0079309107455728
2024-03-21;6242,53;6084,316035461426;0,00115696;0,0268283214692481
2024-03-22;6225,26;6251,149692920446;0,0013798611;-0,002770340380339
2024-03-25;6212,44;6227,719348635674;0,00039502728;-0,002061475118402
2024-03-26;6246,19;6215,928134431839;0,0005613855;0,0054179444382613
2024-03-27;6275,65;6251,884730415344;0,00091127964;0,0047053874439104
2024-03-28;6326,51;6290,004097431898;0,0022845888;0,0080716759881474
2024-04-02;6398,58;6334,464323407412;0,0012565131;0,0113273494489852
2024-04-03;6393,77;6389,12737059474;-0,0014784423;-0,0007520119800786
2024-04-04;6453,21;6398,292113491298;0,0007069928;0,0092536026597968
2024-04-05;6362,74;6440,763777147532;-0,0019305021;-0,0141185792406126
2024-04-08;6402,54;6375,00642504692;0,0019259172;0,0062356844447421
2024-04-09;6312,53;6409,000082359314;0,0010084334;-0,0141582395661416
2024-04-10;6333,03;6314,269055732489;0,00027549575;0,0032422475490663
2024-04-11;6266,24;6320,617390810847;-0,0019619395;-0,0106023008709843
2024-04-12;6236,19;6275,7791136169435;0,0015211535;-0,0048070747632549
2024-04-15;6284,19;6217,538170160651;-0,0029954258;0,0076675364748086
2024-04-16;6079,34;6272,157037931084;-0,0019166057;-0,033140818000835
2024-04-17;6140,95;6081,21555932045;0,00030847825;0,0100833158634649
2024-04-18;6178,52;6139,7830990910525;-0,00019009005;0,0060993072708124
2024-04-19;6158,39;6182,94511417389;0,0007159663;-0,0032633808408737
2024-04-22;6197,13;6145,051459456682;-0,0021682803;0,006270901904829
2024-04-23;6243,56;6210,661045088768;0,0021811372;0,0074642508688151
2024-04-24;6220,39;6263,931971220971;0,0032576346;-0,0037179267711862
2024-04-25;6192,78;6222,560453253985;0,0003488729;-0,0044485084038482
2024-04-26;6221,71;6191,762709546089;-0,00016425551;0,0046606912355169
2024-04-29;6292,04;6236,396858823299;0,0023578084;0,0112405538731447
2024-04-30;6285,32;6300,582542881965;0,0013567331;-0,0010685868321256
2024-05-02;6262,27;6270,95165199995;-0,0022886097;-0,003674016433142
2024-05-06;6369,03;6268,902836931944;0,0010585428;0,0169044425040854
2024-05-07;6412,43;6391,994960385561;0,0035992486;0,0067911125642424
2024-05-08;6436,44;6420,7553115570545;0,001297532;0,0037372979797328
2024-05-09;6465,73;6440,972343277931;0,0007039259;0,0045403293115438
2024-05-10;6491,33;6476,7952470445625;0,0017098462;0,0039515188338909
2024-05-13;6574,47;6497,251322960854;0,0009118152;0,0127265260666439
2024-05-14;6605,56;6583,172625617981;0,0013227346;0,0047177521848792
2024-05-15;6615,91;6617,114167494774;0,0017476266;0,0015656356084719
2024-05-16;6635,44;6633,060590283871;0,0025889254;0,0029476263385289
2024-05-17;6637,27;6639,470967025756;0,00060732616;0,0002757537852627
2024-05-20;6701,78;6643,015079215766;0,0008651173;0,0096724283873266
2024-05-21;6675,93;6711,931805694103;0,0015136363;-0,0038646423301839
2024-05-22;6666,92;6681,041634539366;0,0007653868;-0,0013505362601664
2024-05-23;6699,58;6670,788091063499;0,00058005477;0,0048868537009715
2024-05-24;6683,61;6696,851804180145;-0,00040734783;-0,0023865771284864
2024-05-27;6670,63;6695,201095719337;0,0017327861;-0,0019439524956216
2024-05-28;6615,99;6674,268840065002;0,00054536795;-0,0082248620078188
2024-05-29;6534,71;6617,36231619358;0,00020745481;-0,0123614765760051
2024-05-31;6551,62;6525,057044591308;-0,0014783036;0,0025843776539082
2024-06-03;6617,15;6555,953065481186;0,0006611658;0,0099524163453194
2024-06-04;6505,49;6625,973016017675;0,0013325085;-0,0170183278568185
2024-06-05;6544,23;6506,372535889149;0,00013562264;0,0059373095827334
2024-06-06;6556,49;6560,484071241617;0,0024805954;0,0018716534021011
2024-06-07;6538,31;6558,010982925892;0,00023191767;-0,0027766764945696
2024-06-10;6517,61;6538,648271443844;5,1758667e-05;-0,0031709779693882
2024-06-11;6408,87;6517,520261159539;-1,3722927e-05;-0,0168247759795168
2024-06-12;6489,1;6405,957262049317;-0,00045455608;0,0124408778746022
2024-06-13;6379,34;6500,730489647389;0,0017906898;-0,0170592024856157
2024-06-14;6311,56;6377,075300717354;-0,00035510835;-0,0106817711076329
2024-06-17;6410,1;6305,91439223528;-0,00089486333;0,0154919988128536
2024-06-18;6426,69;6421,540755987167;0,0017831867;0,0025847597781778
2024-06-19;6499,47;6427,4216456973545;0,000113815004;0,0112610039025188
2024-06-20;6474,01;6506,5818635094165;0,0010936032;-0,0039249349726534
2024-06-21;6452,95;6475,4925550568105;0,0002289462;-0,0032583095533825
2024-06-24;6510,87;6454,181571787595;0,00019086302;0,0089356972547941
2024-06-25;6466,08;6516,643825875521;0,0008864244;-0,0069030362081396
2024-06-26;6439,5;6467,858274364471;0,00027487444;-0,0041191542856425
2024-06-27;6465,93;6442,781696140766;0,000509462;0,0040959560357175
2024-06-28;6517,71;6469,766266232729;0,00059319247;0,0079762338637441
2024-07-01;6500,75;6522,927364150286;0,00080012856;-0,0026055323893663
2024-07-02;6400,75;6504,813061743975;0,00062477624;-0,0155023838609758
2024-07-03;6418,18;6406,518498182297;0,0009008108;0,0027194174149593
2024-07-04;6454,62;6424,563285014629;0,0009940712;0,0056615650573602
2024-07-05;6397,92;6460,764063556194;0,00095141825;-0,0088232159303462
2024-07-08;6433,6;6401,941672267914;0,00062843505;0,0055613196191919
2024-07-09;6461,38;6440,888277244569;0,0011323062;0,004308660110667
2024-07-10;6425,12;6468,0619753050805;0,0010336055;-0,0056276096218682
2024-07-11;6434,83;6436,031495628356;0,0016967795;0,0015101150230384
2024-07-12;6462,72;6425,8910826027395;-0,0013901679;0,0043248591355946
2024-07-15;6415,56;6472,461913604737;0,0015061977;-0,0073239921493235
2024-07-16;6246,51;6416,519816908837;0,00014957822;-0,0267033818740134
2024-07-17;6243,06;6251,165501904487;0,0007450645;-0,0005524609874877
2024-07-18;6325,38;6225,615975515843;-0,0027980944;0,0130996650628136
2024-07-19;6292,82;6319,690737597943;-0,00089986104;-0,0051608109344922
2024-07-22;6335,95;6283,805296018123;-0,0014335902;0,0068304621410447
2024-07-23;6234,24;6351,662591153383;0,0024767758;-0,0161830839064469
2024-07-24;6207,39;6229,42048210144;-0,00077339035;-0,0043161614166201
2024-07-25;6181,1;6181,969516807795;-0,0041035837;-0,0042442685856397
2024-07-26;6170,84;6178,167727154494;-0,00047446106;-0,001661277881801
2024-07-29;6198,81;6182,609943237305;0,0019055414;0,0045223668688647
2024-07-30;6192,99;6202,923027627468;0,0006632715;-0,0009393309168864
2024-07-31;6269,27;6191,07125722289;-0,00030983338;0,0122419132060965
2024-08-01;6185,19;6288,427703778744;0,003051188;-0,0135021955791761
2024-08-02;6076,19;6168,728323409557;-0,0026650482;-0,0177798700378793
2024-08-05;5845,94;6050,081588395237;-0,0043061003;-0,0386304516089575
2024-08-06;5828,03;5798,84345297575;-0,008088882;-0,0030683673252035
2024-08-07;5898,32;5830,494297105074;0,00042270307;0,0119885287179933
2024-08-08;5923,53;5864,093871722221;-0,0058195204;0,0042649903719718
2024-08-09;5924,31;5942,741239478588;0,0032379222;0,0001316695703399
2024-08-12;6091,37;5926,00848985076;0,0002866356;0,0278087908279308
2024-08-13;6118,69;6095,515578304529;0,0006803953;0,0044750059527599
2024-08-14;6129,74;6140,130121395588;0,0034978501;0,0018043133687853
2024-08-16;6255,24;6135,554354560375;0,0009481599;0,02026717779437
2024-08-19;6272,41;6274,721706647872;0,0031095454;0,0027411383221992
2024-08-20;6199,17;6284,786419343948;0,0019712043;-0,011745238687761
2024-08-21;6212,32;6199,629657161236;7,409757e-05;0,0021190050381526
2024-08-22;6210,07;6219,273176555634;0,0011186393;-0,0003622491363746
2024-08-23;6197,76;6195,654546557069;-0,0023240757;-0,0019842315761716
2024-08-26;6191,57;6214,337141418458;0,002671154;-0,0009992470157881
2024-08-27;6238,07;6194,488418381214;0,0004711251;0,007482150236413
2024-08-28;6213,16;6247,092534288167;0,0014453053;-0,0040012164635187
2024-08-29;6292,42;6212,507472910881;-0,000104996456;0,0126761111941427
2024-08-30;6344,45;6300,859542939663;0,001340365;0,0082346805834627
2024-09-02;6425,37;6361,375626581907;0,002664236;0,0126738016897181
2024-09-03;6333,74;6434,576118825674;0,0014317055;-0,0143633177085834
2024-09-04;6320,23;6311,740003188848;-0,003479476;-0,0021352990615971
2024-09-05;6219,49;6322,540016772747;0,00036539044;-0,016067690081342
2024-09-06;6100,22;6219,751721607447;4,2051975e-05;-0,0193630737176108
2024-09-09;6066,79;6074,072692804337;-0,0042954823;-0,0054952012243642
2024-09-10;6020,64;6078,989236598015;0,0020087415;-0,0076360689159874
2024-09-11;5946,82;6022,890040340424;0,000373693;-0,0123369430576415
2024-09-12;6100,4;5953,205208098888;0,0010730977;0,0254977198951957
2024-09-13;6141,81;6113,220238065719;0,0020993738;0,0067651441912493
2024-09-16;6134,04;6153,057454311848;0,0018296401;-0,00126590029002
2024-09-17;6186,17;6138,189756073952;0,00067620806;0,0084625685937847
2024-09-18;6161,43;6192,507636110783;0,0010239366;-0,0040072618333179
2024-09-19;6165,35;6162,982732350826;0,00025195075;0,0006360136438131
2024-09-20;6087,34;6182,958339226247;0,0028519754;-0,0127337024096627
2024-09-23;6082,52;6086,503305399418;-0,00013751145;-0,0007921209039426
2024-09-24;6116,37;6086,070054779053;0,0005834655;0,0055496995020473
2024-09-25;6204,0;6123,773566954136;0,0012096646;0,0142254620204498
2024-09-26;6237,64;6210,822574138641;0,0010991243;0,0054076604012414
2024-09-27;6266,93;6245,954019780159;0,0013320511;0,0046846958459865
2024-09-30;6201,66;6272,754953700304;0,00092901365;-0,0104696034114663
2024-10-01;6144,54;6206,14530569315;0,00072301796;-0,0092531155418378
2024-10-02;6119,17;6128,763711190224;-0,0025708086;-0,0041374161963621
2024-10-03;6074,72;6121,329207248687;0,00035284046;-0,0072905687824226
2024-10-04;6078,26;6074,6747398090365;-7,5100907e-06;0,0005825731796021
2024-10-07;6089,44;6090,029435069561;0,0019344433;0,0018376526617531
2024-10-08;6074,04;6078,63217259407;-0,0017764997;-0,0025321714227497
2024-10-09;6120,03;6085,591280035973;0,0018999829;0,0075430464249673
2024-10-10;6131,91;6133,617407913208;0,0022176744;0,0019392853251353
2024-10-11;6184,24;6133,991832847595;0,00033942994;0,0084978365657231
2024-10-14;6173,62;6196,696049804687;0,0020121546;-0,0017187446069729
2024-10-15;6206,0;6184,531237015724;0,0017658303;0,0052311902692984
2024-10-16;6222,06;6201,591085314751;-0,0007106554;0,0025844756043045
2024-10-17;6094,53;6228,056123914719;0,00096315885;-0,0207093940577736
2024-10-18;6156,18;6095,09305655837;9,228633e-05;0,0100648077425219
2024-10-21;6199,49;6164,222523458005;0,001305575;0,0070105752879084
2024-10-22;6056,92;6205,432594896554;0,00095816003;-0,0232656105502398
2024-10-23;6058,0;6056,652122740746;-4,4208497e-05;0,0001782925521358
2024-10-24;6076,44;6043,979432940483;-0,0023171094;0,0030392855697637
2024-10-25;6048,95;6079,50769888401;0,0005046775;-0,0045342949132569
2024-10-28;6026,88;6049,3502055227755;6,614425e-05;-0,0036552393620456
2024-10-29;6020,36;6029,039691009521;0,00035827752;-0,0010824057023136
2024-10-30;5962,88;6022,4951064443585;0,00035457028;-0,0095934723573245
2024-10-31;5966,67;5959,769760322571;-0,00052172923;0,0006353969977929
2024-11-04;6006,04;5944,061530360579;-0,0037963018;0,0065766467079594
2024-11-05;5946,59;6011,686900830269;0,00093973527;-0,0099476835216561
2024-11-06;5987,42;5957,6812736821175;0,0018634767;0,0068426554547054
2024-11-07;6065,81;6007,567906751633;0,0033593427;0,0130074851738611
2024-11-08;6070,14;6079,898897948266;0,0023200773;0,0007135824033118
2024-11-12;6031,71;6074,336979045868;0,0006912427;-0,0063511164289973
2024-11-13;5989,93;6031,138006970286;-9,4842835e-05;-0,0069508267113437
2024-11-14;6093,92;5990,264891935587;5,581487e-05;0,0172118268952896
2024-11-15;6054,48;6094,613035087586;0,00011361484;-0,0064930589320666
2024-11-18;6047,62;6038,707952456474;-0,002608385;-0,0011336876632539
2024-11-19;5930,02;6051,46112827301;0,00063501345;-0,0196372205302425
2024-11-20;5954,66;5931,165906736851;0,0001932;0,0041465206138069
2024-11-21;6043,16;5956,467280106544;0,0003034314;0,0147529476453181
2024-11-22;6059,78;6053,218236112594;0,0016630507;0,0027464418475138
2024-11-25;6018,02;6063,701089868545;0,0006469106;-0,0069151942262925
2024-11-26;6018,29;6019,661420097352;0,00027271203;4,486424826950781e-05
2024-11-27;6009,02;6024,693116971254;0,0010633294;-0,0015414921267702
2024-11-28;6007,6;6010,94693040371;0,00032057962;-0,0002363393377854
2024-11-29;6065,12;6010,146671104431;0,00042387441;0,0095289935063909
2024-12-02;6151,65;6075,483749275208;0,0017072044;0,0141660106616276
2024-12-03;6138,81;6160,422872561216;0,0014250351;-0,0020894262169682
2024-12-04;6168,97;6142,351927385331;0,00057678344;0,0049009748905364
2024-12-05;6191,09;6181,809322952033;0,0020790426;0,00357927447202
2024-12-06;6218,82;6194,110779057742;0,0004878175;0,0044690164799258
2024-12-09;6184,77;6226,312734639644;0,0012041167;-0,0054903597319321
2024-12-10;6175,69;6181,517480290532;-0,0005260133;-0,0014692012487083
2024-12-11;6163,53;6178,352834016085;0,0004311609;-0,001970951800267
2024-12-12;6130,05;6173,97447171092;0,0016932095;-0,0054467588402069
2024-12-13;6132,15;6128,113488900662;-0,00031587837;0,0003425160282054
2024-12-16;6160,04;6134,682947033643;0,00041307224;0,0045378484809271
2024-12-17;6046,48;6166,868571791649;0,0011079117;-0,0186069864917852
2024-12-18;6076,66;6046,8713925457;6,476684e-05;0,0049789183901018
2024-12-19;6085,66;6033,8004855775835;-0,007078124;0,001479981063277
2024-12-20;6054,88;6087,8828315162655;0,00036525814;-0,00507062551572
2024-12-23;6087,67;6065,37133310318;0,0017311834;0,0054008556200984
2024-12-27;6126,16;6100,756671007872;0,0021473712;0,0063027121574844
2024-12-30;6122,32;6131,63283208847;0,00089290756;-0,0006270165972934
2025-01-02;6234,95;6109,932469511032;-0,0020253735;0,018229450196652
2025-01-03;6310,39;6232,329622909427;-0,00042040017;0,0120269214456161
2025-01-07;6385,46;6328,57130205989;0,0028770713;0,0118260494429782
2025-01-08;6326,09;6389,023967194557;0,0005579457;-0,0093411789603107
2025-01-09;6369,46;6330,5250308525565;0,0007008657;0,0068323418382667
2025-01-10;6413,14;6376,083363444805;0,0010393222;0,0068343169647147
2025-01-13;6308,22;6400,745830945969;-0,0019344563;-0,016495465744798
2025-01-14;6327,52;6310,967802243233;0,00043555297;0,0030548293980306
2025-01-15;6394,94;6331,990731143952;0,0007063594;0,010598678418694
2025-01-16;6383,13;6414,645629832744;0,0030767545;-0,0018484799915444
2025-01-17;6461,6;6385,440178599358;0,00036180363;0,0122183924806476
2025-01-20;6501,26;6477,774397087098;0,002500058;0,0061190391237499
2025-01-21;6489,33;6508,316471383572;0,0010848948;-0,001836714630181
2025-01-22;6539,11;6501,270337246657;0,0018383368;0,0076417809421883
2025-01-23;6511,77;6551,759314161539;0,0019325115;-0,004189761915532
2025-01-24;6564,61;6517,889284976722;0,0009392576;0,0080817913833877
2025-01-27;6498,59;6571,1201373898975;0,0009912385;-0,0101078697561079
2025-01-28;6516,51;6481,497576505542;-0,0026336238;0,0027537262601067
2025-01-29;6516,54;6528,45762275219;0,0018317483;4,603680642603515e-06
2025-01-30;6632,2;6516,5936014151575;8,222765e-06;0,0175930139595224
2025-01-31;6609,99;6643,21412513256;0,0016592614;-0,00335443319058
2025-02-03;6515,85;6609,993151888847;4,2947113e-07;-0,0143444707861447
2025-02-04;6573,6;6506,103342890739;-0,0014969566;0,0088239574178395
2025-02-05;6514,36;6588,9913590431215;0,0023386308;-0,0090526567260616
2025-02-06;6693,33;6517,149447441101;0,00042814342;0,0271025372385472
2025-02-07;6706,39;6703,296657761335;0,0014879276;0,0019492950801054
2025-02-10;6775,66;6695,177117845416;-0,0016733804;0,0102759757677768
2025-02-11;6896,71;6789,643276596069;0,0020616108;0,0177077073030064
2025-02-12;6886,01;6904,718581651449;0,0011604958;-0,0015526691610383
2025-02-13;6854,46;6889,060376553536;0,00044299674;-0,0045922818428502
2025-02-14;6821,35;6867,196376287937;0,0018564115;-0,0048421358138445
2025-02-17;6855,25;6822,879569548369;0,00022424512;0,004957382598915
2025-02-18;6966,88;6862,029569864273;0,0009884356;0,0161527097639835
2025-02-19;6902,68;6976,77145526886;0,0014188215;-0,0092577498530714
2025-02-20;6892,61;6905,420135717392;0,00039699028;-0,0014599188257106
2025-02-21;6886,5;6892,557002727389;-7,64794e-06;-0,0008868497893493
2025-02-24;6790,78;6865,188943773508;-0,0030993829;-0,0139971635863453
2025-02-25;6801,92;6788,385832594633;-0,00035266328;0,0016391154802434
2025-02-26;6895,56;6801,915134887696;-6,867317e-07;0,0136728009522039
2025-02-27;6858,99;6903,561492147446;0,0011596902;-0,0053175256437049
2025-02-28;6820,93;6836,988121688962;-0,0032128217;-0,0055643743825875
2025-03-03;6812,94;6838,630770517588;0,0025918281;-0,0011720811353937
2025-03-04;6612,56;6790,232658154964;-0,003338545;-0,0298528741924057
2025-03-05;6740,05;6612,580495243073;3,1362563e-06;0,0190964724270662
2025-03-06;6799,64;6755,519334441424;0,002292536;0,0088023263098312
2025-03-07;6828,74;6773,145779120922;-0,0039039813;0,0042705067257095
2025-03-10;6800,61;6838,058421695232;0,0013637227;-0,0041278622887846
2025-03-11;6777,75;6757,59326021254;-0,0063454765;-0,0033671255730439
2025-03-12;6885,22;6767,202345684171;-0,0015574849;0,0157318967242271
2025-03-13;6916,99;6897,438984382153;0,001773102;0,0046036187116782
2025-03-14;7025,87;6902,367497414946;-0,0021162545;0,0156183470642738
2025-03-17;7142,83;7050,493102203607;0,0034985542;0,0165100053973959
2025-03-18;7194,81;7158,799726639986;0,0022332622;0,0072508763978003
2025-03-19;7223,21;7181,30312640667;-0,001879106;0,0039395196747153
2025-03-20;7177,31;7239,980272011757;0,002319044;-0,0063747913881042
2025-03-21;7170,31;7178,762812240124;0,00020239527;-0,0009757716688077
2025-03-24;7260,91;7175,518953516484;0,0007261617;0,0125562759531582
2025-03-25;7379,34;7286,299703873396;0,003490617;0,0161790383845165
2025-03-26;7344,82;7391,370584077835;0,0016289201;-0,0046889008603234
2025-03-27;7314,42;7328,895118761062;-0,0021705984;-0,0041475606619503
2025-03-28;7288,69;7317,840647342206;0,00046749596;-0,003523910540445
2025-03-31;7184,44;7265,908846904039;-0,003130459;-0,0144062553157725
2025-04-01;7286,24;7190,487407488822;0,0008413341;0,0140700615881763
2025-04-02;7320,93;7296,978347187042;0,0014727882;0,0047497311549082
2025-04-03;7154,04;7336,632029771805;0,0021424966;-0,0230601369846827
2025-04-04;6793,8;7086,545484380722;-0,0094792545;-0,0516668005328899
2025-04-07;6706,6;6752,557868492603;-0,0060890536;-0,0129183154097416
2025-04-08;6917,66;6681,726297569276;-0,003715744;0,0309854459986896
2025-04-09;6772,42;6890,13320523262;-0,003987142;-0,0212190797244433
2025-04-10;6930,22;6788,942925820351;0,002436788;0,0230330762992467
2025-04-11;6951,05;6890,707473362684;-0,0057178386;0,0030011685724245
2025-04-14;7129,95;6985,732297438383;0,004977096;0,0254114944768071
2025-04-15;7160,91;7148,46204764843;0,0025930242;0,0043328460898445
