Data;Rzeczywiste;Prognoza_Cena;Diff
2022-10-06;3667,1;3637,4383582089554;29,66164179104453
2022-10-07;3633,99;3669,5517808219174;-35,56178082191764
2022-10-10;3561,67;3637,4383582089554;-75,7683582089553
2022-10-11;3593,37;3556,586764705882;36,78323529411773
2022-10-12;3584,05;3607,184716981132;-23,134716981131987
2022-10-13;3581,95;3593,1927777777782;-11,242777777778429
2022-10-14;3597,96;3556,586764705882;41,373235294117876
2022-10-17;3632,98;3607,184716981132;25,79528301886785
2022-10-18;3637,54;3637,4383582089554;0,10164179104458526
2022-10-19;3579,61;3637,4383582089554;-57,82835820895525
2022-10-20;3621,09;3556,586764705882;64,50323529411799
2022-10-21;3558,81;3637,4383582089554;-78,62835820895543
2022-10-24;3591,31;3593,1927777777782;-1,8827777777783012
2022-10-25;3620,91;3607,184716981132;13,725283018867685
2022-10-26;3711,38;3637,4383582089554;73,94164179104473
2022-10-27;3734,09;3668,7079999999996;65,38200000000052
2022-10-28;3747,1;3668,7079999999996;78,39200000000028
2022-10-31;3824,04;3668,7079999999996;155,33200000000033
2022-11-02;3832,98;3809,125689655173;23,8543103448269
2022-11-03;3799,19;3857,1066666666675;-57,916666666667425
2022-11-04;3937,51;3809,125689655173;128,3843103448271
2022-11-07;3934,24;3949,2418518518525;-15,001851851852734
2022-11-08;3931,29;3923,284864864865;8,005135135134879
2022-11-09;3934,35;3923,284864864865;11,065135135134824
2022-11-10;3958,49;3968,298125;-9,808125000000018
2022-11-14;4013,7;3968,298125;45,40187500000002
2022-11-15;4007,62;4016,6185714285702;-8,998571428570358
2022-11-16;3965,01;4016,6185714285702;-51,60857142857003
2022-11-17;3939,24;4016,6185714285702;-77,37857142857047
2022-11-18;3972,77;3949,2418518518525;23,528148148147466
2022-11-21;3913,54;4016,6185714285702;-103,07857142857029
2022-11-22;3979,74;3968,298125;11,441874999999982
2022-11-23;3982,71;4016,6185714285702;-33,90857142857021
2022-11-24;4016,9;4016,6185714285702;0,2814285714298421
2022-11-25;4059,51;4016,6185714285702;42,89142857142997
2022-11-28;4070,32;4035,9424074074072;34,37759259259292
2022-11-29;4087,13;4075,1698275862063;11,96017241379377
2022-11-30;4108,81;4075,1698275862063;33,64017241379406
2022-12-01;4150,31;4098,285945945946;52,02405405405443
2022-12-02;4170,01;4166,789629629629;3,2203703703708015
2022-12-05;4143,76;4166,789629629629;-23,0296296296292
2022-12-06;4049,0;4166,789629629629;-117,78962962962942
2022-12-07;4061,8;4035,9424074074072;25,857592592592937
2022-12-08;4040,17;4035,9424074074072;4,227592592592828
2022-12-09;4045,72;4073,2958333333336;-27,575833333333776
2022-12-12;4082,33;4035,9424074074072;46,38759259259268
2022-12-13;4144,54;4075,1698275862063;69,37017241379363
2022-12-14;4145,72;4166,789629629629;-21,069629629629162
2022-12-15;4055,73;4166,789629629629;-111,0596296296294
2022-12-16;4036,25;4035,9424074074072;0,30759259259275495
2022-12-19;4050,78;4035,9424074074072;14,837592592592955
2022-12-20;4102,04;4035,9424074074072;66,09759259259272
2022-12-21;4139,11;4098,285945945946;40,824054054053704
2022-12-22;4119,27;4166,789629629629;-47,51962962962898
2022-12-23;4099,89;4098,285945945946;1,6040540540543589
2022-12-27;4069,05;4113,696;-44,64599999999973
2022-12-28;4069,27;4113,696;-44,42599999999993
2022-12-29;4128,48;4075,1698275862063;53,310172413793225
2022-12-30;4154,32;4098,285945945946;56,03405405405374
2023-01-02;4198,67;4166,789629629629;31,880370370370656
2023-01-03;4303,33;4215,840714285714;87,48928571428587
2023-01-04;4389,26;4314,261016949154;74,99898305084662
2023-01-05;4397,18;4366,098888888889;31,081111111111568
2023-01-09;4448,1;4442,768235294117;5,331764705882961
2023-01-10;4448,73;4442,768235294117;5,96176470588216
2023-01-11;4394,24;4388,166923076924;6,07307692307586
2023-01-12;4427,26;4366,098888888889;61,161111111111495
2023-01-13;4407,17;4366,098888888889;41,07111111111135
2023-01-16;4413,34;4366,098888888889;47,24111111111142
2023-01-17;4345,24;4366,098888888889;-20,85888888888894
2023-01-18;4328,56;4314,261016949154;14,2989830508468
2023-01-19;4312,67;4314,261016949154;-1,591016949153527
2023-01-20;4355,86;4314,261016949154;41,59898305084607
2023-01-23;4390,0;4314,261016949154;75,7389830508464
2023-01-24;4380,85;4388,166923076924;-7,316923076923558
2023-01-25;4305,16;4366,098888888889;-60,93888888888887
2023-01-26;4339,21;4314,261016949154;24,948983050846437
2023-01-27;4342,89;4314,261016949154;28,628983050846728
2023-01-30;4270,71;4314,261016949154;-43,55101694915356
2023-01-31;4412,0;4269,387599999999;142,6124000000009
2023-02-01;4374,2;4366,098888888889;8,101111111111095
2023-02-02;4421,3;4442,768235294117;-21,46823529411722
2023-02-03;4434,36;4442,768235294117;-8,40823529411773
2023-02-06;4366,51;4366,098888888889;0,4111111111114951
2023-02-07;4376,62;4442,768235294117;-66,14823529411751
2023-02-08;4403,59;4388,166923076924;15,423076923076223
2023-02-09;4472,59;4388,166923076924;84,42307692307622
2023-02-10;4390,55;4459,615;-69,0649999999996
2023-02-13;4381,81;4366,098888888889;15,711111111111677
2023-02-14;4393,59;4366,098888888889;27,491111111111422
2023-02-15;4409,48;4388,166923076924;21,31307692307564
2023-02-16;4451,18;4366,098888888889;85,08111111111157
2023-02-17;4441,12;4442,768235294117;-1,6482352941175122
2023-02-20;4438,0;4442,768235294117;-4,768235294117403
2023-02-21;4373,65;4388,166923076924;-14,516923076924286
2023-02-22;4329,62;4442,768235294117;-113,14823529411751
2023-02-23;4373,67;4314,261016949154;59,40898305084647
2023-02-24;4365,76;4366,098888888889;-0,3388888888885049
2023-02-27;4367,48;4442,768235294117;-75,28823529411784
2023-02-28;4421,49;4442,768235294117;-21,27823529411762
2023-03-01;4462,97;4366,098888888889;96,87111111111153
2023-03-02;4405,61;4459,615;-54,00500000000011
2023-03-03;4454,68;4442,768235294117;11,911764705882888
2023-03-06;4562,43;4366,098888888889;196,33111111111157
2023-03-07;4586,61;4623,651333333332;-37,04133333333266
2023-03-08;4601,93;4584,169736842104;17,76026315789659
2023-03-09;4636,65;4584,169736842104;52,48026315789593
2023-03-10;4573,09;4676,554117647059;-103,46411764705863
2023-03-13;4490,73;4584,169736842104;-93,43973684210414
2023-03-14;4519,9;4506,24074074074;13,65925925925967
2023-03-15;4388,34;4506,24074074074;-117,90074074073982
2023-03-16;4424,95;4366,098888888889;58,851111111111095
2023-03-17;4416,11;4388,166923076924;27,94307692307575
2023-03-20;4402,71;4442,768235294117;-40,05823529411737
2023-03-21;4428,26;4442,768235294117;-14,508235294117185
2023-03-22;4403,0;4366,098888888889;36,90111111111128
2023-03-23;4412,03;4442,768235294117;-30,738235294117658
2023-03-24;4365,1;4366,098888888889;-0,9988888888883594
2023-03-27;4378,61;4366,098888888889;12,51111111111095
2023-03-28;4407,69;4366,098888888889;41,59111111111088
2023-03-29;4408,75;4388,166923076924;20,583076923076078
2023-03-30;4501,68;4442,768235294117;58,91176470588289
2023-03-31;4504,04;4506,24074074074;-2,2007407407400024
2023-04-03;4498,96;4506,24074074074;-7,28074074073993
2023-04-04;4505,95;4506,24074074074;-0,2907407407401479
2023-04-05;4471,26;4506,24074074074;-34,98074074073975
2023-04-06;4474,1;4506,24074074074;-32,1407407407396
2023-04-11;4553,06;4459,615;93,44500000000062
2023-04-12;4547,61;4623,651333333332;-76,04133333333266
2023-04-13;4581,97;4584,169736842104;-2,199736842103448
2023-04-14;4588,54;4623,651333333332;-35,11133333333237
2023-04-17;4638,05;4584,169736842104;53,88026315789648
2023-04-18;4660,99;4676,554117647059;-15,564117647058993
2023-04-19;4632,02;4640,065652173912;-8,045652173911549
2023-04-20;4624,93;4640,065652173912;-15,135652173911694
2023-04-21;4584,24;4584,169736842104;0,07026315789607906
2023-04-24;4590,76;4584,169736842104;6,590263157896516
2023-04-25;4579,22;4584,169736842104;-4,949736842103448
2023-04-26;4543,14;4584,169736842104;-41,029736842103375
2023-04-27;4618,28;4584,169736842104;34,11026315789604
2023-04-28;4600,36;4623,651333333332;-23,29133333333266
2023-05-02;4580,51;4584,169736842104;-3,6597368421034844
2023-05-04;4528,92;4584,169736842104;-55,24973684210363
2023-05-05;4562,18;4584,169736842104;-21,98973684210341
2023-05-08;4635,88;4623,651333333332;12,228666666667777
2023-05-09;4660,33;4676,554117647059;-16,224117647058847
2023-05-10;4692,15;4640,065652173912;52,08434782608765
2023-05-11;4654,32;4697,717647058824;-43,39764705882408
2023-05-12;4671,81;4676,554117647059;-4,744117647058374
2023-05-15;4669,14;4676,554117647059;-7,414117647058447
2023-05-16;4672,59;4676,554117647059;-3,964117647058629
2023-05-17;4652,64;4640,065652173912;12,574347826088342
2023-05-18;4644,45;4676,554117647059;-32,104117647058956
2023-05-19;4674,52;4676,554117647059;-2,0341176470583378
2023-05-22;4758,59;4640,065652173912;118,52434782608816
2023-05-23;4760,99;4747,706909090912;13,28309090908806
2023-05-24;4652,1;4694,04888888889;-41,94888888889
2023-05-25;4643,41;4676,554117647059;-33,14411764705892
2023-05-26;4685,19;4640,065652173912;45,124347826087615
2023-05-29;4672,74;4697,717647058824;-24,977647058824004
2023-05-30;4635,57;4640,065652173912;-4,495652173912276
2023-05-31;4549,84;4640,065652173912;-90,22565217391184
2023-06-01;4610,96;4527,163076923077;83,79692307692312
2023-06-02;4721,63;4623,651333333332;97,97866666666778
2023-06-05;4709,96;4747,706909090912;-37,746909090911686
2023-06-06;4744,19;4747,706909090912;-3,5169090909121223
2023-06-07;4711,76;4747,706909090912;-35,946909090911504
2023-06-09;4724,97;4747,706909090912;-22,736909090911468
2023-06-12;4689,79;4747,706909090912;-57,91690909091176
2023-06-13;4616,1;4697,717647058824;-81,61764705882342
2023-06-14;4691,4;4584,169736842104;107,23026315789593
2023-06-15;4716,97;4697,717647058824;19,25235294117647
2023-06-16;4722,38;4747,706909090912;-25,326909090911613
2023-06-19;4743,0;4747,706909090912;-4,706909090911722
2023-06-20;4728,91;4747,706909090912;-18,796909090911868
2023-06-21;4747,7;4747,706909090912;-0,006909090911904059
2023-06-22;4785,09;4747,706909090912;37,38309090908842
2023-06-23;4742,8;4800,659682539685;-57,8596825396844
2023-06-26;4765,37;4694,04888888889;71,32111111110953
2023-06-27;4751,48;4747,706909090912;3,7730909090878413
2023-06-28;4798,95;4747,706909090912;51,243090909088096
2023-06-29;4848,04;4800,659682539685;47,38031746031538
2023-06-30;4852,03;4861,126551724138;-9,096551724138408
2023-07-03;4870,1;4861,126551724138;8,97344827586221
2023-07-04;4883,44;4861,126551724138;22,313448275861447
2023-07-05;4860,49;4898,616226415095;-38,126226415095516
2023-07-06;4895,11;4861,126551724138;33,98344827586152
2023-07-07;4916,57;4898,616226415095;17,95377358490441
2023-07-10;4987,16;4933,000588235293;54,15941176470642
2023-07-11;5000,64;4985,6825;14,957500000000437
2023-07-12;5116,85;4985,6825;131,16750000000047
2023-07-13;5087,0;5142,052173913044;-55,05217391304359
2023-07-14;5166,67;5019,178461538461;147,49153846153877
2023-07-17;5256,51;5142,052173913044;114,45782608695663
2023-07-18;5301,39;5261,255999999999;40,134000000000924
2023-07-19;5303,11;5299,868095238095;3,2419047619050616
2023-07-20;5331,39;5299,868095238095;31,521904761905716
2023-07-21;5324,51;5299,868095238095;24,641904761905607
2023-07-24;5328,78;5299,868095238095;28,911904761905134
2023-07-25;5346,03;5299,868095238095;46,161904761905134
2023-07-26;5289,79;5299,868095238095;-10,078095238094647
2023-07-27;5281,26;5299,868095238095;-18,608095238094393
2023-07-28;5271,07;5191,254999999999;79,81500000000051
2023-07-31;5350,36;5261,255999999999;89,10400000000027
2023-08-01;5333,63;5299,868095238095;33,7619047619055
2023-08-02;5264,91;5299,868095238095;-34,95809523809476
2023-08-03;5258,65;5191,254999999999;67,39500000000044
2023-08-04;5284,68;5191,254999999999;93,42500000000109
2023-08-07;5212,34;5299,868095238095;-87,52809523809447
2023-08-08;5161,03;5261,255999999999;-100,22599999999966
2023-08-09;5183,6;5142,052173913044;41,547826086956775
2023-08-10;5201,74;5142,052173913044;59,68782608695619
2023-08-11;5286,38;5261,255999999999;25,124000000000706
2023-08-14;5299,64;5299,868095238095;-0,22809523809428356
2023-08-16;5229,4;5299,868095238095;-70,46809523809497
2023-08-17;5224,3;5261,255999999999;-36,95599999999922
2023-08-18;5219,45;5191,254999999999;28,19500000000062
2023-08-21;5254,37;5261,255999999999;-6,8859999999995125
2023-08-22;5252,82;5261,255999999999;-8,435999999999694
2023-08-23;5225,3;5261,255999999999;-35,95599999999922
2023-08-24;5207,55;5261,255999999999;-53,70599999999922
2023-08-25;5165,6;5191,254999999999;-25,654999999998836
2023-08-28;5201,8;5142,052173913044;59,74782608695659
2023-08-29;5203,63;5191,254999999999;12,37500000000091
2023-08-30;5200,38;5261,255999999999;-60,875999999999294
2023-08-31;5190,71;5261,255999999999;-70,54599999999937
2023-09-01;5181,0;5261,255999999999;-80,2559999999994
2023-09-04;5153,27;5142,052173913044;11,217826086956848
2023-09-05;5124,42;5142,052173913044;-17,632173913043516
2023-09-06;5055,69;5142,052173913044;-86,36217391304399
2023-09-07;5019,82;5019,178461538461;0,6415384615384028
2023-09-08;5092,23;5019,178461538461;73,05153846153826
2023-09-11;5072,97;5019,178461538461;53,79153846153895
2023-09-12;5039,67;5019,178461538461;20,491538461538767
2023-09-13;5072,82;5073,378333333333;-0,558333333333394
2023-09-14;5100,86;5073,378333333333;27,48166666666657
2023-09-15;5091,91;5142,052173913044;-50,142173913043735
2023-09-18;5038,9;5019,178461538461;19,72153846153833
2023-09-19;5033,34;5019,178461538461;14,16153846153884
2023-09-20;5066,88;5073,378333333333;-6,498333333332994
2023-09-21;5031,43;5019,178461538461;12,251538461538985
2023-09-22;5024,08;5019,178461538461;4,901538461538621
2023-09-25;4967,08;5073,378333333333;-106,29833333333318
2023-09-26;4949,21;4985,6825;-36,472499999999854
2023-09-27;4892,13;4933,000588235293;-40,870588235293326
2023-09-28;4869,81;4853,066875000001;16,743124999999054
2023-09-29;4936,38;4861,126551724138;75,25344827586196
2023-10-02;4883,45;4933,000588235293;-49,55058823529362
2023-10-03;4823,34;4853,066875000001;-29,7268750000012
2023-10-04;4881,57;4831,521052631578;50,04894736842198
2023-10-05;4825,79;4853,066875000001;-27,276875000001382
2023-10-06;4816,57;4831,521052631578;-14,951052631578023
2023-10-09;4893,11;4800,659682539685;92,45031746031509
2023-10-10;5004,62;4853,066875000001;151,55312499999854
2023-10-11;5027,27;4985,6825;41,587500000000546
2023-10-12;5027,93;5019,178461538461;8,751538461538985
2023-10-13;5049,72;5019,178461538461;30,54153846153895
2023-10-16;5187,06;5019,178461538461;167,8815384615391
2023-10-17;5289,51;5261,255999999999;28,254000000000815
2023-10-18;5225,56;5299,868095238095;-74,30809523809421
2023-10-19;5136,98;5261,255999999999;-124,27599999999984
2023-10-20;5045,24;5142,052173913044;-96,81217391304381
2023-10-23;5035,45;5019,178461538461;16,271538461538512
2023-10-24;5093,13;5019,178461538461;73,9515384615388
2023-10-25;5153,16;5019,178461538461;133,98153846153855
2023-10-26;5149,61;5142,052173913044;7,557826086956084
2023-10-27;5106,49;5142,052173913044;-35,56217391304381
2023-10-30;5168,7;5142,052173913044;26,64782608695623
2023-10-31;5167,24;5142,052173913044;25,187826086956193
2023-11-02;5172,88;5142,052173913044;30,82782608695652
2023-11-03;5244,41;5142,052173913044;102,35782608695627
2023-11-06;5291,48;5261,255999999999;30,22400000000016
2023-11-07;5251,87;5383,672352941176;-131,80235294117574
2023-11-08;5231,84;5261,255999999999;-29,415999999999258
2023-11-09;5280,98;5191,254999999999;89,72500000000036
2023-11-10;5231,07;5191,254999999999;39,81500000000051
2023-11-13;5178,99;5261,255999999999;-82,26599999999962
2023-11-14;5361,49;5142,052173913044;219,4378260869562
2023-11-15;5333,29;5383,672352941176;-50,38235294117567
2023-11-16;5370,37;5383,672352941176;-13,30235294117574
2023-11-17;5395,8;5383,672352941176;12,12764705882455
2023-11-20;5451,25;5383,672352941176;67,57764705882437
2023-11-21;5494,9;5535,485;-40,585000000000036
2023-11-22;5507,22;5535,485;-28,264999999999418
2023-11-23;5534,84;5415,156000000001;119,68399999999929
2023-11-24;5520,78;5415,156000000001;105,62399999999889
2023-11-27;5512,11;5415,156000000001;96,95399999999881
2023-11-28;5609,78;5415,156000000001;194,6239999999989
2023-11-29;5571,54;5612,7993750000005;-41,259375000000546
2023-11-30;5538,33;5415,156000000001;123,17399999999907
2023-12-01;5644,39;5415,156000000001;229,23399999999947
2023-12-04;5687,28;5663,409444444446;23,870555555553437
2023-12-05;5728,67;5663,409444444446;65,26055555555376
2023-12-06;5729,44;5663,409444444446;66,03055555555329
2023-12-07;5677,61;5663,409444444446;14,200555555553365
2023-12-08;5737,44;5663,409444444446;74,03055555555329
2023-12-11;5768,84;5663,409444444446;105,43055555555384
2023-12-12;5736,2;5663,409444444446;72,79055555555351
2023-12-13;5718,92;5663,409444444446;55,510555555553765
2023-12-14;5759,15;5663,409444444446;95,74055555555333
2023-12-15;5759,63;5663,409444444446;96,2205555555538
2023-12-18;5835,73;5663,409444444446;172,32055555555326
2023-12-19;5879,55;5663,409444444446;216,14055555555387
2023-12-20;5884,53;5663,409444444446;221,12055555555344
2023-12-21;5880,79;5663,409444444446;217,38055555555366
2023-12-22;5864,68;5663,409444444446;201,27055555555398
2023-12-27;5847,11;5663,409444444446;183,70055555555336
2023-12-28;5845,89;5663,409444444446;182,48055555555402
2023-12-29;5785,21;5663,409444444446;121,80055555555373
2024-01-02;5752,15;5663,409444444446;88,74055555555333
2024-01-03;5681,9;5663,409444444446;18,49055555555333
2024-01-04;5717,38;5663,409444444446;53,9705555555538
2024-01-05;5698,34;5663,409444444446;34,93055555555384
2024-01-08;5755,49;5663,409444444446;92,08055555555347
2024-01-09;5804,71;5663,409444444446;141,30055555555373
2024-01-10;5787,02;5663,409444444446;123,61055555555413
2024-01-11;5699,31;5663,409444444446;35,90055555555409
2024-01-12;5703,41;5735,093000000001;-31,683000000000902
2024-01-15;5639,73;5663,409444444446;-23,679444444446744
2024-01-16;5639,58;5612,7993750000005;26,780624999999418
2024-01-17;5533,06;5735,093000000001;-202,03300000000036
2024-01-18;5610,41;5415,156000000001;195,253999999999
2024-01-19;5662,38;5612,7993750000005;49,5806249999996
2024-01-22;5690,76;5663,409444444446;27,35055555555391
2024-01-23;5643,89;5663,409444444446;-19,51944444444598
2024-01-24;5673,37;5663,409444444446;9,960555555553583
2024-01-25;5694,13;5663,409444444446;30,7205555555538
2024-01-26;5707,59;5663,409444444446;44,18055555555384
2024-01-29;5670,48;5663,409444444446;7,0705555555532555
2024-01-30;5738,61;5663,409444444446;75,20055555555336
2024-01-31;5847,28;5663,409444444446;183,87055555555344
2024-02-01;5971,24;5663,409444444446;307,8305555555535
2024-02-02;5992,01;5663,409444444446;328,6005555555539
2024-02-05;5958,42;5663,409444444446;295,01055555555376
2024-02-06;5993,3;5663,409444444446;329,8905555555539
2024-02-07;5982,38;5663,409444444446;318,9705555555538
2024-02-08;5951,89;5663,409444444446;288,480555555554
2024-02-09;5939,24;5663,409444444446;275,8305555555535
2024-02-12;5980,24;5663,409444444446;316,8305555555535
2024-02-13;5892,8;5663,409444444446;229,39055555555387
2024-02-14;5985,83;5663,409444444446;322,4205555555536
2024-02-15;5967,71;5663,409444444446;304,30055555555373
2024-02-16;6025,94;5663,409444444446;362,5305555555533
2024-02-19;6109,48;5663,409444444446;446,07055555555326
2024-02-20;6148,38;5663,409444444446;484,9705555555538
2024-02-21;6127,47;5663,409444444446;464,06055555555395
2024-02-22;6171,8;5663,409444444446;508,3905555555539
2024-02-23;6188,43;5663,409444444446;525,020555555554
2024-02-26;6245,33;5663,409444444446;581,9205555555536
2024-02-27;6264,95;5663,409444444446;601,5405555555535
2024-02-28;6198,23;5663,409444444446;534,8205555555533
2024-02-29;6239,0;5663,409444444446;575,5905555555537
2024-03-01;6250,7;5663,409444444446;587,2905555555535
2024-03-04;6155,07;5663,409444444446;491,6605555555534
2024-03-05;6166,82;5663,409444444446;503,4105555555534
2024-03-06;6201,34;5663,409444444446;537,9305555555538
2024-03-07;6202,68;5663,409444444446;539,270555555554
2024-03-08;6181,25;5663,409444444446;517,8405555555537
2024-03-11;6077,82;5663,409444444446;414,4105555555534
2024-03-12;6153,05;5663,409444444446;489,6405555555539
2024-03-13;6191,54;5663,409444444446;528,1305555555537
2024-03-14;6189,95;5663,409444444446;526,5405555555535
2024-03-15;6166,35;5663,409444444446;502,94055555555406
2024-03-18;6101,8;5663,409444444446;438,3905555555539
2024-03-19;6125,67;5663,409444444446;462,26055555555376
2024-03-20;6077,28;5663,409444444446;413,87055555555344
2024-03-21;6242,53;5663,409444444446;579,1205555555534
2024-03-22;6225,26;5663,409444444446;561,8505555555539
2024-03-25;6212,44;5663,409444444446;549,0305555555533
2024-03-26;6246,19;5663,409444444446;582,7805555555533
2024-03-27;6275,65;5663,409444444446;612,2405555555533
2024-03-28;6326,51;5663,409444444446;663,1005555555539
2024-04-02;6398,58;5663,409444444446;735,1705555555536
2024-04-03;6393,77;5663,409444444446;730,3605555555541
2024-04-04;6453,21;5663,409444444446;789,8005555555537
2024-04-05;6362,74;5663,409444444446;699,3305555555535
2024-04-08;6402,54;5663,409444444446;739,1305555555537
2024-04-09;6312,53;5663,409444444446;649,1205555555534
2024-04-10;6333,03;5663,409444444446;669,6205555555534
2024-04-11;6266,24;5663,409444444446;602,8305555555535
2024-04-12;6236,19;5663,409444444446;572,7805555555533
2024-04-15;6284,19;5663,409444444446;620,7805555555533
2024-04-16;6079,34;5663,409444444446;415,93055555555384
2024-04-17;6140,95;5663,409444444446;477,5405555555535
2024-04-18;6178,52;5663,409444444446;515,1105555555541
2024-04-19;6158,39;5663,409444444446;494,980555555554
2024-04-22;6197,13;5663,409444444446;533,7205555555538
2024-04-23;6243,56;5663,409444444446;580,1505555555541
2024-04-24;6220,39;5663,409444444446;556,980555555554
2024-04-25;6192,78;5663,409444444446;529,3705555555534
2024-04-26;6221,71;5663,409444444446;558,3005555555537
2024-04-29;6292,04;5663,409444444446;628,6305555555537
2024-04-30;6285,32;5663,409444444446;621,9105555555534
2024-05-02;6262,27;5663,409444444446;598,8605555555541
2024-05-06;6369,03;5663,409444444446;705,6205555555534
2024-05-07;6412,43;5663,409444444446;749,020555555554
2024-05-08;6436,44;5663,409444444446;773,0305555555533
2024-05-09;6465,73;5663,409444444446;802,3205555555533
2024-05-10;6491,33;5663,409444444446;827,9205555555536
2024-05-13;6574,47;5663,409444444446;911,060555555554
2024-05-14;6605,56;5663,409444444446;942,1505555555541
2024-05-15;6615,91;5663,409444444446;952,5005555555535
2024-05-16;6635,44;5663,409444444446;972,0305555555533
2024-05-17;6637,27;5663,409444444446;973,8605555555541
2024-05-20;6701,78;5663,409444444446;1038,3705555555534
2024-05-21;6675,93;5663,409444444446;1012,520555555554
2024-05-22;6666,92;5663,409444444446;1003,5105555555538
2024-05-23;6699,58;5735,093000000001;964,4869999999992
2024-05-24;6683,61;5735,093000000001;948,5169999999989
2024-05-27;6670,63;5735,093000000001;935,5369999999994
2024-05-28;6615,99;5735,093000000001;880,896999999999
2024-05-29;6534,71;5735,093000000001;799,6169999999993
2024-05-31;6551,62;5735,093000000001;816,5269999999991
2024-06-03;6617,15;5735,093000000001;882,0569999999989
2024-06-04;6505,49;5735,093000000001;770,396999999999
2024-06-05;6544,23;5735,093000000001;809,1369999999988
2024-06-06;6556,49;5735,093000000001;821,396999999999
2024-06-07;6538,31;5735,093000000001;803,2169999999996
2024-06-10;6517,61;5735,093000000001;782,5169999999989
2024-06-11;6408,87;5663,409444444446;745,4605555555536
2024-06-12;6489,1;5663,409444444446;825,690555555554
2024-06-13;6379,34;5663,409444444446;715,9305555555538
2024-06-14;6311,56;5663,409444444446;648,1505555555541
2024-06-17;6410,1;5663,409444444446;746,690555555554
2024-06-18;6426,69;5663,409444444446;763,2805555555533
2024-06-19;6499,47;5663,409444444446;836,060555555554
2024-06-20;6474,01;5663,409444444446;810,6005555555539
2024-06-21;6452,95;5663,409444444446;789,5405555555535
2024-06-24;6510,87;5663,409444444446;847,4605555555536
2024-06-25;6466,08;5663,409444444446;802,6705555555536
2024-06-26;6439,5;5663,409444444446;776,0905555555537
2024-06-27;6465,93;5663,409444444446;802,520555555554
2024-06-28;6517,71;5663,409444444446;854,3005555555537
2024-07-01;6500,75;5663,409444444446;837,3405555555537
2024-07-02;6400,75;5663,409444444446;737,3405555555537
2024-07-03;6418,18;5663,409444444446;754,770555555554
2024-07-04;6454,62;5663,409444444446;791,2105555555536
2024-07-05;6397,92;5663,409444444446;734,5105555555538
2024-07-08;6433,6;5663,409444444446;770,190555555554
2024-07-09;6461,38;5663,409444444446;797,9705555555538
2024-07-10;6425,12;5663,409444444446;761,7105555555536
2024-07-11;6434,83;5663,409444444446;771,4205555555536
2024-07-12;6462,72;5663,409444444446;799,310555555554
2024-07-15;6415,56;5663,409444444446;752,1505555555541
2024-07-16;6246,51;5663,409444444446;583,1005555555539
2024-07-17;6243,06;5663,409444444446;579,6505555555541
2024-07-18;6325,38;5663,409444444446;661,9705555555538
2024-07-19;6292,82;5663,409444444446;629,4105555555534
2024-07-22;6335,95;5735,093000000001;600,8569999999991
2024-07-23;6234,24;5663,409444444446;570,8305555555535
2024-07-24;6207,39;5663,409444444446;543,980555555554
2024-07-25;6181,1;5663,409444444446;517,690555555554
2024-07-26;6170,84;5663,409444444446;507,43055555555384
2024-07-29;6198,81;5663,409444444446;535,4005555555541
2024-07-30;6192,99;5663,409444444446;529,5805555555535
2024-07-31;6269,27;5663,409444444446;605,8605555555541
2024-08-01;6185,19;5663,409444444446;521,7805555555533
2024-08-02;6076,19;5663,409444444446;412,7805555555533
2024-08-05;5845,94;5663,409444444446;182,5305555555533
2024-08-06;5828,03;5663,409444444446;164,62055555555344
2024-08-07;5898,32;5663,409444444446;234,9105555555534
2024-08-08;5923,53;5663,409444444446;260,12055555555344
2024-08-09;5924,31;5663,409444444446;260,9005555555541
2024-08-12;6091,37;5663,409444444446;427,9605555555536
2024-08-13;6118,69;5663,409444444446;455,2805555555533
2024-08-14;6129,74;5663,409444444446;466,3305555555535
2024-08-16;6255,24;5663,409444444446;591,8305555555535
2024-08-19;6272,41;5663,409444444446;609,0005555555535
2024-08-20;6199,17;5663,409444444446;535,7605555555538
2024-08-21;6212,32;5663,409444444446;548,9105555555534
2024-08-22;6210,07;5663,409444444446;546,6605555555534
2024-08-23;6197,76;5663,409444444446;534,3505555555539
2024-08-26;6191,57;5663,409444444446;528,1605555555534
2024-08-27;6238,07;5663,409444444446;574,6605555555534
2024-08-28;6213,16;5663,409444444446;549,7505555555535
2024-08-29;6292,42;5663,409444444446;629,0105555555538
2024-08-30;6344,45;5663,409444444446;681,0405555555535
2024-09-02;6425,37;5663,409444444446;761,9605555555536
2024-09-03;6333,74;5663,409444444446;670,3305555555535
2024-09-04;6320,23;5663,409444444446;656,8205555555533
2024-09-05;6219,49;5663,409444444446;556,0805555555535
2024-09-06;6100,22;5663,409444444446;436,81055555555395
2024-09-09;6066,79;5663,409444444446;403,38055555555366
2024-09-10;6020,64;5663,409444444446;357,230555555554
2024-09-11;5946,82;5663,409444444446;283,4105555555534
2024-09-12;6100,4;5663,409444444446;436,9905555555533
2024-09-13;6141,81;5663,409444444446;478,4005555555541
2024-09-16;6134,04;5663,409444444446;470,63055555555366
2024-09-17;6186,17;5663,409444444446;522,7605555555538
2024-09-18;6161,43;5663,409444444446;498,020555555554
2024-09-19;6165,35;5663,409444444446;501,94055555555406
2024-09-20;6087,34;5663,409444444446;423,93055555555384
2024-09-23;6082,52;5663,409444444446;419,11055555555413
2024-09-24;6116,37;5663,409444444446;452,9605555555536
2024-09-25;6204,0;5663,409444444446;540,5905555555537
2024-09-26;6237,64;5663,409444444446;574,230555555554
2024-09-27;6266,93;5663,409444444446;603,520555555554
2024-09-30;6201,66;5663,409444444446;538,2505555555535
2024-10-01;6144,54;5663,409444444446;481,13055555555366
2024-10-02;6119,17;5663,409444444446;455,76055555555376
2024-10-03;6074,72;5663,409444444446;411,31055555555395
2024-10-04;6078,26;5663,409444444446;414,8505555555539
2024-10-07;6089,44;5663,409444444446;426,0305555555533
2024-10-08;6074,04;5663,409444444446;410,63055555555366
2024-10-09;6120,03;5663,409444444446;456,62055555555344
2024-10-10;6131,91;5663,409444444446;468,50055555555355
2024-10-11;6184,24;5663,409444444446;520,8305555555535
2024-10-14;6173,62;5663,409444444446;510,2105555555536
2024-10-15;6206,0;5663,409444444446;542,5905555555537
2024-10-16;6222,06;5663,409444444446;558,6505555555541
2024-10-17;6094,53;5735,093000000001;359,436999999999
2024-10-18;6156,18;5663,409444444446;492,770555555554
2024-10-21;6199,49;5663,409444444446;536,0805555555535
2024-10-22;6056,92;5735,093000000001;321,8269999999993
2024-10-23;6058,0;5735,093000000001;322,90699999999924
2024-10-24;6076,44;5663,409444444446;413,0305555555533
2024-10-25;6048,95;5663,409444444446;385,5405555555535
2024-10-28;6026,88;5663,409444444446;363,4705555555538
2024-10-29;6020,36;5663,409444444446;356,95055555555336
2024-10-30;5962,88;5663,409444444446;299,4705555555538
2024-10-31;5966,67;5663,409444444446;303,26055555555376
2024-11-04;6006,04;5663,409444444446;342,63055555555366
2024-11-05;5946,59;5663,409444444446;283,18055555555384
2024-11-06;5987,42;5663,409444444446;324,01055555555376
2024-11-07;6065,81;5663,409444444446;402,4005555555541
2024-11-08;6070,14;5663,409444444446;406,730555555554
2024-11-12;6031,71;5663,409444444446;368,30055555555373
2024-11-13;5989,93;5663,409444444446;326,520555555554
2024-11-14;6093,92;5663,409444444446;430,51055555555376
2024-11-15;6054,48;5663,409444444446;391,07055555555326
2024-11-18;6047,62;5663,409444444446;384,2105555555536
2024-11-19;5930,02;5663,409444444446;266,61055555555413
2024-11-20;5954,66;5663,409444444446;291,25055555555355
2024-11-21;6043,16;5663,409444444446;379,75055555555355
2024-11-22;6059,78;5663,409444444446;396,37055555555344
2024-11-25;6018,02;5663,409444444446;354,61055555555413
2024-11-26;6018,29;5663,409444444446;354,88055555555366
2024-11-27;6009,02;5663,409444444446;345,61055555555413
2024-11-28;6007,6;5663,409444444446;344,19055555555406
2024-11-29;6065,12;5663,409444444446;401,7105555555536
2024-12-02;6151,65;5663,409444444446;488,2405555555533
2024-12-03;6138,81;5663,409444444446;475,4005555555541
2024-12-04;6168,97;5663,409444444446;505,56055555555395
2024-12-05;6191,09;5663,409444444446;527,6805555555538
2024-12-06;6218,82;5663,409444444446;555,4105555555534
2024-12-09;6184,77;5663,409444444446;521,3605555555541
2024-12-10;6175,69;5663,409444444446;512,2805555555533
2024-12-11;6163,53;5663,409444444446;500,12055555555344
2024-12-12;6130,05;5663,409444444446;466,6405555555539
2024-12-13;6132,15;5663,409444444446;468,7405555555533
2024-12-16;6160,04;5663,409444444446;496,63055555555366
2024-12-17;6046,48;5663,409444444446;383,07055555555326
2024-12-18;6076,66;5663,409444444446;413,25055555555355
2024-12-19;6085,66;5663,409444444446;422,25055555555355
2024-12-20;6054,88;5663,409444444446;391,4705555555538
2024-12-23;6087,67;5663,409444444446;424,26055555555376
2024-12-27;6126,16;5663,409444444446;462,75055555555355
2024-12-30;6122,32;5663,409444444446;458,9105555555534
2025-01-02;6234,95;5735,093000000001;499,85699999999906
2025-01-03;6310,39;5735,093000000001;575,2969999999996
2025-01-07;6385,46;5735,093000000001;650,3669999999993
2025-01-08;6326,09;5735,093000000001;590,9969999999994
2025-01-09;6369,46;5735,093000000001;634,3669999999993
2025-01-10;6413,14;5663,409444444446;749,730555555554
2025-01-13;6308,22;5663,409444444446;644,810555555554
2025-01-14;6327,52;5663,409444444446;664,1105555555541
2025-01-15;6394,94;5663,409444444446;731,5305555555533
2025-01-16;6383,13;5663,409444444446;719,7205555555538
2025-01-17;6461,6;5663,409444444446;798,190555555554
2025-01-20;6501,26;5663,409444444446;837,8505555555539
2025-01-21;6489,33;5663,409444444446;825,9205555555536
2025-01-22;6539,11;5663,409444444446;875,7005555555534
2025-01-23;6511,77;5663,409444444446;848,3605555555541
2025-01-24;6564,61;5663,409444444446;901,2005555555534
2025-01-27;6498,59;5663,409444444446;835,1805555555538
2025-01-28;6516,51;5663,409444444446;853,1005555555539
2025-01-29;6516,54;5663,409444444446;853,1305555555537
2025-01-30;6632,2;5663,409444444446;968,7905555555535
2025-01-31;6609,99;5663,409444444446;946,5805555555535
2025-02-03;6515,85;5663,409444444446;852,440555555554
2025-02-04;6573,6;5663,409444444446;910,190555555554
2025-02-05;6514,36;5663,409444444446;850,9505555555534
2025-02-06;6693,33;5663,409444444446;1029,9205555555536
2025-02-07;6706,39;5663,409444444446;1042,980555555554
2025-02-10;6775,66;5663,409444444446;1112,2505555555535
2025-02-11;6896,71;5663,409444444446;1233,3005555555537
2025-02-12;6886,01;5663,409444444446;1222,600555555554
2025-02-13;6854,46;5663,409444444446;1191,0505555555537
2025-02-14;6821,35;5663,409444444446;1157,940555555554
2025-02-17;6855,25;5663,409444444446;1191,8405555555537
2025-02-18;6966,88;5663,409444444446;1303,4705555555538
2025-02-19;6902,68;5663,409444444446;1239,270555555554
2025-02-20;6892,61;5663,409444444446;1229,2005555555534
2025-02-21;6886,5;5663,409444444446;1223,0905555555537
2025-02-24;6790,78;5663,409444444446;1127,3705555555534
2025-02-25;6801,92;5663,409444444446;1138,5105555555538
2025-02-26;6895,56;5663,409444444446;1232,150555555554
2025-02-27;6858,99;5663,409444444446;1195,5805555555535
2025-02-28;6820,93;5663,409444444446;1157,520555555554
2025-03-03;6812,94;5663,409444444446;1149,5305555555533
2025-03-04;6612,56;5663,409444444446;949,1505555555541
2025-03-05;6740,05;5663,409444444446;1076,6405555555539
2025-03-06;6799,64;5663,409444444446;1136,230555555554
2025-03-07;6828,74;5663,409444444446;1165,3305555555535
2025-03-10;6800,61;5663,409444444446;1137,2005555555534
2025-03-11;6777,75;5663,409444444446;1114,3405555555537
2025-03-12;6885,22;5663,409444444446;1221,810555555554
2025-03-13;6916,99;5663,409444444446;1253,5805555555535
2025-03-14;7025,87;5663,409444444446;1362,4605555555536
2025-03-17;7142,83;5663,409444444446;1479,4205555555536
2025-03-18;7194,81;5663,409444444446;1531,400555555554
2025-03-19;7223,21;5663,409444444446;1559,8005555555537
2025-03-20;7177,31;5663,409444444446;1513,900555555554
2025-03-21;7170,31;5663,409444444446;1506,900555555554
2025-03-24;7260,91;5663,409444444446;1597,5005555555535
2025-03-25;7379,34;5663,409444444446;1715,9305555555538
2025-03-26;7344,82;5663,409444444446;1681,4105555555534
2025-03-27;7314,42;5663,409444444446;1651,0105555555538
2025-03-28;7288,69;5663,409444444446;1625,2805555555533
2025-03-31;7184,44;5663,409444444446;1521,0305555555533
2025-04-01;7286,24;5663,409444444446;1622,8305555555535
2025-04-02;7320,93;5663,409444444446;1657,520555555554
2025-04-03;7154,04;5663,409444444446;1490,6305555555537
2025-04-04;6793,8;5663,409444444446;1130,3905555555539
2025-04-07;6706,6;5663,409444444446;1043,190555555554
2025-04-08;6917,66;5663,409444444446;1254,2505555555535
2025-04-09;6772,42;5663,409444444446;1109,0105555555538
2025-04-10;6930,22;5663,409444444446;1266,810555555554
2025-04-11;6951,05;5663,409444444446;1287,6405555555539
2025-04-14;7129,95;5663,409444444446;1466,5405555555535
2025-04-15;7160,91;5663,409444444446;1497,5005555555535
