Data;mwig40_Zamkniecie;Naive_Forecast;Rzeczywisty_Zwrot;Prognozowany_Zwrot
2022-01-03;5382,71;5291,72;90,98999999999978;-7,880000000000109
2022-01-04;5393,03;5382,71;10,319999999999709;90,98999999999978
2022-01-05;5406,56;5393,03;13,530000000000655;10,319999999999709
2022-01-07;5434,91;5406,56;28,349999999999454;13,530000000000655
2022-01-10;5431,53;5434,91;-3,380000000000109;28,349999999999454
2022-01-11;5479,55;5431,53;48,02000000000044;-3,380000000000109
2022-01-12;5548,4;5479,55;68,84999999999945;48,02000000000044
2022-01-13;5541,97;5548,4;-6,4299999999993815;68,84999999999945
2022-01-14;5493,94;5541,97;-48,030000000000655;-6,4299999999993815
2022-01-17;5503,15;5493,94;9,210000000000036;-48,030000000000655
2022-01-18;5406,01;5503,15;-97,13999999999942;9,210000000000036
2022-01-19;5369,59;5406,01;-36,42000000000007;-97,13999999999942
2022-01-20;5340,54;5369,59;-29,050000000000182;-36,42000000000007
2022-01-21;5228,78;5340,54;-111,76000000000022;-29,050000000000182
2022-01-24;5026,64;5228,78;-202,13999999999942;-111,76000000000022
2022-01-25;5076,46;5026,64;49,81999999999971;-202,13999999999942
2022-01-26;5149,96;5076,46;73,5;49,81999999999971
2022-01-27;5175,74;5149,96;25,779999999999745;73,5
2022-01-28;5128,54;5175,74;-47,19999999999982;25,779999999999745
2022-01-31;5106,59;5128,54;-21,949999999999818;-47,19999999999982
2022-02-01;5176,84;5106,59;70,25;-21,949999999999818
2022-02-02;5267,56;5176,84;90,72000000000025;70,25
2022-02-03;5276,91;5267,56;9,349999999999454;90,72000000000025
2022-02-04;5225,86;5276,91;-51,05000000000018;9,349999999999454
2022-02-07;5229,31;5225,86;3,4500000000007276;-51,05000000000018
2022-02-08;5258,08;5229,31;28,769999999999527;3,4500000000007276
2022-02-09;5244,77;5258,08;-13,30999999999949;28,769999999999527
2022-02-10;5214,65;5244,77;-30,1200000000008;-13,30999999999949
2022-02-11;5180,64;5214,65;-34,00999999999931;-30,1200000000008
2022-02-14;5014,58;5180,64;-166,0600000000004;-34,00999999999931
2022-02-15;5139,59;5014,58;125,01000000000022;-166,0600000000004
2022-02-16;5143,31;5139,59;3,7200000000002547;125,01000000000022
2022-02-17;5030,31;5143,31;-113,0;3,7200000000002547
2022-02-18;5005,57;5030,31;-24,74000000000069;-113,0
2022-02-21;4863,73;5005,57;-141,84000000000015;-24,74000000000069
2022-02-22;4903,24;4863,73;39,51000000000022;-141,84000000000015
2022-02-23;4819,57;4903,24;-83,67000000000007;39,51000000000022
2022-02-24;4253,49;4819,57;-566,0799999999999;-83,67000000000007
2022-02-25;4569,02;4253,49;315,53000000000065;-566,0799999999999
2022-02-28;4589,49;4569,02;20,469999999999345;315,53000000000065
2022-03-01;4456,3;4589,49;-133,1899999999996;20,469999999999345
2022-03-02;4447,97;4456,3;-8,329999999999927;-133,1899999999996
2022-03-03;4451,4;4447,97;3,4299999999993815;-8,329999999999927
2022-03-04;4237,7;4451,4;-213,69999999999982;3,4299999999993815
2022-03-07;4209,48;4237,7;-28,220000000000255;-213,69999999999982
2022-03-08;4165,89;4209,48;-43,589999999999236;-28,220000000000255
2022-03-09;4368,06;4165,89;202,17000000000007;-43,589999999999236
2022-03-10;4340,29;4368,06;-27,770000000000437;202,17000000000007
2022-03-11;4387,18;4340,29;46,89000000000033;-27,770000000000437
2022-03-14;4375,39;4387,18;-11,789999999999964;46,89000000000033
2022-03-15;4385,62;4375,39;10,229999999999563;-11,789999999999964
2022-03-16;4562,83;4385,62;177,21000000000004;10,229999999999563
2022-03-17;4654,35;4562,83;91,52000000000044;177,21000000000004
2022-03-18;4671,82;4654,35;17,469999999999345;91,52000000000044
2022-03-21;4676,65;4671,82;4,829999999999927;17,469999999999345
2022-03-22;4711,99;4676,65;35,340000000000146;4,829999999999927
2022-03-23;4732,89;4711,99;20,900000000000546;35,340000000000146
2022-03-24;4794,88;4732,89;61,98999999999978;20,900000000000546
2022-03-25;4771,94;4794,88;-22,94000000000051;61,98999999999978
2022-03-28;4761,97;4771,94;-9,969999999999345;-22,94000000000051
2022-03-29;4783,94;4761,97;21,969999999999345;-9,969999999999345
2022-03-30;4795,24;4783,94;11,300000000000182;21,969999999999345
2022-03-31;4778,07;4795,24;-17,170000000000073;11,300000000000182
2022-04-01;4811,87;4778,07;33,80000000000018;-17,170000000000073
2022-04-04;4840,1;4811,87;28,230000000000473;33,80000000000018
2022-04-05;4816,33;4840,1;-23,770000000000437;28,230000000000473
2022-04-06;4739,74;4816,33;-76,59000000000015;-23,770000000000437
2022-04-07;4701,38;4739,74;-38,35999999999967;-76,59000000000015
2022-04-08;4709,1;4701,38;7,720000000000255;-38,35999999999967
2022-04-11;4720,27;4709,1;11,170000000000073;7,720000000000255
2022-04-12;4709,11;4720,27;-11,160000000000764;11,170000000000073
2022-04-13;4692,24;4709,11;-16,86999999999989;-11,160000000000764
2022-04-14;4671,29;4692,24;-20,949999999999818;-16,86999999999989
2022-04-19;4666,22;4671,29;-5,069999999999709;-20,949999999999818
2022-04-20;4644,34;4666,22;-21,88000000000011;-5,069999999999709
2022-04-21;4631,39;4644,34;-12,949999999999818;-21,88000000000011
2022-04-22;4562,64;4631,39;-68,75;-12,949999999999818
2022-04-25;4476,76;4562,64;-85,88000000000011;-68,75
2022-04-26;4444,09;4476,76;-32,67000000000007;-85,88000000000011
2022-04-27;4321,17;4444,09;-122,92000000000007;-32,67000000000007
2022-04-28;4359,89;4321,17;38,720000000000255;-122,92000000000007
2022-04-29;4370,19;4359,89;10,299999999999272;38,720000000000255
2022-05-02;4321,64;4370,19;-48,54999999999927;10,299999999999272
2022-05-04;4329,37;4321,64;7,729999999999563;-48,54999999999927
2022-05-05;4261,04;4329,37;-68,32999999999993;7,729999999999563
2022-05-06;4218,78;4261,04;-42,26000000000022;-68,32999999999993
2022-05-09;4153,84;4218,78;-64,9399999999996;-42,26000000000022
2022-05-10;4144,59;4153,84;-9,25;-64,9399999999996
2022-05-11;4129,85;4144,59;-14,739999999999782;-9,25
2022-05-12;4073,54;4129,85;-56,3100000000004;-14,739999999999782
2022-05-13;4223,0;4073,54;149,46000000000004;-56,3100000000004
2022-05-16;4271,42;4223,0;48,42000000000007;149,46000000000004
2022-05-17;4326,88;4271,42;55,460000000000036;48,42000000000007
2022-05-18;4321,62;4326,88;-5,260000000000218;55,460000000000036
2022-05-19;4256,57;4321,62;-65,05000000000018;-5,260000000000218
2022-05-20;4254,54;4256,57;-2,0299999999997453;-65,05000000000018
2022-05-23;4351,23;4254,54;96,6899999999996;-2,0299999999997453
2022-05-24;4317,09;4351,23;-34,13999999999942;96,6899999999996
2022-05-25;4299,98;4317,09;-17,110000000000582;-34,13999999999942
2022-05-26;4324,49;4299,98;24,51000000000022;-17,110000000000582
2022-05-27;4320,02;4324,49;-4,469999999999345;24,51000000000022
2022-05-30;4370,43;4320,02;50,409999999999854;-4,469999999999345
2022-05-31;4349,02;4370,43;-21,409999999999854;50,409999999999854
2022-06-01;4335,94;4349,02;-13,080000000000837;-21,409999999999854
2022-06-02;4320,48;4335,94;-15,460000000000036;-13,080000000000837
2022-06-03;4289,17;4320,48;-31,30999999999949;-15,460000000000036
2022-06-06;4320,58;4289,17;31,409999999999854;-31,30999999999949
2022-06-07;4306,65;4320,58;-13,930000000000291;31,409999999999854
2022-06-08;4227,18;4306,65;-79,46999999999935;-13,930000000000291
2022-06-09;4183,95;4227,18;-43,23000000000047;-79,46999999999935
2022-06-10;4123,58;4183,95;-60,36999999999989;-43,23000000000047
2022-06-13;3995,49;4123,58;-128,09000000000015;-60,36999999999989
2022-06-14;3979,86;3995,49;-15,629999999999654;-128,09000000000015
2022-06-15;3992,63;3979,86;12,769999999999982;-15,629999999999654
2022-06-17;3940,71;3992,63;-51,92000000000007;12,769999999999982
2022-06-20;4026,3;3940,71;85,59000000000015;-51,92000000000007
2022-06-21;4105,67;4026,3;79,36999999999989;85,59000000000015
2022-06-22;4025,87;4105,67;-79,80000000000018;79,36999999999989
2022-06-23;3967,27;4025,87;-58,59999999999991;-79,80000000000018
2022-06-24;4026,24;3967,27;58,9699999999998;-58,59999999999991
2022-06-27;4085,99;4026,24;59,75;58,9699999999998
2022-06-28;4107,75;4085,99;21,76000000000022;59,75
2022-06-29;4172,25;4107,75;64,5;21,76000000000022
2022-06-30;4069,37;4172,25;-102,88000000000011;64,5
2022-07-01;4066,98;4069,37;-2,3899999999998727;-102,88000000000011
2022-07-04;4060,21;4066,98;-6,769999999999982;-2,3899999999998727
2022-07-05;3954,91;4060,21;-105,30000000000018;-6,769999999999982
2022-07-06;3910,49;3954,91;-44,42000000000007;-105,30000000000018
2022-07-07;4049,4;3910,49;138,9100000000003;-44,42000000000007
2022-07-08;4031,42;4049,4;-17,980000000000018;138,9100000000003
2022-07-11;4033,67;4031,42;2,25;-17,980000000000018
2022-07-12;3948,04;4033,67;-85,63000000000011;2,25
2022-07-13;3933,37;3948,04;-14,670000000000073;-85,63000000000011
2022-07-14;3892,34;3933,37;-41,029999999999745;-14,670000000000073
2022-07-15;3913,3;3892,34;20,960000000000036;-41,029999999999745
2022-07-18;3981,08;3913,3;67,77999999999975;20,960000000000036
2022-07-19;4011,17;3981,08;30,090000000000146;67,77999999999975
2022-07-20;4053,8;4011,17;42,63000000000011;30,090000000000146
2022-07-21;4031,73;4053,8;-22,070000000000164;42,63000000000011
2022-07-22;4072,11;4031,73;40,38000000000011;-22,070000000000164
2022-07-25;4057,52;4072,11;-14,590000000000146;40,38000000000011
2022-07-26;3976,37;4057,52;-81,15000000000009;-14,590000000000146
2022-07-27;3955,55;3976,37;-20,81999999999971;-81,15000000000009
2022-07-28;3980,3;3955,55;24,75;-20,81999999999971
2022-07-29;4151,32;3980,3;171,01999999999953;24,75
2022-08-01;4136,22;4151,32;-15,099999999999454;171,01999999999953
2022-08-02;4105,73;4136,22;-30,49000000000069;-15,099999999999454
2022-08-03;4197,7;4105,73;91,97000000000025;-30,49000000000069
2022-08-04;4127,62;4197,7;-70,07999999999993;91,97000000000025
2022-08-05;4124,32;4127,62;-3,300000000000182;-70,07999999999993
2022-08-08;4188,73;4124,32;64,40999999999985;-3,300000000000182
2022-08-09;4181,2;4188,73;-7,529999999999745;64,40999999999985
2022-08-10;4181,55;4181,2;0,3500000000003638;-7,529999999999745
2022-08-11;4220,12;4181,55;38,56999999999971;0,3500000000003638
2022-08-12;4228,93;4220,12;8,8100000000004;38,56999999999971
2022-08-16;4279,46;4228,93;50,529999999999745;8,8100000000004
2022-08-17;4214,11;4279,46;-65,35000000000036;50,529999999999745
2022-08-18;4208,13;4214,11;-5,979999999999563;-65,35000000000036
2022-08-19;4125,86;4208,13;-82,27000000000044;-5,979999999999563
2022-08-22;4040,22;4125,86;-85,63999999999987;-82,27000000000044
2022-08-23;4024,53;4040,22;-15,6899999999996;-85,63999999999987
2022-08-24;3969,82;4024,53;-54,710000000000036;-15,6899999999996
2022-08-25;4006,49;3969,82;36,66999999999962;-54,710000000000036
2022-08-26;3959,61;4006,49;-46,879999999999654;36,66999999999962
2022-08-29;3860,98;3959,61;-98,63000000000011;-46,879999999999654
2022-08-30;3795,81;3860,98;-65,17000000000007;-98,63000000000011
2022-08-31;3838,57;3795,81;42,76000000000022;-65,17000000000007
2022-09-01;3777,8;3838,57;-60,76999999999998;42,76000000000022
2022-09-02;3858,81;3777,8;81,00999999999976;-60,76999999999998
2022-09-05;3869,16;3858,81;10,349999999999909;81,00999999999976
2022-09-06;3841,04;3869,16;-28,11999999999989;10,349999999999909
2022-09-07;3872,58;3841,04;31,539999999999964;-28,11999999999989
2022-09-08;3915,93;3872,58;43,34999999999991;31,539999999999964
2022-09-09;3993,46;3915,93;77,5300000000002;43,34999999999991
2022-09-12;3995,05;3993,46;1,5900000000001455;77,5300000000002
2022-09-13;3901,79;3995,05;-93,26000000000022;1,5900000000001455
2022-09-14;3903,37;3901,79;1,5799999999999272;-93,26000000000022
2022-09-15;3909,41;3903,37;6,039999999999964;1,5799999999999272
2022-09-16;3775,03;3909,41;-134,37999999999965;6,039999999999964
2022-09-19;3822,31;3775,03;47,279999999999745;-134,37999999999965
2022-09-20;3768,31;3822,31;-54,0;47,279999999999745
2022-09-21;3752,25;3768,31;-16,059999999999945;-54,0
2022-09-22;3777,52;3752,25;25,269999999999982;-16,059999999999945
2022-09-23;3678,0;3777,52;-99,51999999999998;25,269999999999982
2022-09-26;3597,78;3678,0;-80,2199999999998;-99,51999999999998
2022-09-27;3627,95;3597,78;30,169999999999618;-80,2199999999998
2022-09-28;3612,9;3627,95;-15,049999999999727;30,169999999999618
2022-09-29;3503,5;3612,9;-109,40000000000009;-15,049999999999727
2022-09-30;3552,54;3503,5;49,039999999999964;-109,40000000000009
2022-10-03;3600,8;3552,54;48,26000000000022;49,039999999999964
2022-10-04;3713,81;3600,8;113,00999999999976;48,26000000000022
2022-10-05;3626,24;3713,81;-87,57000000000016;113,00999999999976
2022-10-06;3667,1;3626,24;40,86000000000013;-87,57000000000016
2022-10-07;3633,99;3667,1;-33,11000000000013;40,86000000000013
2022-10-10;3561,67;3633,99;-72,31999999999971;-33,11000000000013
2022-10-11;3593,37;3561,67;31,699999999999818;-72,31999999999971
2022-10-12;3584,05;3593,37;-9,319999999999709;31,699999999999818
2022-10-13;3581,95;3584,05;-2,100000000000364;-9,319999999999709
2022-10-14;3597,96;3581,95;16,01000000000022;-2,100000000000364
2022-10-17;3632,98;3597,96;35,01999999999998;16,01000000000022
2022-10-18;3637,54;3632,98;4,559999999999945;35,01999999999998
2022-10-19;3579,61;3637,54;-57,929999999999836;4,559999999999945
2022-10-20;3621,09;3579,61;41,48000000000002;-57,929999999999836
2022-10-21;3558,81;3621,09;-62,2800000000002;41,48000000000002
2022-10-24;3591,31;3558,81;32,5;-62,2800000000002
2022-10-25;3620,91;3591,31;29,59999999999991;32,5
2022-10-26;3711,38;3620,91;90,47000000000025;29,59999999999991
2022-10-27;3734,09;3711,38;22,710000000000036;90,47000000000025
2022-10-28;3747,1;3734,09;13,009999999999764;22,710000000000036
2022-10-31;3824,04;3747,1;76,94000000000005;13,009999999999764
2022-11-02;3832,98;3824,04;8,940000000000055;76,94000000000005
2022-11-03;3799,19;3832,98;-33,789999999999964;8,940000000000055
2022-11-04;3937,51;3799,19;138,32000000000016;-33,789999999999964
2022-11-07;3934,24;3937,51;-3,2700000000004366;138,32000000000016
2022-11-08;3931,29;3934,24;-2,949999999999818;-3,2700000000004366
2022-11-09;3934,35;3931,29;3,0599999999999454;-2,949999999999818
2022-11-10;3958,49;3934,35;24,139999999999873;3,0599999999999454
2022-11-14;4013,7;3958,49;55,210000000000036;24,139999999999873
2022-11-15;4007,62;4013,7;-6,079999999999927;55,210000000000036
2022-11-16;3965,01;4007,62;-42,60999999999967;-6,079999999999927
2022-11-17;3939,24;3965,01;-25,770000000000437;-42,60999999999967
2022-11-18;3972,77;3939,24;33,5300000000002;-25,770000000000437
2022-11-21;3913,54;3972,77;-59,23000000000002;33,5300000000002
2022-11-22;3979,74;3913,54;66,19999999999982;-59,23000000000002
2022-11-23;3982,71;3979,74;2,9700000000002547;66,19999999999982
2022-11-24;4016,9;3982,71;34,190000000000055;2,9700000000002547
2022-11-25;4059,51;4016,9;42,61000000000013;34,190000000000055
2022-11-28;4070,32;4059,51;10,809999999999945;42,61000000000013
2022-11-29;4087,13;4070,32;16,809999999999945;10,809999999999945
2022-11-30;4108,81;4087,13;21,68000000000029;16,809999999999945
2022-12-01;4150,31;4108,81;41,5;21,68000000000029
2022-12-02;4170,01;4150,31;19,699999999999818;41,5
2022-12-05;4143,76;4170,01;-26,25;19,699999999999818
2022-12-06;4049,0;4143,76;-94,76000000000022;-26,25
2022-12-07;4061,8;4049,0;12,800000000000182;-94,76000000000022
2022-12-08;4040,17;4061,8;-21,63000000000011;12,800000000000182
2022-12-09;4045,72;4040,17;5,549999999999727;-21,63000000000011
2022-12-12;4082,33;4045,72;36,61000000000013;5,549999999999727
2022-12-13;4144,54;4082,33;62,210000000000036;36,61000000000013
2022-12-14;4145,72;4144,54;1,180000000000291;62,210000000000036
2022-12-15;4055,73;4145,72;-89,99000000000024;1,180000000000291
2022-12-16;4036,25;4055,73;-19,480000000000018;-89,99000000000024
2022-12-19;4050,78;4036,25;14,5300000000002;-19,480000000000018
2022-12-20;4102,04;4050,78;51,25999999999976;14,5300000000002
2022-12-21;4139,11;4102,04;37,06999999999971;51,25999999999976
2022-12-22;4119,27;4139,11;-19,839999999999236;37,06999999999971
2022-12-23;4099,89;4119,27;-19,38000000000011;-19,839999999999236
2022-12-27;4069,05;4099,89;-30,840000000000146;-19,38000000000011
2022-12-28;4069,27;4069,05;0,2199999999997999;-30,840000000000146
2022-12-29;4128,48;4069,27;59,20999999999958;0,2199999999997999
2022-12-30;4154,32;4128,48;25,840000000000146;59,20999999999958
2023-01-02;4198,67;4154,32;44,350000000000364;25,840000000000146
2023-01-03;4303,33;4198,67;104,65999999999985;44,350000000000364
2023-01-04;4389,26;4303,33;85,93000000000029;104,65999999999985
2023-01-05;4397,18;4389,26;7,920000000000073;85,93000000000029
2023-01-09;4448,1;4397,18;50,92000000000007;7,920000000000073
2023-01-10;4448,73;4448,1;0,6299999999991996;50,92000000000007
2023-01-11;4394,24;4448,73;-54,48999999999978;0,6299999999991996
2023-01-12;4427,26;4394,24;33,02000000000044;-54,48999999999978
2023-01-13;4407,17;4427,26;-20,090000000000146;33,02000000000044
2023-01-16;4413,34;4407,17;6,170000000000073;-20,090000000000146
2023-01-17;4345,24;4413,34;-68,10000000000036;6,170000000000073
2023-01-18;4328,56;4345,24;-16,67999999999938;-68,10000000000036
2023-01-19;4312,67;4328,56;-15,890000000000327;-16,67999999999938
2023-01-20;4355,86;4312,67;43,1899999999996;-15,890000000000327
2023-01-23;4390,0;4355,86;34,14000000000033;43,1899999999996
2023-01-24;4380,85;4390,0;-9,149999999999636;34,14000000000033
2023-01-25;4305,16;4380,85;-75,69000000000051;-9,149999999999636
2023-01-26;4339,21;4305,16;34,05000000000018;-75,69000000000051
2023-01-27;4342,89;4339,21;3,680000000000291;34,05000000000018
2023-01-30;4270,71;4342,89;-72,18000000000029;3,680000000000291
2023-01-31;4412,0;4270,71;141,28999999999996;-72,18000000000029
2023-02-01;4374,2;4412,0;-37,80000000000018;141,28999999999996
2023-02-02;4421,3;4374,2;47,100000000000364;-37,80000000000018
2023-02-03;4434,36;4421,3;13,05999999999949;47,100000000000364
2023-02-06;4366,51;4434,36;-67,84999999999945;13,05999999999949
2023-02-07;4376,62;4366,51;10,109999999999673;-67,84999999999945
2023-02-08;4403,59;4376,62;26,970000000000255;10,109999999999673
2023-02-09;4472,59;4403,59;69,0;26,970000000000255
2023-02-10;4390,55;4472,59;-82,03999999999996;69,0
2023-02-13;4381,81;4390,55;-8,739999999999782;-82,03999999999996
2023-02-14;4393,59;4381,81;11,779999999999745;-8,739999999999782
2023-02-15;4409,48;4393,59;15,889999999999418;11,779999999999745
2023-02-16;4451,18;4409,48;41,70000000000073;15,889999999999418
2023-02-17;4441,12;4451,18;-10,0600000000004;41,70000000000073
2023-02-20;4438,0;4441,12;-3,119999999999891;-10,0600000000004
2023-02-21;4373,65;4438,0;-64,35000000000036;-3,119999999999891
2023-02-22;4329,62;4373,65;-44,029999999999745;-64,35000000000036
2023-02-23;4373,67;4329,62;44,05000000000018;-44,029999999999745
2023-02-24;4365,76;4373,67;-7,9099999999998545;44,05000000000018
2023-02-27;4367,48;4365,76;1,7199999999993452;-7,9099999999998545
2023-02-28;4421,49;4367,48;54,01000000000022;1,7199999999993452
2023-03-01;4462,97;4421,49;41,48000000000047;54,01000000000022
2023-03-02;4405,61;4462,97;-57,36000000000058;41,48000000000047
2023-03-03;4454,68;4405,61;49,07000000000062;-57,36000000000058
2023-03-06;4562,43;4454,68;107,75;49,07000000000062
2023-03-07;4586,61;4562,43;24,17999999999938;107,75
2023-03-08;4601,93;4586,61;15,320000000000618;24,17999999999938
2023-03-09;4636,65;4601,93;34,719999999999345;15,320000000000618
2023-03-10;4573,09;4636,65;-63,55999999999949;34,719999999999345
2023-03-13;4490,73;4573,09;-82,36000000000058;-63,55999999999949
2023-03-14;4519,9;4490,73;29,170000000000073;-82,36000000000058
2023-03-15;4388,34;4519,9;-131,5599999999995;29,170000000000073
2023-03-16;4424,95;4388,34;36,60999999999967;-131,5599999999995
2023-03-17;4416,11;4424,95;-8,840000000000146;36,60999999999967
2023-03-20;4402,71;4416,11;-13,399999999999636;-8,840000000000146
2023-03-21;4428,26;4402,71;25,550000000000182;-13,399999999999636
2023-03-22;4403,0;4428,26;-25,26000000000022;25,550000000000182
2023-03-23;4412,03;4403,0;9,029999999999745;-25,26000000000022
2023-03-24;4365,1;4412,03;-46,92999999999938;9,029999999999745
2023-03-27;4378,61;4365,1;13,509999999999309;-46,92999999999938
2023-03-28;4407,69;4378,61;29,079999999999927;13,509999999999309
2023-03-29;4408,75;4407,69;1,0600000000004002;29,079999999999927
2023-03-30;4501,68;4408,75;92,93000000000029;1,0600000000004002
2023-03-31;4504,04;4501,68;2,3599999999996726;92,93000000000029
2023-04-03;4498,96;4504,04;-5,079999999999927;2,3599999999996726
2023-04-04;4505,95;4498,96;6,989999999999782;-5,079999999999927
2023-04-05;4471,26;4505,95;-34,6899999999996;6,989999999999782
2023-04-06;4474,1;4471,26;2,8400000000001455;-34,6899999999996
2023-04-11;4553,06;4474,1;78,96000000000004;2,8400000000001455
2023-04-12;4547,61;4553,06;-5,450000000000728;78,96000000000004
2023-04-13;4581,97;4547,61;34,36000000000058;-5,450000000000728
2023-04-14;4588,54;4581,97;6,569999999999709;34,36000000000058
2023-04-17;4638,05;4588,54;49,51000000000022;6,569999999999709
2023-04-18;4660,99;4638,05;22,9399999999996;49,51000000000022
2023-04-19;4632,02;4660,99;-28,969999999999345;22,9399999999996
2023-04-20;4624,93;4632,02;-7,0900000000001455;-28,969999999999345
2023-04-21;4584,24;4624,93;-40,69000000000051;-7,0900000000001455
2023-04-24;4590,76;4584,24;6,520000000000437;-40,69000000000051
2023-04-25;4579,22;4590,76;-11,539999999999964;6,520000000000437
2023-04-26;4543,14;4579,22;-36,07999999999993;-11,539999999999964
2023-04-27;4618,28;4543,14;75,13999999999942;-36,07999999999993
2023-04-28;4600,36;4618,28;-17,920000000000073;75,13999999999942
2023-05-02;4580,51;4600,36;-19,849999999999454;-17,920000000000073
2023-05-04;4528,92;4580,51;-51,590000000000146;-19,849999999999454
2023-05-05;4562,18;4528,92;33,26000000000022;-51,590000000000146
2023-05-08;4635,88;4562,18;73,69999999999982;33,26000000000022
2023-05-09;4660,33;4635,88;24,449999999999818;73,69999999999982
2023-05-10;4692,15;4660,33;31,81999999999971;24,449999999999818
2023-05-11;4654,32;4692,15;-37,82999999999993;31,81999999999971
2023-05-12;4671,81;4654,32;17,49000000000069;-37,82999999999993
2023-05-15;4669,14;4671,81;-2,6700000000000728;17,49000000000069
2023-05-16;4672,59;4669,14;3,449999999999818;-2,6700000000000728
2023-05-17;4652,64;4672,59;-19,949999999999818;3,449999999999818
2023-05-18;4644,45;4652,64;-8,19000000000051;-19,949999999999818
2023-05-19;4674,52;4644,45;30,07000000000062;-8,19000000000051
2023-05-22;4758,59;4674,52;84,06999999999971;30,07000000000062
2023-05-23;4760,99;4758,59;2,399999999999636;84,06999999999971
2023-05-24;4652,1;4760,99;-108,88999999999942;2,399999999999636
2023-05-25;4643,41;4652,1;-8,69000000000051;-108,88999999999942
2023-05-26;4685,19;4643,41;41,779999999999745;-8,69000000000051
2023-05-29;4672,74;4685,19;-12,449999999999818;41,779999999999745
2023-05-30;4635,57;4672,74;-37,17000000000007;-12,449999999999818
2023-05-31;4549,84;4635,57;-85,72999999999956;-37,17000000000007
2023-06-01;4610,96;4549,84;61,11999999999989;-85,72999999999956
2023-06-02;4721,63;4610,96;110,67000000000007;61,11999999999989
2023-06-05;4709,96;4721,63;-11,670000000000073;110,67000000000007
2023-06-06;4744,19;4709,96;34,22999999999956;-11,670000000000073
2023-06-07;4711,76;4744,19;-32,42999999999938;34,22999999999956
2023-06-09;4724,97;4711,76;13,210000000000036;-32,42999999999938
2023-06-12;4689,79;4724,97;-35,18000000000029;13,210000000000036
2023-06-13;4616,1;4689,79;-73,6899999999996;-35,18000000000029
2023-06-14;4691,4;4616,1;75,29999999999927;-73,6899999999996
2023-06-15;4716,97;4691,4;25,57000000000062;75,29999999999927
2023-06-16;4722,38;4716,97;5,4099999999998545;25,57000000000062
2023-06-19;4743,0;4722,38;20,61999999999989;5,4099999999998545
2023-06-20;4728,91;4743,0;-14,090000000000146;20,61999999999989
2023-06-21;4747,7;4728,91;18,789999999999964;-14,090000000000146
2023-06-22;4785,09;4747,7;37,39000000000033;18,789999999999964
2023-06-23;4742,8;4785,09;-42,289999999999964;37,39000000000033
2023-06-26;4765,37;4742,8;22,56999999999971;-42,289999999999964
2023-06-27;4751,48;4765,37;-13,890000000000327;22,56999999999971
2023-06-28;4798,95;4751,48;47,470000000000255;-13,890000000000327
2023-06-29;4848,04;4798,95;49,090000000000146;47,470000000000255
2023-06-30;4852,03;4848,04;3,9899999999997817;49,090000000000146
2023-07-03;4870,1;4852,03;18,07000000000062;3,9899999999997817
2023-07-04;4883,44;4870,1;13,339999999999236;18,07000000000062
2023-07-05;4860,49;4883,44;-22,949999999999818;13,339999999999236
2023-07-06;4895,11;4860,49;34,61999999999989;-22,949999999999818
2023-07-07;4916,57;4895,11;21,460000000000036;34,61999999999989
2023-07-10;4987,16;4916,57;70,59000000000015;21,460000000000036
2023-07-11;5000,64;4987,16;13,480000000000473;70,59000000000015
2023-07-12;5116,85;5000,64;116,21000000000004;13,480000000000473
2023-07-13;5087,0;5116,85;-29,850000000000364;116,21000000000004
2023-07-14;5166,67;5087,0;79,67000000000007;-29,850000000000364
2023-07-17;5256,51;5166,67;89,84000000000015;79,67000000000007
2023-07-18;5301,39;5256,51;44,88000000000011;89,84000000000015
2023-07-19;5303,11;5301,39;1,7199999999993452;44,88000000000011
2023-07-20;5331,39;5303,11;28,280000000000655;1,7199999999993452
2023-07-21;5324,51;5331,39;-6,880000000000109;28,280000000000655
2023-07-24;5328,78;5324,51;4,269999999999527;-6,880000000000109
2023-07-25;5346,03;5328,78;17,25;4,269999999999527
2023-07-26;5289,79;5346,03;-56,23999999999978;17,25
2023-07-27;5281,26;5289,79;-8,529999999999745;-56,23999999999978
2023-07-28;5271,07;5281,26;-10,19000000000051;-8,529999999999745
2023-07-31;5350,36;5271,07;79,28999999999996;-10,19000000000051
2023-08-01;5333,63;5350,36;-16,729999999999563;79,28999999999996
2023-08-02;5264,91;5333,63;-68,72000000000025;-16,729999999999563
2023-08-03;5258,65;5264,91;-6,260000000000218;-68,72000000000025
2023-08-04;5284,68;5258,65;26,030000000000655;-6,260000000000218
2023-08-07;5212,34;5284,68;-72,34000000000015;26,030000000000655
2023-08-08;5161,03;5212,34;-51,3100000000004;-72,34000000000015
2023-08-09;5183,6;5161,03;22,57000000000062;-51,3100000000004
2023-08-10;5201,74;5183,6;18,139999999999418;22,57000000000062
2023-08-11;5286,38;5201,74;84,64000000000033;18,139999999999418
2023-08-14;5299,64;5286,38;13,260000000000218;84,64000000000033
2023-08-16;5229,4;5299,64;-70,24000000000069;13,260000000000218
2023-08-17;5224,3;5229,4;-5,099999999999454;-70,24000000000069
2023-08-18;5219,45;5224,3;-4,850000000000364;-5,099999999999454
2023-08-21;5254,37;5219,45;34,92000000000007;-4,850000000000364
2023-08-22;5252,82;5254,37;-1,550000000000182;34,92000000000007
2023-08-23;5225,3;5252,82;-27,519999999999527;-1,550000000000182
2023-08-24;5207,55;5225,3;-17,75;-27,519999999999527
2023-08-25;5165,6;5207,55;-41,94999999999982;-17,75
2023-08-28;5201,8;5165,6;36,19999999999982;-41,94999999999982
2023-08-29;5203,63;5201,8;1,8299999999999272;36,19999999999982
2023-08-30;5200,38;5203,63;-3,25;1,8299999999999272
2023-08-31;5190,71;5200,38;-9,670000000000073;-3,25
2023-09-01;5181,0;5190,71;-9,710000000000036;-9,670000000000073
2023-09-04;5153,27;5181,0;-27,729999999999563;-9,710000000000036
2023-09-05;5124,42;5153,27;-28,850000000000364;-27,729999999999563
2023-09-06;5055,69;5124,42;-68,73000000000047;-28,850000000000364
2023-09-07;5019,82;5055,69;-35,86999999999989;-68,73000000000047
2023-09-08;5092,23;5019,82;72,40999999999985;-35,86999999999989
2023-09-11;5072,97;5092,23;-19,25999999999931;72,40999999999985
2023-09-12;5039,67;5072,97;-33,30000000000018;-19,25999999999931
2023-09-13;5072,82;5039,67;33,149999999999636;-33,30000000000018
2023-09-14;5100,86;5072,82;28,039999999999964;33,149999999999636
2023-09-15;5091,91;5100,86;-8,949999999999818;28,039999999999964
2023-09-18;5038,9;5091,91;-53,01000000000022;-8,949999999999818
2023-09-19;5033,34;5038,9;-5,559999999999491;-53,01000000000022
2023-09-20;5066,88;5033,34;33,539999999999964;-5,559999999999491
2023-09-21;5031,43;5066,88;-35,44999999999982;33,539999999999964
2023-09-22;5024,08;5031,43;-7,350000000000364;-35,44999999999982
2023-09-25;4967,08;5024,08;-57,0;-7,350000000000364
2023-09-26;4949,21;4967,08;-17,86999999999989;-57,0
2023-09-27;4892,13;4949,21;-57,07999999999993;-17,86999999999989
2023-09-28;4869,81;4892,13;-22,31999999999971;-57,07999999999993
2023-09-29;4936,38;4869,81;66,56999999999971;-22,31999999999971
2023-10-02;4883,45;4936,38;-52,93000000000029;66,56999999999971
2023-10-03;4823,34;4883,45;-60,10999999999967;-52,93000000000029
2023-10-04;4881,57;4823,34;58,22999999999956;-60,10999999999967
2023-10-05;4825,79;4881,57;-55,779999999999745;58,22999999999956
2023-10-06;4816,57;4825,79;-9,220000000000255;-55,779999999999745
2023-10-09;4893,11;4816,57;76,53999999999996;-9,220000000000255
2023-10-10;5004,62;4893,11;111,51000000000022;76,53999999999996
2023-10-11;5027,27;5004,62;22,650000000000546;111,51000000000022
2023-10-12;5027,93;5027,27;0,6599999999998545;22,650000000000546
2023-10-13;5049,72;5027,93;21,789999999999964;0,6599999999998545
2023-10-16;5187,06;5049,72;137,34000000000015;21,789999999999964
2023-10-17;5289,51;5187,06;102,44999999999982;137,34000000000015
2023-10-18;5225,56;5289,51;-63,94999999999982;102,44999999999982
2023-10-19;5136,98;5225,56;-88,58000000000084;-63,94999999999982
2023-10-20;5045,24;5136,98;-91,73999999999978;-88,58000000000084
2023-10-23;5035,45;5045,24;-9,789999999999964;-91,73999999999978
2023-10-24;5093,13;5035,45;57,68000000000029;-9,789999999999964
2023-10-25;5153,16;5093,13;60,029999999999745;57,68000000000029
2023-10-26;5149,61;5153,16;-3,550000000000182;60,029999999999745
2023-10-27;5106,49;5149,61;-43,11999999999989;-3,550000000000182
2023-10-30;5168,7;5106,49;62,210000000000036;-43,11999999999989
2023-10-31;5167,24;5168,7;-1,4600000000000364;62,210000000000036
2023-11-02;5172,88;5167,24;5,640000000000327;-1,4600000000000364
2023-11-03;5244,41;5172,88;71,52999999999975;5,640000000000327
2023-11-06;5291,48;5244,41;47,06999999999971;71,52999999999975
2023-11-07;5251,87;5291,48;-39,60999999999967;47,06999999999971
2023-11-08;5231,84;5251,87;-20,029999999999745;-39,60999999999967
2023-11-09;5280,98;5231,84;49,13999999999942;-20,029999999999745
2023-11-10;5231,07;5280,98;-49,909999999999854;49,13999999999942
2023-11-13;5178,99;5231,07;-52,07999999999993;-49,909999999999854
2023-11-14;5361,49;5178,99;182,5;-52,07999999999993
2023-11-15;5333,29;5361,49;-28,199999999999818;182,5
2023-11-16;5370,37;5333,29;37,07999999999993;-28,199999999999818
2023-11-17;5395,8;5370,37;25,43000000000029;37,07999999999993
2023-11-20;5451,25;5395,8;55,44999999999982;25,43000000000029
2023-11-21;5494,9;5451,25;43,649999999999636;55,44999999999982
2023-11-22;5507,22;5494,9;12,320000000000618;43,649999999999636
2023-11-23;5534,84;5507,22;27,61999999999989;12,320000000000618
2023-11-24;5520,78;5534,84;-14,0600000000004;27,61999999999989
2023-11-27;5512,11;5520,78;-8,670000000000073;-14,0600000000004
2023-11-28;5609,78;5512,11;97,67000000000007;-8,670000000000073
2023-11-29;5571,54;5609,78;-38,23999999999978;97,67000000000007
2023-11-30;5538,33;5571,54;-33,210000000000036;-38,23999999999978
2023-12-01;5644,39;5538,33;106,0600000000004;-33,210000000000036
2023-12-04;5687,28;5644,39;42,88999999999942;106,0600000000004
2023-12-05;5728,67;5687,28;41,39000000000033;42,88999999999942
2023-12-06;5729,44;5728,67;0,7699999999995271;41,39000000000033
2023-12-07;5677,61;5729,44;-51,82999999999993;0,7699999999995271
2023-12-08;5737,44;5677,61;59,82999999999993;-51,82999999999993
2023-12-11;5768,84;5737,44;31,400000000000546;59,82999999999993
2023-12-12;5736,2;5768,84;-32,64000000000033;31,400000000000546
2023-12-13;5718,92;5736,2;-17,279999999999745;-32,64000000000033
2023-12-14;5759,15;5718,92;40,22999999999956;-17,279999999999745
2023-12-15;5759,63;5759,15;0,48000000000047294;40,22999999999956
2023-12-18;5835,73;5759,63;76,09999999999945;0,48000000000047294
2023-12-19;5879,55;5835,73;43,82000000000062;76,09999999999945
2023-12-20;5884,53;5879,55;4,979999999999563;43,82000000000062
2023-12-21;5880,79;5884,53;-3,7399999999997817;4,979999999999563
2023-12-22;5864,68;5880,79;-16,109999999999673;-3,7399999999997817
2023-12-27;5847,11;5864,68;-17,57000000000062;-16,109999999999673
2023-12-28;5845,89;5847,11;-1,2199999999993452;-17,57000000000062
2023-12-29;5785,21;5845,89;-60,68000000000029;-1,2199999999993452
2024-01-02;5752,15;5785,21;-33,0600000000004;-60,68000000000029
2024-01-03;5681,9;5752,15;-70,25;-33,0600000000004
2024-01-04;5717,38;5681,9;35,48000000000047;-70,25
2024-01-05;5698,34;5717,38;-19,039999999999964;35,48000000000047
2024-01-08;5755,49;5698,34;57,149999999999636;-19,039999999999964
2024-01-09;5804,71;5755,49;49,220000000000255;57,149999999999636
2024-01-10;5787,02;5804,71;-17,6899999999996;49,220000000000255
2024-01-11;5699,31;5787,02;-87,71000000000004;-17,6899999999996
2024-01-12;5703,41;5699,31;4,099999999999454;-87,71000000000004
2024-01-15;5639,73;5703,41;-63,68000000000029;4,099999999999454
2024-01-16;5639,58;5639,73;-0,1499999999996362;-63,68000000000029
2024-01-17;5533,06;5639,58;-106,51999999999953;-0,1499999999996362
2024-01-18;5610,41;5533,06;77,34999999999945;-106,51999999999953
2024-01-19;5662,38;5610,41;51,970000000000255;77,34999999999945
2024-01-22;5690,76;5662,38;28,38000000000011;51,970000000000255
2024-01-23;5643,89;5690,76;-46,86999999999989;28,38000000000011
2024-01-24;5673,37;5643,89;29,479999999999563;-46,86999999999989
2024-01-25;5694,13;5673,37;20,76000000000022;29,479999999999563
2024-01-26;5707,59;5694,13;13,460000000000036;20,76000000000022
2024-01-29;5670,48;5707,59;-37,11000000000058;13,460000000000036
2024-01-30;5738,61;5670,48;68,13000000000011;-37,11000000000058
2024-01-31;5847,28;5738,61;108,67000000000007;68,13000000000011
2024-02-01;5971,24;5847,28;123,96000000000004;108,67000000000007
2024-02-02;5992,01;5971,24;20,770000000000437;123,96000000000004
2024-02-05;5958,42;5992,01;-33,590000000000146;20,770000000000437
2024-02-06;5993,3;5958,42;34,88000000000011;-33,590000000000146
2024-02-07;5982,38;5993,3;-10,920000000000073;34,88000000000011
2024-02-08;5951,89;5982,38;-30,48999999999978;-10,920000000000073
2024-02-09;5939,24;5951,89;-12,650000000000546;-30,48999999999978
2024-02-12;5980,24;5939,24;41,0;-12,650000000000546
2024-02-13;5892,8;5980,24;-87,4399999999996;41,0
2024-02-14;5985,83;5892,8;93,02999999999975;-87,4399999999996
2024-02-15;5967,71;5985,83;-18,11999999999989;93,02999999999975
2024-02-16;6025,94;5967,71;58,22999999999956;-18,11999999999989
2024-02-19;6109,48;6025,94;83,53999999999996;58,22999999999956
2024-02-20;6148,38;6109,48;38,900000000000546;83,53999999999996
2024-02-21;6127,47;6148,38;-20,909999999999854;38,900000000000546
2024-02-22;6171,8;6127,47;44,32999999999993;-20,909999999999854
2024-02-23;6188,43;6171,8;16,63000000000011;44,32999999999993
2024-02-26;6245,33;6188,43;56,899999999999636;16,63000000000011
2024-02-27;6264,95;6245,33;19,61999999999989;56,899999999999636
2024-02-28;6198,23;6264,95;-66,72000000000025;19,61999999999989
2024-02-29;6239,0;6198,23;40,77000000000044;-66,72000000000025
2024-03-01;6250,7;6239,0;11,699999999999818;40,77000000000044
2024-03-04;6155,07;6250,7;-95,63000000000011;11,699999999999818
2024-03-05;6166,82;6155,07;11,75;-95,63000000000011
2024-03-06;6201,34;6166,82;34,52000000000044;11,75
2024-03-07;6202,68;6201,34;1,3400000000001455;34,52000000000044
2024-03-08;6181,25;6202,68;-21,43000000000029;1,3400000000001455
2024-03-11;6077,82;6181,25;-103,43000000000029;-21,43000000000029
2024-03-12;6153,05;6077,82;75,23000000000047;-103,43000000000029
2024-03-13;6191,54;6153,05;38,48999999999978;75,23000000000047
2024-03-14;6189,95;6191,54;-1,5900000000001455;38,48999999999978
2024-03-15;6166,35;6189,95;-23,599999999999454;-1,5900000000001455
2024-03-18;6101,8;6166,35;-64,55000000000018;-23,599999999999454
2024-03-19;6125,67;6101,8;23,86999999999989;-64,55000000000018
2024-03-20;6077,28;6125,67;-48,39000000000033;23,86999999999989
2024-03-21;6242,53;6077,28;165,25;-48,39000000000033
2024-03-22;6225,26;6242,53;-17,269999999999527;165,25
2024-03-25;6212,44;6225,26;-12,820000000000618;-17,269999999999527
2024-03-26;6246,19;6212,44;33,75;-12,820000000000618
2024-03-27;6275,65;6246,19;29,460000000000036;33,75
2024-03-28;6326,51;6275,65;50,86000000000058;29,460000000000036
2024-04-02;6398,58;6326,51;72,06999999999971;50,86000000000058
2024-04-03;6393,77;6398,58;-4,809999999999491;72,06999999999971
2024-04-04;6453,21;6393,77;59,4399999999996;-4,809999999999491
2024-04-05;6362,74;6453,21;-90,47000000000025;59,4399999999996
2024-04-08;6402,54;6362,74;39,80000000000018;-90,47000000000025
2024-04-09;6312,53;6402,54;-90,01000000000022;39,80000000000018
2024-04-10;6333,03;6312,53;20,5;-90,01000000000022
2024-04-11;6266,24;6333,03;-66,78999999999996;20,5
2024-04-12;6236,19;6266,24;-30,050000000000182;-66,78999999999996
2024-04-15;6284,19;6236,19;48,0;-30,050000000000182
2024-04-16;6079,34;6284,19;-204,84999999999945;48,0
2024-04-17;6140,95;6079,34;61,60999999999967;-204,84999999999945
2024-04-18;6178,52;6140,95;37,57000000000062;61,60999999999967
2024-04-19;6158,39;6178,52;-20,13000000000011;37,57000000000062
2024-04-22;6197,13;6158,39;38,73999999999978;-20,13000000000011
2024-04-23;6243,56;6197,13;46,43000000000029;38,73999999999978
2024-04-24;6220,39;6243,56;-23,170000000000073;46,43000000000029
2024-04-25;6192,78;6220,39;-27,610000000000582;-23,170000000000073
2024-04-26;6221,71;6192,78;28,93000000000029;-27,610000000000582
2024-04-29;6292,04;6221,71;70,32999999999993;28,93000000000029
2024-04-30;6285,32;6292,04;-6,720000000000255;70,32999999999993
2024-05-02;6262,27;6285,32;-23,049999999999272;-6,720000000000255
2024-05-06;6369,03;6262,27;106,75999999999931;-23,049999999999272
2024-05-07;6412,43;6369,03;43,400000000000546;106,75999999999931
2024-05-08;6436,44;6412,43;24,00999999999931;43,400000000000546
2024-05-09;6465,73;6436,44;29,289999999999964;24,00999999999931
2024-05-10;6491,33;6465,73;25,600000000000364;29,289999999999964
2024-05-13;6574,47;6491,33;83,14000000000033;25,600000000000364
2024-05-14;6605,56;6574,47;31,090000000000146;83,14000000000033
2024-05-15;6615,91;6605,56;10,349999999999454;31,090000000000146
2024-05-16;6635,44;6615,91;19,529999999999745;10,349999999999454
2024-05-17;6637,27;6635,44;1,8300000000008367;19,529999999999745
2024-05-20;6701,78;6637,27;64,50999999999931;1,8300000000008367
2024-05-21;6675,93;6701,78;-25,849999999999454;64,50999999999931
2024-05-22;6666,92;6675,93;-9,010000000000218;-25,849999999999454
2024-05-23;6699,58;6666,92;32,659999999999854;-9,010000000000218
2024-05-24;6683,61;6699,58;-15,970000000000255;32,659999999999854
2024-05-27;6670,63;6683,61;-12,979999999999563;-15,970000000000255
2024-05-28;6615,99;6670,63;-54,64000000000033;-12,979999999999563
2024-05-29;6534,71;6615,99;-81,27999999999975;-54,64000000000033
2024-05-31;6551,62;6534,71;16,909999999999854;-81,27999999999975
2024-06-03;6617,15;6551,62;65,52999999999975;16,909999999999854
2024-06-04;6505,49;6617,15;-111,65999999999985;65,52999999999975
2024-06-05;6544,23;6505,49;38,73999999999978;-111,65999999999985
2024-06-06;6556,49;6544,23;12,260000000000218;38,73999999999978
2024-06-07;6538,31;6556,49;-18,17999999999938;12,260000000000218
2024-06-10;6517,61;6538,31;-20,700000000000728;-18,17999999999938
2024-06-11;6408,87;6517,61;-108,73999999999978;-20,700000000000728
2024-06-12;6489,1;6408,87;80,23000000000047;-108,73999999999978
2024-06-13;6379,34;6489,1;-109,76000000000022;80,23000000000047
2024-06-14;6311,56;6379,34;-67,77999999999975;-109,76000000000022
2024-06-17;6410,1;6311,56;98,53999999999996;-67,77999999999975
2024-06-18;6426,69;6410,1;16,589999999999236;98,53999999999996
2024-06-19;6499,47;6426,69;72,78000000000065;16,589999999999236
2024-06-20;6474,01;6499,47;-25,460000000000036;72,78000000000065
2024-06-21;6452,95;6474,01;-21,0600000000004;-25,460000000000036
2024-06-24;6510,87;6452,95;57,92000000000007;-21,0600000000004
2024-06-25;6466,08;6510,87;-44,789999999999964;57,92000000000007
2024-06-26;6439,5;6466,08;-26,579999999999927;-44,789999999999964
2024-06-27;6465,93;6439,5;26,43000000000029;-26,579999999999927
2024-06-28;6517,71;6465,93;51,779999999999745;26,43000000000029
2024-07-01;6500,75;6517,71;-16,960000000000036;51,779999999999745
2024-07-02;6400,75;6500,75;-100,0;-16,960000000000036
2024-07-03;6418,18;6400,75;17,43000000000029;-100,0
2024-07-04;6454,62;6418,18;36,4399999999996;17,43000000000029
2024-07-05;6397,92;6454,62;-56,69999999999982;36,4399999999996
2024-07-08;6433,6;6397,92;35,68000000000029;-56,69999999999982
2024-07-09;6461,38;6433,6;27,779999999999745;35,68000000000029
2024-07-10;6425,12;6461,38;-36,26000000000022;27,779999999999745
2024-07-11;6434,83;6425,12;9,710000000000036;-36,26000000000022
2024-07-12;6462,72;6434,83;27,890000000000327;9,710000000000036
2024-07-15;6415,56;6462,72;-47,159999999999854;27,890000000000327
2024-07-16;6246,51;6415,56;-169,05000000000018;-47,159999999999854
2024-07-17;6243,06;6246,51;-3,449999999999818;-169,05000000000018
2024-07-18;6325,38;6243,06;82,31999999999971;-3,449999999999818
2024-07-19;6292,82;6325,38;-32,5600000000004;82,31999999999971
2024-07-22;6335,95;6292,82;43,13000000000011;-32,5600000000004
2024-07-23;6234,24;6335,95;-101,71000000000004;43,13000000000011
2024-07-24;6207,39;6234,24;-26,849999999999454;-101,71000000000004
2024-07-25;6181,1;6207,39;-26,289999999999964;-26,849999999999454
2024-07-26;6170,84;6181,1;-10,260000000000218;-26,289999999999964
2024-07-29;6198,81;6170,84;27,970000000000255;-10,260000000000218
2024-07-30;6192,99;6198,81;-5,8200000000006185;27,970000000000255
2024-07-31;6269,27;6192,99;76,28000000000065;-5,8200000000006185
2024-08-01;6185,19;6269,27;-84,08000000000084;76,28000000000065
2024-08-02;6076,19;6185,19;-109,0;-84,08000000000084
2024-08-05;5845,94;6076,19;-230,25;-109,0
2024-08-06;5828,03;5845,94;-17,909999999999854;-230,25
2024-08-07;5898,32;5828,03;70,28999999999996;-17,909999999999854
2024-08-08;5923,53;5898,32;25,210000000000036;70,28999999999996
2024-08-09;5924,31;5923,53;0,7800000000006548;25,210000000000036
2024-08-12;6091,37;5924,31;167,0599999999995;0,7800000000006548
2024-08-13;6118,69;6091,37;27,31999999999971;167,0599999999995
2024-08-14;6129,74;6118,69;11,050000000000182;27,31999999999971
2024-08-16;6255,24;6129,74;125,5;11,050000000000182
2024-08-19;6272,41;6255,24;17,170000000000073;125,5
2024-08-20;6199,17;6272,41;-73,23999999999978;17,170000000000073
2024-08-21;6212,32;6199,17;13,149999999999636;-73,23999999999978
2024-08-22;6210,07;6212,32;-2,25;13,149999999999636
2024-08-23;6197,76;6210,07;-12,30999999999949;-2,25
2024-08-26;6191,57;6197,76;-6,190000000000509;-12,30999999999949
2024-08-27;6238,07;6191,57;46,5;-6,190000000000509
2024-08-28;6213,16;6238,07;-24,909999999999854;46,5
2024-08-29;6292,42;6213,16;79,26000000000022;-24,909999999999854
2024-08-30;6344,45;6292,42;52,029999999999745;79,26000000000022
2024-09-02;6425,37;6344,45;80,92000000000007;52,029999999999745
2024-09-03;6333,74;6425,37;-91,63000000000011;80,92000000000007
2024-09-04;6320,23;6333,74;-13,510000000000218;-91,63000000000011
2024-09-05;6219,49;6320,23;-100,73999999999978;-13,510000000000218
2024-09-06;6100,22;6219,49;-119,26999999999953;-100,73999999999978
2024-09-09;6066,79;6100,22;-33,43000000000029;-119,26999999999953
2024-09-10;6020,64;6066,79;-46,149999999999636;-33,43000000000029
2024-09-11;5946,82;6020,64;-73,82000000000062;-46,149999999999636
2024-09-12;6100,4;5946,82;153,57999999999993;-73,82000000000062
2024-09-13;6141,81;6100,4;41,410000000000764;153,57999999999993
2024-09-16;6134,04;6141,81;-7,770000000000437;41,410000000000764
2024-09-17;6186,17;6134,04;52,13000000000011;-7,770000000000437
2024-09-18;6161,43;6186,17;-24,73999999999978;52,13000000000011
2024-09-19;6165,35;6161,43;3,9200000000000728;-24,73999999999978
2024-09-20;6087,34;6165,35;-78,01000000000022;3,9200000000000728
2024-09-23;6082,52;6087,34;-4,819999999999709;-78,01000000000022
2024-09-24;6116,37;6082,52;33,849999999999454;-4,819999999999709
2024-09-25;6204,0;6116,37;87,63000000000011;33,849999999999454
2024-09-26;6237,64;6204,0;33,64000000000033;87,63000000000011
2024-09-27;6266,93;6237,64;29,289999999999964;33,64000000000033
2024-09-30;6201,66;6266,93;-65,27000000000044;29,289999999999964
2024-10-01;6144,54;6201,66;-57,11999999999989;-65,27000000000044
2024-10-02;6119,17;6144,54;-25,36999999999989;-57,11999999999989
2024-10-03;6074,72;6119,17;-44,44999999999982;-25,36999999999989
2024-10-04;6078,26;6074,72;3,5399999999999636;-44,44999999999982
2024-10-07;6089,44;6078,26;11,179999999999382;3,5399999999999636
2024-10-08;6074,04;6089,44;-15,399999999999636;11,179999999999382
2024-10-09;6120,03;6074,04;45,98999999999978;-15,399999999999636
2024-10-10;6131,91;6120,03;11,88000000000011;45,98999999999978
2024-10-11;6184,24;6131,91;52,32999999999993;11,88000000000011
2024-10-14;6173,62;6184,24;-10,61999999999989;52,32999999999993
2024-10-15;6206,0;6173,62;32,38000000000011;-10,61999999999989
2024-10-16;6222,06;6206,0;16,0600000000004;32,38000000000011
2024-10-17;6094,53;6222,06;-127,53000000000065;16,0600000000004
2024-10-18;6156,18;6094,53;61,650000000000546;-127,53000000000065
2024-10-21;6199,49;6156,18;43,30999999999949;61,650000000000546
2024-10-22;6056,92;6199,49;-142,5699999999997;43,30999999999949
2024-10-23;6058,0;6056,92;1,0799999999999272;-142,5699999999997
2024-10-24;6076,44;6058,0;18,4399999999996;1,0799999999999272
2024-10-25;6048,95;6076,44;-27,48999999999978;18,4399999999996
2024-10-28;6026,88;6048,95;-22,06999999999971;-27,48999999999978
2024-10-29;6020,36;6026,88;-6,520000000000437;-22,06999999999971
2024-10-30;5962,88;6020,36;-57,47999999999956;-6,520000000000437
2024-10-31;5966,67;5962,88;3,7899999999999636;-57,47999999999956
2024-11-04;6006,04;5966,67;39,36999999999989;3,7899999999999636
2024-11-05;5946,59;6006,04;-59,44999999999982;39,36999999999989
2024-11-06;5987,42;5946,59;40,82999999999993;-59,44999999999982
2024-11-07;6065,81;5987,42;78,39000000000033;40,82999999999993
2024-11-08;6070,14;6065,81;4,329999999999927;78,39000000000033
2024-11-12;6031,71;6070,14;-38,43000000000029;4,329999999999927
2024-11-13;5989,93;6031,71;-41,779999999999745;-38,43000000000029
2024-11-14;6093,92;5989,93;103,98999999999978;-41,779999999999745
2024-11-15;6054,48;6093,92;-39,44000000000051;103,98999999999978
2024-11-18;6047,62;6054,48;-6,859999999999673;-39,44000000000051
2024-11-19;5930,02;6047,62;-117,59999999999945;-6,859999999999673
2024-11-20;5954,66;5930,02;24,639999999999418;-117,59999999999945
2024-11-21;6043,16;5954,66;88,5;24,639999999999418
2024-11-22;6059,78;6043,16;16,61999999999989;88,5
2024-11-25;6018,02;6059,78;-41,75999999999931;16,61999999999989
2024-11-26;6018,29;6018,02;0,26999999999952706;-41,75999999999931
2024-11-27;6009,02;6018,29;-9,269999999999527;0,26999999999952706
2024-11-28;6007,6;6009,02;-1,4200000000000728;-9,269999999999527
2024-11-29;6065,12;6007,6;57,51999999999953;-1,4200000000000728
2024-12-02;6151,65;6065,12;86,52999999999975;57,51999999999953
2024-12-03;6138,81;6151,65;-12,839999999999236;86,52999999999975
2024-12-04;6168,97;6138,81;30,159999999999854;-12,839999999999236
2024-12-05;6191,09;6168,97;22,11999999999989;30,159999999999854
2024-12-06;6218,82;6191,09;27,729999999999563;22,11999999999989
2024-12-09;6184,77;6218,82;-34,04999999999927;27,729999999999563
2024-12-10;6175,69;6184,77;-9,080000000000837;-34,04999999999927
2024-12-11;6163,53;6175,69;-12,159999999999854;-9,080000000000837
2024-12-12;6130,05;6163,53;-33,47999999999956;-12,159999999999854
2024-12-13;6132,15;6130,05;2,0999999999994543;-33,47999999999956
2024-12-16;6160,04;6132,15;27,890000000000327;2,0999999999994543
2024-12-17;6046,48;6160,04;-113,5600000000004;27,890000000000327
2024-12-18;6076,66;6046,48;30,18000000000029;-113,5600000000004
2024-12-19;6085,66;6076,66;9,0;30,18000000000029
2024-12-20;6054,88;6085,66;-30,779999999999745;9,0
2024-12-23;6087,67;6054,88;32,789999999999964;-30,779999999999745
2024-12-27;6126,16;6087,67;38,48999999999978;32,789999999999964
2024-12-30;6122,32;6126,16;-3,8400000000001455;38,48999999999978
2025-01-02;6234,95;6122,32;112,63000000000011;-3,8400000000001455
2025-01-03;6310,39;6234,95;75,44000000000051;112,63000000000011
2025-01-07;6385,46;6310,39;75,06999999999971;75,44000000000051
2025-01-08;6326,09;6385,46;-59,36999999999989;75,06999999999971
2025-01-09;6369,46;6326,09;43,36999999999989;-59,36999999999989
2025-01-10;6413,14;6369,46;43,68000000000029;43,36999999999989
2025-01-13;6308,22;6413,14;-104,92000000000007;43,68000000000029
2025-01-14;6327,52;6308,22;19,300000000000182;-104,92000000000007
2025-01-15;6394,94;6327,52;67,41999999999916;19,300000000000182
2025-01-16;6383,13;6394,94;-11,80999999999949;67,41999999999916
2025-01-17;6461,6;6383,13;78,47000000000025;-11,80999999999949
2025-01-20;6501,26;6461,6;39,659999999999854;78,47000000000025
2025-01-21;6489,33;6501,26;-11,930000000000291;39,659999999999854
2025-01-22;6539,11;6489,33;49,779999999999745;-11,930000000000291
2025-01-23;6511,77;6539,11;-27,339999999999236;49,779999999999745
2025-01-24;6564,61;6511,77;52,839999999999236;-27,339999999999236
2025-01-27;6498,59;6564,61;-66,01999999999953;52,839999999999236
2025-01-28;6516,51;6498,59;17,920000000000073;-66,01999999999953
2025-01-29;6516,54;6516,51;0,02999999999974534;17,920000000000073
2025-01-30;6632,2;6516,54;115,65999999999985;0,02999999999974534
2025-01-31;6609,99;6632,2;-22,210000000000036;115,65999999999985
2025-02-03;6515,85;6609,99;-94,13999999999942;-22,210000000000036
2025-02-04;6573,6;6515,85;57,75;-94,13999999999942
2025-02-05;6514,36;6573,6;-59,24000000000069;57,75
2025-02-06;6693,33;6514,36;178,97000000000025;-59,24000000000069
2025-02-07;6706,39;6693,33;13,0600000000004;178,97000000000025
2025-02-10;6775,66;6706,39;69,26999999999953;13,0600000000004
2025-02-11;6896,71;6775,66;121,05000000000018;69,26999999999953
2025-02-12;6886,01;6896,71;-10,699999999999818;121,05000000000018
2025-02-13;6854,46;6886,01;-31,550000000000182;-10,699999999999818
2025-02-14;6821,35;6854,46;-33,10999999999967;-31,550000000000182
2025-02-17;6855,25;6821,35;33,899999999999636;-33,10999999999967
2025-02-18;6966,88;6855,25;111,63000000000011;33,899999999999636
2025-02-19;6902,68;6966,88;-64,19999999999982;111,63000000000011
2025-02-20;6892,61;6902,68;-10,070000000000618;-64,19999999999982
2025-02-21;6886,5;6892,61;-6,109999999999673;-10,070000000000618
2025-02-24;6790,78;6886,5;-95,72000000000025;-6,109999999999673
2025-02-25;6801,92;6790,78;11,140000000000327;-95,72000000000025
2025-02-26;6895,56;6801,92;93,64000000000033;11,140000000000327
2025-02-27;6858,99;6895,56;-36,57000000000062;93,64000000000033
2025-02-28;6820,93;6858,99;-38,05999999999949;-36,57000000000062
2025-03-03;6812,94;6820,93;-7,990000000000691;-38,05999999999949
2025-03-04;6612,56;6812,94;-200,3799999999992;-7,990000000000691
2025-03-05;6740,05;6612,56;127,48999999999978;-200,3799999999992
2025-03-06;6799,64;6740,05;59,590000000000146;127,48999999999978
2025-03-07;6828,74;6799,64;29,099999999999454;59,590000000000146
2025-03-10;6800,61;6828,74;-28,13000000000011;29,099999999999454
2025-03-11;6777,75;6800,61;-22,859999999999673;-28,13000000000011
2025-03-12;6885,22;6777,75;107,47000000000025;-22,859999999999673
2025-03-13;6916,99;6885,22;31,769999999999527;107,47000000000025
2025-03-14;7025,87;6916,99;108,88000000000011;31,769999999999527
2025-03-17;7142,83;7025,87;116,96000000000004;108,88000000000011
2025-03-18;7194,81;7142,83;51,98000000000047;116,96000000000004
2025-03-19;7223,21;7194,81;28,399999999999636;51,98000000000047
2025-03-20;7177,31;7223,21;-45,899999999999636;28,399999999999636
2025-03-21;7170,31;7177,31;-7,0;-45,899999999999636
2025-03-24;7260,91;7170,31;90,59999999999945;-7,0
2025-03-25;7379,34;7260,91;118,43000000000029;90,59999999999945
2025-03-26;7344,82;7379,34;-34,52000000000044;118,43000000000029
2025-03-27;7314,42;7344,82;-30,399999999999636;-34,52000000000044
2025-03-28;7288,69;7314,42;-25,730000000000473;-30,399999999999636
2025-03-31;7184,44;7288,69;-104,25;-25,730000000000473
2025-04-01;7286,24;7184,44;101,80000000000018;-104,25
2025-04-02;7320,93;7286,24;34,69000000000051;101,80000000000018
2025-04-03;7154,04;7320,93;-166,89000000000033;34,69000000000051
2025-04-04;6793,8;7154,04;-360,2399999999998;-166,89000000000033
2025-04-07;6706,6;6793,8;-87,19999999999982;-360,2399999999998
2025-04-08;6917,66;6706,6;211,0599999999995;-87,19999999999982
2025-04-09;6772,42;6917,66;-145,23999999999978;211,0599999999995
2025-04-10;6930,22;6772,42;157,80000000000018;-145,23999999999978
2025-04-11;6951,05;6930,22;20,829999999999927;157,80000000000018
2025-04-14;7129,95;6951,05;178,89999999999964;20,829999999999927
2025-04-15;7160,91;7129,95;30,960000000000036;178,89999999999964
